"geo","name","year","life_expectancy"
"afg","Afghanistan",2000,54.63
"afg","Afghanistan",2001,54.76
"afg","Afghanistan",2002,55.65
"afg","Afghanistan",2003,56.36
"afg","Afghanistan",2004,56.92
"afg","Afghanistan",2005,57.35
"afg","Afghanistan",2006,57.63
"afg","Afghanistan",2007,58.02
"afg","Afghanistan",2008,58.75
"afg","Afghanistan",2009,59.32
"afg","Afghanistan",2010,59.85
"afg","Afghanistan",2011,60.39
"afg","Afghanistan",2012,60.76
"afg","Afghanistan",2013,61.25
"afg","Afghanistan",2014,61.21
"afg","Afghanistan",2015,61.16
"afg","Afghanistan",2016,61.22
"afg","Afghanistan",2017,63.38
"afg","Afghanistan",2018,63.74
"afg","Afghanistan",2019,64.08
"afg","Afghanistan",2020,64.41
"alb","Albania",2000,74.9
"alb","Albania",2001,75.21
"alb","Albania",2002,75.32
"alb","Albania",2003,75.41
"alb","Albania",2004,75.6
"alb","Albania",2005,76
"alb","Albania",2006,76.36
"alb","Albania",2007,76.91
"alb","Albania",2008,77.03
"alb","Albania",2009,77.45
"alb","Albania",2010,77.64
"alb","Albania",2011,77.73
"alb","Albania",2012,77.83
"alb","Albania",2013,77.91
"alb","Albania",2014,77.92
"alb","Albania",2015,78.02
"alb","Albania",2016,78.12
"alb","Albania",2017,78.23
"alb","Albania",2018,78.35
"alb","Albania",2019,78.47
"alb","Albania",2020,78.58
"dza","Algeria",2000,73.96
"dza","Algeria",2001,74.22
"dza","Algeria",2002,74.51
"dza","Algeria",2003,74.56
"dza","Algeria",2004,75.04
"dza","Algeria",2005,75.29
"dza","Algeria",2006,75.49
"dza","Algeria",2007,75.65
"dza","Algeria",2008,75.89
"dza","Algeria",2009,76.09
"dza","Algeria",2010,76.33
"dza","Algeria",2011,76.52
"dza","Algeria",2012,76.77
"dza","Algeria",2013,76.88
"dza","Algeria",2014,76.95
"dza","Algeria",2015,77.12
"dza","Algeria",2016,77.4
"dza","Algeria",2017,77.74
"dza","Algeria",2018,77.93
"dza","Algeria",2019,78.12
"dza","Algeria",2020,78.31
"and","Andorra",2000,81.15
"and","Andorra",2001,81.36
"and","Andorra",2002,81.56
"and","Andorra",2003,81.67
"and","Andorra",2004,81.7
"and","Andorra",2005,81.82
"and","Andorra",2006,81.98
"and","Andorra",2007,82.1
"and","Andorra",2008,82.18
"and","Andorra",2009,82.22
"and","Andorra",2010,82.29
"and","Andorra",2011,82.37
"and","Andorra",2012,82.41
"and","Andorra",2013,82.46
"and","Andorra",2014,82.52
"and","Andorra",2015,82.62
"and","Andorra",2016,82.66
"and","Andorra",2017,82.7
"ago","Angola",2000,51.66
"ago","Angola",2001,52.41
"ago","Angola",2002,53.52
"ago","Angola",2003,54.22
"ago","Angola",2004,54.77
"ago","Angola",2005,55.72
"ago","Angola",2006,56.37
"ago","Angola",2007,57.51
"ago","Angola",2008,58.39
"ago","Angola",2009,59.15
"ago","Angola",2010,59.94
"ago","Angola",2011,60.63
"ago","Angola",2012,61.26
"ago","Angola",2013,61.91
"ago","Angola",2014,62.75
"ago","Angola",2015,63.29
"ago","Angola",2016,63.76
"ago","Angola",2017,64.19
"ago","Angola",2018,64.61
"ago","Angola",2019,65
"ago","Angola",2020,65.36
"atg","Antigua and Barbuda",2000,74.72
"atg","Antigua and Barbuda",2001,74.94
"atg","Antigua and Barbuda",2002,75.18
"atg","Antigua and Barbuda",2003,75.43
"atg","Antigua and Barbuda",2004,75.61
"atg","Antigua and Barbuda",2005,75.85
"atg","Antigua and Barbuda",2006,76.01
"atg","Antigua and Barbuda",2007,76.28
"atg","Antigua and Barbuda",2008,76.43
"atg","Antigua and Barbuda",2009,76.59
"atg","Antigua and Barbuda",2010,76.61
"atg","Antigua and Barbuda",2011,76.66
"atg","Antigua and Barbuda",2012,76.74
"atg","Antigua and Barbuda",2013,76.82
"atg","Antigua and Barbuda",2014,76.77
"atg","Antigua and Barbuda",2015,76.87
"atg","Antigua and Barbuda",2016,76.97
"atg","Antigua and Barbuda",2017,77.02
"atg","Antigua and Barbuda",2018,77.15
"atg","Antigua and Barbuda",2019,77.28
"atg","Antigua and Barbuda",2020,77.41
"arg","Argentina",2000,74.18
"arg","Argentina",2001,74.29
"arg","Argentina",2002,74.21
"arg","Argentina",2003,74.32
"arg","Argentina",2004,74.91
"arg","Argentina",2005,75.26
"arg","Argentina",2006,75.36
"arg","Argentina",2007,75.11
"arg","Argentina",2008,75.52
"arg","Argentina",2009,75.62
"arg","Argentina",2010,75.82
"arg","Argentina",2011,75.9
"arg","Argentina",2012,76.01
"arg","Argentina",2013,76.1
"arg","Argentina",2014,76.37
"arg","Argentina",2015,76.53
"arg","Argentina",2016,76.54
"arg","Argentina",2017,76.66
"arg","Argentina",2018,76.81
"arg","Argentina",2019,76.96
"arg","Argentina",2020,77.1
"arm","Armenia",2000,72.35
"arm","Armenia",2001,72.61
"arm","Armenia",2002,72.74
"arm","Armenia",2003,72.92
"arm","Armenia",2004,73.19
"arm","Armenia",2005,73.36
"arm","Armenia",2006,73.56
"arm","Armenia",2007,73.89
"arm","Armenia",2008,73.85
"arm","Armenia",2009,73.9
"arm","Armenia",2010,74.05
"arm","Armenia",2011,74.35
"arm","Armenia",2012,74.74
"arm","Armenia",2013,75.15
"arm","Armenia",2014,75.31
"arm","Armenia",2015,75.32
"arm","Armenia",2016,75.37
"arm","Armenia",2017,75.61
"arm","Armenia",2018,75.76
"arm","Armenia",2019,75.9
"arm","Armenia",2020,76.04
"aus","Australia",2000,79.55
"aus","Australia",2001,79.95
"aus","Australia",2002,80.15
"aus","Australia",2003,80.49
"aus","Australia",2004,80.81
"aus","Australia",2005,81.15
"aus","Australia",2006,81.4
"aus","Australia",2007,81.4
"aus","Australia",2008,81.52
"aus","Australia",2009,81.69
"aus","Australia",2010,81.96
"aus","Australia",2011,82.13
"aus","Australia",2012,82.48
"aus","Australia",2013,82.62
"aus","Australia",2014,82.54
"aus","Australia",2015,82.48
"aus","Australia",2016,82.5
"aus","Australia",2017,82.39
"aus","Australia",2018,82.55
"aus","Australia",2019,82.7
"aus","Australia",2020,82.85
"aut","Austria",2000,78.29
"aut","Austria",2001,78.73
"aut","Austria",2002,78.92
"aut","Austria",2003,79.03
"aut","Austria",2004,79.41
"aut","Austria",2005,79.64
"aut","Austria",2006,80.1
"aut","Austria",2007,80.22
"aut","Austria",2008,80.44
"aut","Austria",2009,80.35
"aut","Austria",2010,80.58
"aut","Austria",2011,80.79
"aut","Austria",2012,81.02
"aut","Austria",2013,81.21
"aut","Austria",2014,81.39
"aut","Austria",2015,81.48
"aut","Austria",2016,81.69
"aut","Austria",2017,81.77
"aut","Austria",2018,81.87
"aut","Austria",2019,81.98
"aut","Austria",2020,82.11
"aze","Azerbaijan",2000,66.8
"aze","Azerbaijan",2001,67.23
"aze","Azerbaijan",2002,67.28
"aze","Azerbaijan",2003,67.23
"aze","Azerbaijan",2004,67.4
"aze","Azerbaijan",2005,67.54
"aze","Azerbaijan",2006,67.95
"aze","Azerbaijan",2007,68.53
"aze","Azerbaijan",2008,68.81
"aze","Azerbaijan",2009,69.1
"aze","Azerbaijan",2010,69.3
"aze","Azerbaijan",2011,69.53
"aze","Azerbaijan",2012,69.79
"aze","Azerbaijan",2013,70.06
"aze","Azerbaijan",2014,70.29
"aze","Azerbaijan",2015,70.49
"aze","Azerbaijan",2016,70.62
"aze","Azerbaijan",2017,70.76
"aze","Azerbaijan",2018,70.93
"aze","Azerbaijan",2019,71.07
"aze","Azerbaijan",2020,71.18
"bhs","Bahamas",2000,71.46
"bhs","Bahamas",2001,71.64
"bhs","Bahamas",2002,72.4
"bhs","Bahamas",2003,72.92
"bhs","Bahamas",2004,72.87
"bhs","Bahamas",2005,73.36
"bhs","Bahamas",2006,73.01
"bhs","Bahamas",2007,73.51
"bhs","Bahamas",2008,73.51
"bhs","Bahamas",2009,73.35
"bhs","Bahamas",2010,73.42
"bhs","Bahamas",2011,73.39
"bhs","Bahamas",2012,73.43
"bhs","Bahamas",2013,73.47
"bhs","Bahamas",2014,73.51
"bhs","Bahamas",2015,73.31
"bhs","Bahamas",2016,73.64
"bhs","Bahamas",2017,73.73
"bhs","Bahamas",2018,73.93
"bhs","Bahamas",2019,74.1
"bhs","Bahamas",2020,74.23
"bhr","Bahrain",2000,72.59
"bhr","Bahrain",2001,73.7
"bhr","Bahrain",2002,74.15
"bhr","Bahrain",2003,74.18
"bhr","Bahrain",2004,74.43
"bhr","Bahrain",2005,75.1
"bhr","Bahrain",2006,75.72
"bhr","Bahrain",2007,76.46
"bhr","Bahrain",2008,77.11
"bhr","Bahrain",2009,77.8
"bhr","Bahrain",2010,78.23
"bhr","Bahrain",2011,78.45
"bhr","Bahrain",2012,78.67
"bhr","Bahrain",2013,78.92
"bhr","Bahrain",2014,79.16
"bhr","Bahrain",2015,79.28
"bhr","Bahrain",2016,79.42
"bhr","Bahrain",2017,79.49
"bhr","Bahrain",2018,79.63
"bhr","Bahrain",2019,79.76
"bhr","Bahrain",2020,79.89
"bgd","Bangladesh",2000,65.55
"bgd","Bangladesh",2001,66.08
"bgd","Bangladesh",2002,66.51
"bgd","Bangladesh",2003,66.84
"bgd","Bangladesh",2004,67.25
"bgd","Bangladesh",2005,67.57
"bgd","Bangladesh",2006,67.94
"bgd","Bangladesh",2007,68.07
"bgd","Bangladesh",2008,68.5
"bgd","Bangladesh",2009,69.11
"bgd","Bangladesh",2010,69.52
"bgd","Bangladesh",2011,70.31
"bgd","Bangladesh",2012,71.08
"bgd","Bangladesh",2013,71.68
"bgd","Bangladesh",2014,72.02
"bgd","Bangladesh",2015,72.51
"bgd","Bangladesh",2016,72.89
"bgd","Bangladesh",2017,73.12
"bgd","Bangladesh",2018,73.39
"bgd","Bangladesh",2019,73.66
"bgd","Bangladesh",2020,73.94
"brb","Barbados",2000,74.78
"brb","Barbados",2001,75.25
"brb","Barbados",2002,75.26
"brb","Barbados",2003,75.39
"brb","Barbados",2004,75.45
"brb","Barbados",2005,75.53
"brb","Barbados",2006,75.82
"brb","Barbados",2007,76.13
"brb","Barbados",2008,76.34
"brb","Barbados",2009,76.66
"brb","Barbados",2010,76.74
"brb","Barbados",2011,76.81
"brb","Barbados",2012,77.07
"brb","Barbados",2013,77.12
"brb","Barbados",2014,77.07
"brb","Barbados",2015,77.08
"brb","Barbados",2016,77.11
"brb","Barbados",2017,77.13
"brb","Barbados",2018,77.22
"brb","Barbados",2019,77.33
"brb","Barbados",2020,77.45
"blr","Belarus",2000,68.82
"blr","Belarus",2001,68.35
"blr","Belarus",2002,67.82
"blr","Belarus",2003,68.37
"blr","Belarus",2004,68.77
"blr","Belarus",2005,68.64
"blr","Belarus",2006,69.29
"blr","Belarus",2007,70.15
"blr","Belarus",2008,70.32
"blr","Belarus",2009,70.41
"blr","Belarus",2010,70.4
"blr","Belarus",2011,70.42
"blr","Belarus",2012,72.16
"blr","Belarus",2013,72.6
"blr","Belarus",2014,73.09
"blr","Belarus",2015,73.77
"blr","Belarus",2016,74.01
"blr","Belarus",2017,74.03
"blr","Belarus",2018,74.27
"blr","Belarus",2019,74.47
"blr","Belarus",2020,74.63
"bel","Belgium",2000,77.84
"bel","Belgium",2001,78.11
"bel","Belgium",2002,78.27
"bel","Belgium",2003,78.53
"bel","Belgium",2004,78.97
"bel","Belgium",2005,79.17
"bel","Belgium",2006,79.58
"bel","Belgium",2007,79.58
"bel","Belgium",2008,79.64
"bel","Belgium",2009,79.83
"bel","Belgium",2010,80.07
"bel","Belgium",2011,80.18
"bel","Belgium",2012,80.26
"bel","Belgium",2013,80.48
"bel","Belgium",2014,80.93
"bel","Belgium",2015,80.94
"bel","Belgium",2016,81.24
"bel","Belgium",2017,81.38
"bel","Belgium",2018,81.54
"bel","Belgium",2019,81.7
"bel","Belgium",2020,81.86
"blz","Belize",2000,70.3
"blz","Belize",2001,70.94
"blz","Belize",2002,71.25
"blz","Belize",2003,71.46
"blz","Belize",2004,71.83
"blz","Belize",2005,72.26
"blz","Belize",2006,72.63
"blz","Belize",2007,73.17
"blz","Belize",2008,73.48
"blz","Belize",2009,73.54
"blz","Belize",2010,73.59
"blz","Belize",2011,73.79
"blz","Belize",2012,74.02
"blz","Belize",2013,74.11
"blz","Belize",2014,74.09
"blz","Belize",2015,74
"blz","Belize",2016,74.07
"blz","Belize",2017,74.16
"blz","Belize",2018,74.29
"blz","Belize",2019,74.42
"blz","Belize",2020,74.55
"ben","Benin",2000,57.55
"ben","Benin",2001,57.7
"ben","Benin",2002,58.11
"ben","Benin",2003,58.42
"ben","Benin",2004,58.83
"ben","Benin",2005,59.24
"ben","Benin",2006,59.6
"ben","Benin",2007,59.98
"ben","Benin",2008,60.48
"ben","Benin",2009,60.97
"ben","Benin",2010,61.43
"ben","Benin",2011,61.83
"ben","Benin",2012,62.17
"ben","Benin",2013,62.57
"ben","Benin",2014,63.03
"ben","Benin",2015,63.54
"ben","Benin",2016,64.07
"ben","Benin",2017,64.63
"ben","Benin",2018,64.94
"ben","Benin",2019,65.26
"ben","Benin",2020,65.58
"btn","Bhutan",2000,65.66
"btn","Bhutan",2001,67.12
"btn","Bhutan",2002,67.75
"btn","Bhutan",2003,68.28
"btn","Bhutan",2004,68.81
"btn","Bhutan",2005,69.29
"btn","Bhutan",2006,69.78
"btn","Bhutan",2007,70.29
"btn","Bhutan",2008,70.75
"btn","Bhutan",2009,71.09
"btn","Bhutan",2010,71.63
"btn","Bhutan",2011,72.06
"btn","Bhutan",2012,72.46
"btn","Bhutan",2013,72.81
"btn","Bhutan",2014,73.14
"btn","Bhutan",2015,73.46
"btn","Bhutan",2016,73.76
"btn","Bhutan",2017,74.05
"btn","Bhutan",2018,74.4
"btn","Bhutan",2019,74.73
"btn","Bhutan",2020,75.04
"bol","Bolivia",2000,66.51
"bol","Bolivia",2001,67.16
"bol","Bolivia",2002,67.57
"bol","Bolivia",2003,68.07
"bol","Bolivia",2004,68.54
"bol","Bolivia",2005,68.95
"bol","Bolivia",2006,69.36
"bol","Bolivia",2007,69.68
"bol","Bolivia",2008,70.07
"bol","Bolivia",2009,70.46
"bol","Bolivia",2010,70.78
"bol","Bolivia",2011,71.08
"bol","Bolivia",2012,71.41
"bol","Bolivia",2013,71.67
"bol","Bolivia",2014,71.94
"bol","Bolivia",2015,72.24
"bol","Bolivia",2016,72.5
"bol","Bolivia",2017,72.75
"bol","Bolivia",2018,73.06
"bol","Bolivia",2019,73.34
"bol","Bolivia",2020,73.6
"bih","Bosnia and Herzegovina",2000,75.3
"bih","Bosnia and Herzegovina",2001,75.51
"bih","Bosnia and Herzegovina",2002,75.55
"bih","Bosnia and Herzegovina",2003,75.95
"bih","Bosnia and Herzegovina",2004,76.16
"bih","Bosnia and Herzegovina",2005,75.88
"bih","Bosnia and Herzegovina",2006,75.95
"bih","Bosnia and Herzegovina",2007,75.65
"bih","Bosnia and Herzegovina",2008,76.06
"bih","Bosnia and Herzegovina",2009,76.12
"bih","Bosnia and Herzegovina",2010,76.27
"bih","Bosnia and Herzegovina",2011,76.41
"bih","Bosnia and Herzegovina",2012,76.58
"bih","Bosnia and Herzegovina",2013,76.54
"bih","Bosnia and Herzegovina",2014,76.58
"bih","Bosnia and Herzegovina",2015,76.44
"bih","Bosnia and Herzegovina",2016,76.55
"bih","Bosnia and Herzegovina",2017,76.72
"bih","Bosnia and Herzegovina",2018,76.86
"bih","Bosnia and Herzegovina",2019,77
"bih","Bosnia and Herzegovina",2020,77.14
"bwa","Botswana",2000,53.96
"bwa","Botswana",2001,52.8
"bwa","Botswana",2002,51.91
"bwa","Botswana",2003,51.38
"bwa","Botswana",2004,51.58
"bwa","Botswana",2005,52.67
"bwa","Botswana",2006,54.2
"bwa","Botswana",2007,55.77
"bwa","Botswana",2008,57.03
"bwa","Botswana",2009,58.38
"bwa","Botswana",2010,60.16
"bwa","Botswana",2011,61.59
"bwa","Botswana",2012,63.16
"bwa","Botswana",2013,64.55
"bwa","Botswana",2014,65.8
"bwa","Botswana",2015,66.87
"bwa","Botswana",2016,68.08
"bwa","Botswana",2017,69.07
"bwa","Botswana",2018,69.53
"bwa","Botswana",2019,69.85
"bwa","Botswana",2020,70.05
"bra","Brazil",2000,71.39
"bra","Brazil",2001,71.75
"bra","Brazil",2002,72.06
"bra","Brazil",2003,72.29
"bra","Brazil",2004,72.62
"bra","Brazil",2005,73.14
"bra","Brazil",2006,73.46
"bra","Brazil",2007,73.74
"bra","Brazil",2008,74
"bra","Brazil",2009,74.19
"bra","Brazil",2010,74.38
"bra","Brazil",2011,74.54
"bra","Brazil",2012,74.86
"bra","Brazil",2013,75.06
"bra","Brazil",2014,75.32
"bra","Brazil",2015,75.48
"bra","Brazil",2016,75.44
"bra","Brazil",2017,75.51
"bra","Brazil",2018,75.73
"bra","Brazil",2019,75.93
"bra","Brazil",2020,76.14
"brn","Brunei",2000,73.81
"brn","Brunei",2001,74.03
"brn","Brunei",2002,74.21
"brn","Brunei",2003,74.36
"brn","Brunei",2004,74.52
"brn","Brunei",2005,74.68
"brn","Brunei",2006,74.82
"brn","Brunei",2007,74.9
"brn","Brunei",2008,75.01
"brn","Brunei",2009,75.04
"brn","Brunei",2010,75.09
"brn","Brunei",2011,74.97
"brn","Brunei",2012,74.95
"brn","Brunei",2013,75
"brn","Brunei",2014,75.09
"brn","Brunei",2015,75.09
"brn","Brunei",2016,75.23
"brn","Brunei",2017,75.35
"brn","Brunei",2018,75.49
"brn","Brunei",2019,75.63
"brn","Brunei",2020,75.76
"bgr","Bulgaria",2000,71.61
"bgr","Bulgaria",2001,71.9
"bgr","Bulgaria",2002,72.17
"bgr","Bulgaria",2003,72.42
"bgr","Bulgaria",2004,72.54
"bgr","Bulgaria",2005,72.6
"bgr","Bulgaria",2006,72.68
"bgr","Bulgaria",2007,73.03
"bgr","Bulgaria",2008,73.35
"bgr","Bulgaria",2009,73.6
"bgr","Bulgaria",2010,73.82
"bgr","Bulgaria",2011,74.11
"bgr","Bulgaria",2012,74.48
"bgr","Bulgaria",2013,74.76
"bgr","Bulgaria",2014,74.47
"bgr","Bulgaria",2015,74.79
"bgr","Bulgaria",2016,74.86
"bgr","Bulgaria",2017,74.88
"bgr","Bulgaria",2018,75
"bgr","Bulgaria",2019,75.11
"bgr","Bulgaria",2020,75.24
"bfa","Burkina Faso",2000,52.36
"bfa","Burkina Faso",2001,52.81
"bfa","Burkina Faso",2002,53.36
"bfa","Burkina Faso",2003,54.01
"bfa","Burkina Faso",2004,54.62
"bfa","Burkina Faso",2005,55.34
"bfa","Burkina Faso",2006,55.92
"bfa","Burkina Faso",2007,56.53
"bfa","Burkina Faso",2008,57.19
"bfa","Burkina Faso",2009,57.79
"bfa","Burkina Faso",2010,58.26
"bfa","Burkina Faso",2011,58.77
"bfa","Burkina Faso",2012,59.2
"bfa","Burkina Faso",2013,59.68
"bfa","Burkina Faso",2014,60.19
"bfa","Burkina Faso",2015,60.7
"bfa","Burkina Faso",2016,61.18
"bfa","Burkina Faso",2017,61.68
"bfa","Burkina Faso",2018,62.09
"bfa","Burkina Faso",2019,62.5
"bfa","Burkina Faso",2020,62.91
"bdi","Burundi",2000,44.86
"bdi","Burundi",2001,45.7
"bdi","Burundi",2002,46.63
"bdi","Burundi",2003,47.52
"bdi","Burundi",2004,48.67
"bdi","Burundi",2005,49.72
"bdi","Burundi",2006,53.8
"bdi","Burundi",2007,54.94
"bdi","Burundi",2008,55.95
"bdi","Burundi",2009,56.94
"bdi","Burundi",2010,57.76
"bdi","Burundi",2011,58.58
"bdi","Burundi",2012,59.31
"bdi","Burundi",2013,59.94
"bdi","Burundi",2014,60.47
"bdi","Burundi",2015,60.75
"bdi","Burundi",2016,61.2
"bdi","Burundi",2017,61.55
"bdi","Burundi",2018,61.9
"bdi","Burundi",2019,62.25
"bdi","Burundi",2020,62.58
"khm","Cambodia",2000,60.16
"khm","Cambodia",2001,60.8
"khm","Cambodia",2002,61.45
"khm","Cambodia",2003,62.15
"khm","Cambodia",2004,62.87
"khm","Cambodia",2005,63.68
"khm","Cambodia",2006,64.5
"khm","Cambodia",2007,65.26
"khm","Cambodia",2008,65.98
"khm","Cambodia",2009,66.56
"khm","Cambodia",2010,67.07
"khm","Cambodia",2011,67.63
"khm","Cambodia",2012,68.15
"khm","Cambodia",2013,68.56
"khm","Cambodia",2014,68.95
"khm","Cambodia",2015,69.27
"khm","Cambodia",2016,69.58
"khm","Cambodia",2017,69.88
"khm","Cambodia",2018,70.16
"khm","Cambodia",2019,70.42
"khm","Cambodia",2020,70.65
"cmr","Cameroon",2000,54.83
"cmr","Cameroon",2001,54.69
"cmr","Cameroon",2002,54.61
"cmr","Cameroon",2003,54.57
"cmr","Cameroon",2004,54.65
"cmr","Cameroon",2005,54.87
"cmr","Cameroon",2006,55.26
"cmr","Cameroon",2007,55.71
"cmr","Cameroon",2008,56.29
"cmr","Cameroon",2009,56.94
"cmr","Cameroon",2010,57.66
"cmr","Cameroon",2011,58.35
"cmr","Cameroon",2012,59.18
"cmr","Cameroon",2013,59.88
"cmr","Cameroon",2014,60.47
"cmr","Cameroon",2015,61.19
"cmr","Cameroon",2016,62.08
"cmr","Cameroon",2017,62.98
"cmr","Cameroon",2018,63.42
"cmr","Cameroon",2019,63.82
"cmr","Cameroon",2020,64.18
"can","Canada",2000,79.23
"can","Canada",2001,79.47
"can","Canada",2002,79.63
"can","Canada",2003,79.79
"can","Canada",2004,80.08
"can","Canada",2005,80.22
"can","Canada",2006,80.58
"can","Canada",2007,80.66
"can","Canada",2008,80.81
"can","Canada",2009,81.1
"can","Canada",2010,81.41
"can","Canada",2011,81.7
"can","Canada",2012,81.7
"can","Canada",2013,81.9
"can","Canada",2014,81.77
"can","Canada",2015,81.71
"can","Canada",2016,81.87
"can","Canada",2017,81.96
"can","Canada",2018,82.06
"can","Canada",2019,82.18
"can","Canada",2020,82.32
"cpv","Cape Verde",2000,71.22
"cpv","Cape Verde",2001,71.46
"cpv","Cape Verde",2002,71.65
"cpv","Cape Verde",2003,71.95
"cpv","Cape Verde",2004,72.25
"cpv","Cape Verde",2005,72.55
"cpv","Cape Verde",2006,72.89
"cpv","Cape Verde",2007,73.01
"cpv","Cape Verde",2008,73.7
"cpv","Cape Verde",2009,73.97
"cpv","Cape Verde",2010,74.25
"cpv","Cape Verde",2011,74.54
"cpv","Cape Verde",2012,74.69
"cpv","Cape Verde",2013,74.95
"cpv","Cape Verde",2014,75.21
"cpv","Cape Verde",2015,75.31
"cpv","Cape Verde",2016,75.53
"cpv","Cape Verde",2017,75.77
"cpv","Cape Verde",2018,75.99
"cpv","Cape Verde",2019,76.2
"cpv","Cape Verde",2020,76.39
"caf","Central African Republic",2000,44.27
"caf","Central African Republic",2001,44.26
"caf","Central African Republic",2002,44.39
"caf","Central African Republic",2003,44.66
"caf","Central African Republic",2004,44.88
"caf","Central African Republic",2005,45.22
"caf","Central African Republic",2006,45.57
"caf","Central African Republic",2007,46.01
"caf","Central African Republic",2008,46.71
"caf","Central African Republic",2009,47.36
"caf","Central African Republic",2010,48.04
"caf","Central African Republic",2011,48.84
"caf","Central African Republic",2012,49.63
"caf","Central African Republic",2013,48.51
"caf","Central African Republic",2014,48.7
"caf","Central African Republic",2015,50.93
"caf","Central African Republic",2016,51.68
"caf","Central African Republic",2017,51.87
"caf","Central African Republic",2018,52.44
"caf","Central African Republic",2019,52.91
"caf","Central African Republic",2020,53.3
"tcd","Chad",2000,52.08
"tcd","Chad",2001,52.33
"tcd","Chad",2002,52.48
"tcd","Chad",2003,52.62
"tcd","Chad",2004,53.01
"tcd","Chad",2005,53.65
"tcd","Chad",2006,53.74
"tcd","Chad",2007,54.64
"tcd","Chad",2008,55.06
"tcd","Chad",2009,55.77
"tcd","Chad",2010,56.43
"tcd","Chad",2011,56.92
"tcd","Chad",2012,57.52
"tcd","Chad",2013,58.11
"tcd","Chad",2014,58.71
"tcd","Chad",2015,59.23
"tcd","Chad",2016,59.73
"tcd","Chad",2017,60.03
"tcd","Chad",2018,60.33
"tcd","Chad",2019,60.62
"tcd","Chad",2020,60.92
"chl","Chile",2000,76.91
"chl","Chile",2001,76.8
"chl","Chile",2002,77.33
"chl","Chile",2003,77.35
"chl","Chile",2004,77.51
"chl","Chile",2005,77.91
"chl","Chile",2006,78.22
"chl","Chile",2007,78.37
"chl","Chile",2008,78.8
"chl","Chile",2009,78.58
"chl","Chile",2010,78.62
"chl","Chile",2011,79.04
"chl","Chile",2012,79.25
"chl","Chile",2013,79.34
"chl","Chile",2014,79.57
"chl","Chile",2015,79.63
"chl","Chile",2016,79.74
"chl","Chile",2017,79.7
"chl","Chile",2018,79.84
"chl","Chile",2019,79.97
"chl","Chile",2020,80.12
"chn","China",2000,72.07
"chn","China",2001,72.58
"chn","China",2002,73
"chn","China",2003,73.38
"chn","China",2004,73.67
"chn","China",2005,74.2
"chn","China",2006,74.91
"chn","China",2007,75.38
"chn","China",2008,75.38
"chn","China",2009,75.65
"chn","China",2010,75.78
"chn","China",2011,75.98
"chn","China",2012,76.18
"chn","China",2013,76.47
"chn","China",2014,76.48
"chn","China",2015,76.5
"chn","China",2016,76.69
"chn","China",2017,77.07
"chn","China",2018,77.3
"chn","China",2019,77.51
"chn","China",2020,77.7
"col","Colombia",2000,74.07
"col","Colombia",2001,74.26
"col","Colombia",2002,73.34
"col","Colombia",2003,75.13
"col","Colombia",2004,75.62
"col","Colombia",2005,76.42
"col","Colombia",2006,76.64
"col","Colombia",2007,77.26
"col","Colombia",2008,77.57
"col","Colombia",2009,77.65
"col","Colombia",2010,78.13
"col","Colombia",2011,78.92
"col","Colombia",2012,79.27
"col","Colombia",2013,79.6
"col","Colombia",2014,79.95
"col","Colombia",2015,79.96
"col","Colombia",2016,80.01
"col","Colombia",2017,80.11
"col","Colombia",2018,80.3
"col","Colombia",2019,80.49
"col","Colombia",2020,80.67
"com","Comoros",2000,61.64
"com","Comoros",2001,62.5
"com","Comoros",2002,62.86
"com","Comoros",2003,63.65
"com","Comoros",2004,64.13
"com","Comoros",2005,64.49
"com","Comoros",2006,64.84
"com","Comoros",2007,65.04
"com","Comoros",2008,65.77
"com","Comoros",2009,65.4
"com","Comoros",2010,66.48
"com","Comoros",2011,66.27
"com","Comoros",2012,66.89
"com","Comoros",2013,67.26
"com","Comoros",2014,67.72
"com","Comoros",2015,68.04
"com","Comoros",2016,68.33
"com","Comoros",2017,68.63
"com","Comoros",2018,68.85
"com","Comoros",2019,69.07
"com","Comoros",2020,69.29
"cod","Congo, Dem. Rep.",2000,53.84
"cod","Congo, Dem. Rep.",2001,54.13
"cod","Congo, Dem. Rep.",2002,54.25
"cod","Congo, Dem. Rep.",2003,54.65
"cod","Congo, Dem. Rep.",2004,55.32
"cod","Congo, Dem. Rep.",2005,55.92
"cod","Congo, Dem. Rep.",2006,56.28
"cod","Congo, Dem. Rep.",2007,56.59
"cod","Congo, Dem. Rep.",2008,56.84
"cod","Congo, Dem. Rep.",2009,57.11
"cod","Congo, Dem. Rep.",2010,57.88
"cod","Congo, Dem. Rep.",2011,58.46
"cod","Congo, Dem. Rep.",2012,59.01
"cod","Congo, Dem. Rep.",2013,59.79
"cod","Congo, Dem. Rep.",2014,60.53
"cod","Congo, Dem. Rep.",2015,61.27
"cod","Congo, Dem. Rep.",2016,61.87
"cod","Congo, Dem. Rep.",2017,62.37
"cod","Congo, Dem. Rep.",2018,62.72
"cod","Congo, Dem. Rep.",2019,63.05
"cod","Congo, Dem. Rep.",2020,63.35
"cog","Congo, Rep.",2000,52.76
"cog","Congo, Rep.",2001,53.62
"cog","Congo, Rep.",2002,54.26
"cog","Congo, Rep.",2003,54.81
"cog","Congo, Rep.",2004,55.56
"cog","Congo, Rep.",2005,56.32
"cog","Congo, Rep.",2006,57.06
"cog","Congo, Rep.",2007,57.6
"cog","Congo, Rep.",2008,58.33
"cog","Congo, Rep.",2009,59.07
"cog","Congo, Rep.",2010,59.77
"cog","Congo, Rep.",2011,60.44
"cog","Congo, Rep.",2012,60.79
"cog","Congo, Rep.",2013,61.31
"cog","Congo, Rep.",2014,61.77
"cog","Congo, Rep.",2015,62.23
"cog","Congo, Rep.",2016,62.52
"cog","Congo, Rep.",2017,62.65
"cog","Congo, Rep.",2018,62.98
"cog","Congo, Rep.",2019,63.25
"cog","Congo, Rep.",2020,63.48
"cri","Costa Rica",2000,77.93
"cri","Costa Rica",2001,77.99
"cri","Costa Rica",2002,78.28
"cri","Costa Rica",2003,78.37
"cri","Costa Rica",2004,78.55
"cri","Costa Rica",2005,79.29
"cri","Costa Rica",2006,79.15
"cri","Costa Rica",2007,80.24
"cri","Costa Rica",2008,80.19
"cri","Costa Rica",2009,80.28
"cri","Costa Rica",2010,79.43
"cri","Costa Rica",2011,79.85
"cri","Costa Rica",2012,79.99
"cri","Costa Rica",2013,80.1
"cri","Costa Rica",2014,80.14
"cri","Costa Rica",2015,79.94
"cri","Costa Rica",2016,79.49
"cri","Costa Rica",2017,79.47
"cri","Costa Rica",2018,79.65
"cri","Costa Rica",2019,79.84
"cri","Costa Rica",2020,80.02
"civ","Cote d'Ivoire",2000,52.33
"civ","Cote d'Ivoire",2001,52.66
"civ","Cote d'Ivoire",2002,52.92
"civ","Cote d'Ivoire",2003,53.28
"civ","Cote d'Ivoire",2004,53.69
"civ","Cote d'Ivoire",2005,54.23
"civ","Cote d'Ivoire",2006,54.87
"civ","Cote d'Ivoire",2007,55.52
"civ","Cote d'Ivoire",2008,56.27
"civ","Cote d'Ivoire",2009,56.95
"civ","Cote d'Ivoire",2010,57.41
"civ","Cote d'Ivoire",2011,57.98
"civ","Cote d'Ivoire",2012,58.85
"civ","Cote d'Ivoire",2013,59.56
"civ","Cote d'Ivoire",2014,60.19
"civ","Cote d'Ivoire",2015,60.96
"civ","Cote d'Ivoire",2016,61.72
"civ","Cote d'Ivoire",2017,62.48
"civ","Cote d'Ivoire",2018,62.93
"civ","Cote d'Ivoire",2019,63.32
"civ","Cote d'Ivoire",2020,63.68
"hrv","Croatia",2000,74.54
"hrv","Croatia",2001,74.81
"hrv","Croatia",2002,74.89
"hrv","Croatia",2003,74.92
"hrv","Croatia",2004,75.45
"hrv","Croatia",2005,75.51
"hrv","Croatia",2006,75.81
"hrv","Croatia",2007,75.73
"hrv","Croatia",2008,75.8
"hrv","Croatia",2009,76.4
"hrv","Croatia",2010,76.75
"hrv","Croatia",2011,77.03
"hrv","Croatia",2012,77.3
"hrv","Croatia",2013,77.82
"hrv","Croatia",2014,77.8
"hrv","Croatia",2015,77.58
"hrv","Croatia",2016,78.26
"hrv","Croatia",2017,78.53
"hrv","Croatia",2018,78.68
"hrv","Croatia",2019,78.83
"hrv","Croatia",2020,78.98
"cub","Cuba",2000,76.84
"cub","Cuba",2001,77.09
"cub","Cuba",2002,77.78
"cub","Cuba",2003,77.76
"cub","Cuba",2004,77.73
"cub","Cuba",2005,77.62
"cub","Cuba",2006,78.26
"cub","Cuba",2007,78.34
"cub","Cuba",2008,78.26
"cub","Cuba",2009,78.26
"cub","Cuba",2010,78.28
"cub","Cuba",2011,78.84
"cub","Cuba",2012,78.63
"cub","Cuba",2013,78.59
"cub","Cuba",2014,78.53
"cub","Cuba",2015,78.22
"cub","Cuba",2016,78.29
"cub","Cuba",2017,78.42
"cub","Cuba",2018,78.48
"cub","Cuba",2019,78.55
"cub","Cuba",2020,78.64
"cyp","Cyprus",2000,76.76
"cyp","Cyprus",2001,77.01
"cyp","Cyprus",2002,77.21
"cyp","Cyprus",2003,77.43
"cyp","Cyprus",2004,77.63
"cyp","Cyprus",2005,77.92
"cyp","Cyprus",2006,78.43
"cyp","Cyprus",2007,78.79
"cyp","Cyprus",2008,79.31
"cyp","Cyprus",2009,79.69
"cyp","Cyprus",2010,80.12
"cyp","Cyprus",2011,80.52
"cyp","Cyprus",2012,80.9
"cyp","Cyprus",2013,81.13
"cyp","Cyprus",2014,81.3
"cyp","Cyprus",2015,81.46
"cyp","Cyprus",2016,81.65
"cyp","Cyprus",2017,81.72
"cyp","Cyprus",2018,81.88
"cyp","Cyprus",2019,82.03
"cyp","Cyprus",2020,82.19
"cze","Czech Republic",2000,75.04
"cze","Czech Republic",2001,75.34
"cze","Czech Republic",2002,75.54
"cze","Czech Republic",2003,75.47
"cze","Czech Republic",2004,75.98
"cze","Czech Republic",2005,76.27
"cze","Czech Republic",2006,76.78
"cze","Czech Republic",2007,77.02
"cze","Czech Republic",2008,77.18
"cze","Czech Republic",2009,77.45
"cze","Czech Republic",2010,77.68
"cze","Czech Republic",2011,77.89
"cze","Czech Republic",2012,78.13
"cze","Czech Republic",2013,78.38
"cze","Czech Republic",2014,78.79
"cze","Czech Republic",2015,78.85
"cze","Czech Republic",2016,79.02
"cze","Czech Republic",2017,79.17
"cze","Czech Republic",2018,79.33
"cze","Czech Republic",2019,79.48
"cze","Czech Republic",2020,79.63
"dnk","Denmark",2000,77.02
"dnk","Denmark",2001,77.17
"dnk","Denmark",2002,77.19
"dnk","Denmark",2003,77.47
"dnk","Denmark",2004,77.84
"dnk","Denmark",2005,78.32
"dnk","Denmark",2006,78.34
"dnk","Denmark",2007,78.39
"dnk","Denmark",2008,78.8
"dnk","Denmark",2009,79.02
"dnk","Denmark",2010,79.29
"dnk","Denmark",2011,79.81
"dnk","Denmark",2012,80.14
"dnk","Denmark",2013,80.39
"dnk","Denmark",2014,80.7
"dnk","Denmark",2015,80.87
"dnk","Denmark",2016,80.81
"dnk","Denmark",2017,80.76
"dnk","Denmark",2018,80.87
"dnk","Denmark",2019,80.98
"dnk","Denmark",2020,81.11
"dji","Djibouti",2000,60.51
"dji","Djibouti",2001,60.76
"dji","Djibouti",2002,60.87
"dji","Djibouti",2003,61.05
"dji","Djibouti",2004,61.12
"dji","Djibouti",2005,61.57
"dji","Djibouti",2006,61.54
"dji","Djibouti",2007,62.31
"dji","Djibouti",2008,62.75
"dji","Djibouti",2009,63.31
"dji","Djibouti",2010,63.76
"dji","Djibouti",2011,64.3
"dji","Djibouti",2012,64.84
"dji","Djibouti",2013,65.33
"dji","Djibouti",2014,65.83
"dji","Djibouti",2015,66.29
"dji","Djibouti",2016,66.86
"dji","Djibouti",2017,67.35
"dji","Djibouti",2018,68.06
"dji","Djibouti",2019,68.6
"dji","Djibouti",2020,68.98
"dma","Dominica",2000,73.73
"dma","Dominica",2001,73.92
"dma","Dominica",2002,74.03
"dma","Dominica",2003,73.91
"dma","Dominica",2004,74
"dma","Dominica",2005,74.13
"dma","Dominica",2006,74.1
"dma","Dominica",2007,73.96
"dma","Dominica",2008,74.2
"dma","Dominica",2009,74.01
"dma","Dominica",2010,73.63
"dma","Dominica",2011,73.44
"dma","Dominica",2012,73.22
"dma","Dominica",2013,72.97
"dma","Dominica",2014,72.73
"dma","Dominica",2015,72.43
"dma","Dominica",2016,72.73
"dma","Dominica",2017,72.77
"dom","Dominican Republic",2000,73.89
"dom","Dominican Republic",2001,73.99
"dom","Dominican Republic",2002,74.07
"dom","Dominican Republic",2003,73.77
"dom","Dominican Republic",2004,73.13
"dom","Dominican Republic",2005,73.18
"dom","Dominican Republic",2006,73.22
"dom","Dominican Republic",2007,73.46
"dom","Dominican Republic",2008,73.83
"dom","Dominican Republic",2009,73.97
"dom","Dominican Republic",2010,74.02
"dom","Dominican Republic",2011,73.92
"dom","Dominican Republic",2012,73.64
"dom","Dominican Republic",2013,73.15
"dom","Dominican Republic",2014,72.95
"dom","Dominican Republic",2015,72.76
"dom","Dominican Republic",2016,72.76
"dom","Dominican Republic",2017,73.09
"dom","Dominican Republic",2018,73.29
"dom","Dominican Republic",2019,73.48
"dom","Dominican Republic",2020,73.65
"ecu","Ecuador",2000,74.18
"ecu","Ecuador",2001,74.77
"ecu","Ecuador",2002,74.3
"ecu","Ecuador",2003,74.2
"ecu","Ecuador",2004,74.22
"ecu","Ecuador",2005,74.04
"ecu","Ecuador",2006,74.06
"ecu","Ecuador",2007,74.15
"ecu","Ecuador",2008,74.23
"ecu","Ecuador",2009,74.49
"ecu","Ecuador",2010,74.65
"ecu","Ecuador",2011,75
"ecu","Ecuador",2012,75.39
"ecu","Ecuador",2013,75.91
"ecu","Ecuador",2014,76.32
"ecu","Ecuador",2015,76.59
"ecu","Ecuador",2016,76.48
"ecu","Ecuador",2017,76.73
"ecu","Ecuador",2018,76.95
"ecu","Ecuador",2019,77.16
"ecu","Ecuador",2020,77.37
"egy","Egypt",2000,68.73
"egy","Egypt",2001,68.46
"egy","Egypt",2002,68.43
"egy","Egypt",2003,68.44
"egy","Egypt",2004,68.63
"egy","Egypt",2005,68.82
"egy","Egypt",2006,68.88
"egy","Egypt",2007,69.3
"egy","Egypt",2008,69.38
"egy","Egypt",2009,69.28
"egy","Egypt",2010,69.39
"egy","Egypt",2011,69.6
"egy","Egypt",2012,69.79
"egy","Egypt",2013,70.17
"egy","Egypt",2014,70.45
"egy","Egypt",2015,70.21
"egy","Egypt",2016,70.49
"egy","Egypt",2017,70.64
"egy","Egypt",2018,70.81
"egy","Egypt",2019,70.97
"egy","Egypt",2020,71.13
"slv","El Salvador",2000,72.4
"slv","El Salvador",2001,72.3
"slv","El Salvador",2002,73.11
"slv","El Salvador",2003,72.98
"slv","El Salvador",2004,72.53
"slv","El Salvador",2005,72.4
"slv","El Salvador",2006,72.91
"slv","El Salvador",2007,72.43
"slv","El Salvador",2008,72.97
"slv","El Salvador",2009,72.81
"slv","El Salvador",2010,73.36
"slv","El Salvador",2011,73.47
"slv","El Salvador",2012,72.75
"slv","El Salvador",2013,72.72
"slv","El Salvador",2014,72.22
"slv","El Salvador",2015,72.09
"slv","El Salvador",2016,73.76
"slv","El Salvador",2017,74.01
"slv","El Salvador",2018,74.24
"slv","El Salvador",2019,74.46
"slv","El Salvador",2020,74.68
"gnq","Equatorial Guinea",2000,55.63
"gnq","Equatorial Guinea",2001,57.31
"gnq","Equatorial Guinea",2002,58.65
"gnq","Equatorial Guinea",2003,59.29
"gnq","Equatorial Guinea",2004,59.92
"gnq","Equatorial Guinea",2005,60.21
"gnq","Equatorial Guinea",2006,60.98
"gnq","Equatorial Guinea",2007,61.38
"gnq","Equatorial Guinea",2008,61.6
"gnq","Equatorial Guinea",2009,61.92
"gnq","Equatorial Guinea",2010,62.18
"gnq","Equatorial Guinea",2011,62.31
"gnq","Equatorial Guinea",2012,62.6
"gnq","Equatorial Guinea",2013,63.44
"gnq","Equatorial Guinea",2014,64.28
"gnq","Equatorial Guinea",2015,64.65
"gnq","Equatorial Guinea",2016,65.01
"gnq","Equatorial Guinea",2017,65.52
"gnq","Equatorial Guinea",2018,65.9
"gnq","Equatorial Guinea",2019,66.28
"gnq","Equatorial Guinea",2020,66.64
"eri","Eritrea",2000,53.32
"eri","Eritrea",2001,54.55
"eri","Eritrea",2002,54.97
"eri","Eritrea",2003,55.22
"eri","Eritrea",2004,55.62
"eri","Eritrea",2005,56.01
"eri","Eritrea",2006,56.56
"eri","Eritrea",2007,57.05
"eri","Eritrea",2008,57.46
"eri","Eritrea",2009,58.07
"eri","Eritrea",2010,58.6
"eri","Eritrea",2011,59.22
"eri","Eritrea",2012,59.84
"eri","Eritrea",2013,60.39
"eri","Eritrea",2014,61.03
"eri","Eritrea",2015,61.61
"eri","Eritrea",2016,62.14
"eri","Eritrea",2017,62.67
"eri","Eritrea",2018,63.06
"eri","Eritrea",2019,63.42
"eri","Eritrea",2020,63.76
"est","Estonia",2000,70.96
"est","Estonia",2001,70.77
"est","Estonia",2002,71.34
"est","Estonia",2003,71.98
"est","Estonia",2004,72.45
"est","Estonia",2005,72.91
"est","Estonia",2006,73.1
"est","Estonia",2007,73.23
"est","Estonia",2008,74.27
"est","Estonia",2009,74.98
"est","Estonia",2010,75.99
"est","Estonia",2011,76.21
"est","Estonia",2012,76.43
"est","Estonia",2013,77.02
"est","Estonia",2014,77.16
"est","Estonia",2015,77.72
"est","Estonia",2016,77.94
"est","Estonia",2017,78.09
"est","Estonia",2018,78.3
"est","Estonia",2019,78.48
"est","Estonia",2020,78.63
"eth","Ethiopia",2000,50.79
"eth","Ethiopia",2001,52.99
"eth","Ethiopia",2002,53.93
"eth","Ethiopia",2003,54.76
"eth","Ethiopia",2004,55.74
"eth","Ethiopia",2005,56.83
"eth","Ethiopia",2006,57.94
"eth","Ethiopia",2007,59.23
"eth","Ethiopia",2008,60.5
"eth","Ethiopia",2009,61.68
"eth","Ethiopia",2010,62.87
"eth","Ethiopia",2011,63.98
"eth","Ethiopia",2012,64.96
"eth","Ethiopia",2013,65.81
"eth","Ethiopia",2014,66.58
"eth","Ethiopia",2015,67.22
"eth","Ethiopia",2016,67.81
"eth","Ethiopia",2017,68.39
"eth","Ethiopia",2018,68.77
"eth","Ethiopia",2019,69.14
"eth","Ethiopia",2020,69.51
"fji","Fiji",2000,65.94
"fji","Fiji",2001,66.33
"fji","Fiji",2002,66.57
"fji","Fiji",2003,66.69
"fji","Fiji",2004,66.97
"fji","Fiji",2005,66.98
"fji","Fiji",2006,66.97
"fji","Fiji",2007,66.94
"fji","Fiji",2008,66.97
"fji","Fiji",2009,67.29
"fji","Fiji",2010,67.4
"fji","Fiji",2011,67.53
"fji","Fiji",2012,67.58
"fji","Fiji",2013,67.66
"fji","Fiji",2014,67.75
"fji","Fiji",2015,67.85
"fji","Fiji",2016,67.83
"fji","Fiji",2017,68.07
"fji","Fiji",2018,68.16
"fji","Fiji",2019,68.27
"fji","Fiji",2020,68.39
"fin","Finland",2000,77.79
"fin","Finland",2001,78.23
"fin","Finland",2002,78.51
"fin","Finland",2003,78.73
"fin","Finland",2004,78.8
"fin","Finland",2005,79.1
"fin","Finland",2006,79.5
"fin","Finland",2007,79.54
"fin","Finland",2008,79.75
"fin","Finland",2009,79.96
"fin","Finland",2010,80.17
"fin","Finland",2011,80.5
"fin","Finland",2012,80.7
"fin","Finland",2013,80.94
"fin","Finland",2014,81.26
"fin","Finland",2015,81.56
"fin","Finland",2016,81.5
"fin","Finland",2017,81.42
"fin","Finland",2018,81.6
"fin","Finland",2019,81.77
"fin","Finland",2020,81.94
"fra","France",2000,79.1
"fra","France",2001,79.2
"fra","France",2002,79.37
"fra","France",2003,79.57
"fra","France",2004,80.24
"fra","France",2005,80.4
"fra","France",2006,80.68
"fra","France",2007,80.98
"fra","France",2008,81.1
"fra","France",2009,81.17
"fra","France",2010,81.41
"fra","France",2011,81.62
"fra","France",2012,81.85
"fra","France",2013,82.13
"fra","France",2014,82.46
"fra","France",2015,82.52
"fra","France",2016,82.75
"fra","France",2017,82.84
"fra","France",2018,82.95
"fra","France",2019,83.07
"fra","France",2020,83.2
"gab","Gabon",2000,59.31
"gab","Gabon",2001,58.95
"gab","Gabon",2002,58.99
"gab","Gabon",2003,58.91
"gab","Gabon",2004,58.94
"gab","Gabon",2005,59.45
"gab","Gabon",2006,59.9
"gab","Gabon",2007,60.62
"gab","Gabon",2008,61.19
"gab","Gabon",2009,61.93
"gab","Gabon",2010,62.77
"gab","Gabon",2011,63.45
"gab","Gabon",2012,64.3
"gab","Gabon",2013,65.28
"gab","Gabon",2014,66.18
"gab","Gabon",2015,66.95
"gab","Gabon",2016,67.71
"gab","Gabon",2017,68.39
"gab","Gabon",2018,68.76
"gab","Gabon",2019,69.05
"gab","Gabon",2020,69.28
"gmb","Gambia",2000,61.72
"gmb","Gambia",2001,61.9
"gmb","Gambia",2002,61.98
"gmb","Gambia",2003,62.11
"gmb","Gambia",2004,62.27
"gmb","Gambia",2005,62.35
"gmb","Gambia",2006,62.64
"gmb","Gambia",2007,62.73
"gmb","Gambia",2008,63.03
"gmb","Gambia",2009,63.3
"gmb","Gambia",2010,63.62
"gmb","Gambia",2011,63.95
"gmb","Gambia",2012,64.26
"gmb","Gambia",2013,64.5
"gmb","Gambia",2014,64.74
"gmb","Gambia",2015,65.07
"gmb","Gambia",2016,65.39
"gmb","Gambia",2017,65.77
"gmb","Gambia",2018,66.08
"gmb","Gambia",2019,66.42
"gmb","Gambia",2020,66.78
"geo","Georgia",2000,73.08
"geo","Georgia",2001,72.96
"geo","Georgia",2002,72.4
"geo","Georgia",2003,72.62
"geo","Georgia",2004,72.92
"geo","Georgia",2005,73.37
"geo","Georgia",2006,73.71
"geo","Georgia",2007,73.77
"geo","Georgia",2008,72.8
"geo","Georgia",2009,72.76
"geo","Georgia",2010,72.76
"geo","Georgia",2011,72.89
"geo","Georgia",2012,72.92
"geo","Georgia",2013,73.1
"geo","Georgia",2014,73.12
"geo","Georgia",2015,73
"geo","Georgia",2016,72.81
"geo","Georgia",2017,72.83
"geo","Georgia",2018,73.01
"geo","Georgia",2019,73.18
"geo","Georgia",2020,73.33
"deu","Germany",2000,78.29
"deu","Germany",2001,78.62
"deu","Germany",2002,78.73
"deu","Germany",2003,78.85
"deu","Germany",2004,79.37
"deu","Germany",2005,79.66
"deu","Germany",2006,79.93
"deu","Germany",2007,80.06
"deu","Germany",2008,80.17
"deu","Germany",2009,80.25
"deu","Germany",2010,80.4
"deu","Germany",2011,80.53
"deu","Germany",2012,80.73
"deu","Germany",2013,80.64
"deu","Germany",2014,80.91
"deu","Germany",2015,80.65
"deu","Germany",2016,80.51
"deu","Germany",2017,80.63
"deu","Germany",2018,80.78
"deu","Germany",2019,80.92
"deu","Germany",2020,81.07
"gha","Ghana",2000,59.44
"gha","Ghana",2001,59.39
"gha","Ghana",2002,59.48
"gha","Ghana",2003,59.62
"gha","Ghana",2004,59.81
"gha","Ghana",2005,59.99
"gha","Ghana",2006,60.19
"gha","Ghana",2007,60.43
"gha","Ghana",2008,60.81
"gha","Ghana",2009,61.17
"gha","Ghana",2010,61.61
"gha","Ghana",2011,62.3
"gha","Ghana",2012,63.01
"gha","Ghana",2013,63.56
"gha","Ghana",2014,64.02
"gha","Ghana",2015,64.4
"gha","Ghana",2016,64.85
"gha","Ghana",2017,65.5
"gha","Ghana",2018,65.83
"gha","Ghana",2019,66.13
"gha","Ghana",2020,66.41
"grc","Greece",2000,78.84
"grc","Greece",2001,79.04
"grc","Greece",2002,79.17
"grc","Greece",2003,79.14
"grc","Greece",2004,79.11
"grc","Greece",2005,79.27
"grc","Greece",2006,79.61
"grc","Greece",2007,79.42
"grc","Greece",2008,79.76
"grc","Greece",2009,80
"grc","Greece",2010,80.25
"grc","Greece",2011,80.3
"grc","Greece",2012,80.35
"grc","Greece",2013,80.77
"grc","Greece",2014,80.95
"grc","Greece",2015,80.82
"grc","Greece",2016,80.92
"grc","Greece",2017,80.99
"grc","Greece",2018,81.16
"grc","Greece",2019,81.32
"grc","Greece",2020,81.49
"grd","Grenada",2000,73.93
"grd","Grenada",2001,74.12
"grd","Grenada",2002,74.23
"grd","Grenada",2003,74.37
"grd","Grenada",2004,73.99
"grd","Grenada",2005,74.52
"grd","Grenada",2006,74.5
"grd","Grenada",2007,74.49
"grd","Grenada",2008,74.38
"grd","Grenada",2009,74.23
"grd","Grenada",2010,74.07
"grd","Grenada",2011,73.97
"grd","Grenada",2012,74.16
"grd","Grenada",2013,74.09
"grd","Grenada",2014,73.95
"grd","Grenada",2015,73.94
"grd","Grenada",2016,73.99
"grd","Grenada",2017,74.11
"grd","Grenada",2018,74.11
"grd","Grenada",2019,74.12
"grd","Grenada",2020,74.15
"gtm","Guatemala",2000,68.01
"gtm","Guatemala",2001,68.6
"gtm","Guatemala",2002,69.32
"gtm","Guatemala",2003,69.42
"gtm","Guatemala",2004,69.67
"gtm","Guatemala",2005,69.45
"gtm","Guatemala",2006,69.91
"gtm","Guatemala",2007,70.91
"gtm","Guatemala",2008,71.43
"gtm","Guatemala",2009,71.25
"gtm","Guatemala",2010,71.65
"gtm","Guatemala",2011,72.09
"gtm","Guatemala",2012,72.45
"gtm","Guatemala",2013,72.79
"gtm","Guatemala",2014,72.76
"gtm","Guatemala",2015,72.87
"gtm","Guatemala",2016,72.6
"gtm","Guatemala",2017,72.63
"gtm","Guatemala",2018,72.88
"gtm","Guatemala",2019,73.11
"gtm","Guatemala",2020,73.33
"gin","Guinea",2000,54.4
"gin","Guinea",2001,54.83
"gin","Guinea",2002,55.2
"gin","Guinea",2003,55.48
"gin","Guinea",2004,55.68
"gin","Guinea",2005,55.9
"gin","Guinea",2006,56.06
"gin","Guinea",2007,56.26
"gin","Guinea",2008,56.66
"gin","Guinea",2009,56.93
"gin","Guinea",2010,57.4
"gin","Guinea",2011,57.85
"gin","Guinea",2012,58.25
"gin","Guinea",2013,58.63
"gin","Guinea",2014,58.34
"gin","Guinea",2015,59.2
"gin","Guinea",2016,60.11
"gin","Guinea",2017,60.72
"gin","Guinea",2018,61.2
"gin","Guinea",2019,61.62
"gin","Guinea",2020,61.98
"gnb","Guinea-Bissau",2000,51.97
"gnb","Guinea-Bissau",2001,52.33
"gnb","Guinea-Bissau",2002,52.63
"gnb","Guinea-Bissau",2003,52.94
"gnb","Guinea-Bissau",2004,53.18
"gnb","Guinea-Bissau",2005,53.21
"gnb","Guinea-Bissau",2006,53.89
"gnb","Guinea-Bissau",2007,54.34
"gnb","Guinea-Bissau",2008,54.68
"gnb","Guinea-Bissau",2009,55.26
"gnb","Guinea-Bissau",2010,55.9
"gnb","Guinea-Bissau",2011,56.56
"gnb","Guinea-Bissau",2012,57.08
"gnb","Guinea-Bissau",2013,57.62
"gnb","Guinea-Bissau",2014,58.1
"gnb","Guinea-Bissau",2015,58.67
"gnb","Guinea-Bissau",2016,59.3
"gnb","Guinea-Bissau",2017,59.99
"gnb","Guinea-Bissau",2018,60.33
"gnb","Guinea-Bissau",2019,60.66
"gnb","Guinea-Bissau",2020,60.99
"guy","Guyana",2000,66.22
"guy","Guyana",2001,66.22
"guy","Guyana",2002,66.21
"guy","Guyana",2003,66.55
"guy","Guyana",2004,66.77
"guy","Guyana",2005,66.62
"guy","Guyana",2006,67.18
"guy","Guyana",2007,67.7
"guy","Guyana",2008,68.02
"guy","Guyana",2009,68.59
"guy","Guyana",2010,67.96
"guy","Guyana",2011,67.44
"guy","Guyana",2012,67.31
"guy","Guyana",2013,67.83
"guy","Guyana",2014,68.21
"guy","Guyana",2015,68.59
"guy","Guyana",2016,68.91
"guy","Guyana",2017,69.21
"guy","Guyana",2018,69.36
"guy","Guyana",2019,69.49
"guy","Guyana",2020,69.6
"hti","Haiti",2000,57.39
"hti","Haiti",2001,57.94
"hti","Haiti",2002,58.5
"hti","Haiti",2003,58.94
"hti","Haiti",2004,58.75
"hti","Haiti",2005,59.77
"hti","Haiti",2006,60.2
"hti","Haiti",2007,60.62
"hti","Haiti",2008,60.91
"hti","Haiti",2009,61.49
"hti","Haiti",2010,32.54
"hti","Haiti",2011,61.65
"hti","Haiti",2012,62.53
"hti","Haiti",2013,63.11
"hti","Haiti",2014,63.59
"hti","Haiti",2015,64.04
"hti","Haiti",2016,64.33
"hti","Haiti",2017,64.95
"hti","Haiti",2018,65.33
"hti","Haiti",2019,65.67
"hti","Haiti",2020,66
"hnd","Honduras",2000,70.44
"hnd","Honduras",2001,70.69
"hnd","Honduras",2002,70.99
"hnd","Honduras",2003,71.16
"hnd","Honduras",2004,71.38
"hnd","Honduras",2005,71.68
"hnd","Honduras",2006,71.93
"hnd","Honduras",2007,72.17
"hnd","Honduras",2008,72.46
"hnd","Honduras",2009,72.72
"hnd","Honduras",2010,72.83
"hnd","Honduras",2011,73.07
"hnd","Honduras",2012,71.72
"hnd","Honduras",2013,72.08
"hnd","Honduras",2014,72.11
"hnd","Honduras",2015,72.11
"hnd","Honduras",2016,73.81
"hnd","Honduras",2017,73.98
"hnd","Honduras",2018,74.17
"hnd","Honduras",2019,74.35
"hnd","Honduras",2020,74.52
"hkg","Hong Kong, China",2000,80.39
"hkg","Hong Kong, China",2001,80.72
"hkg","Hong Kong, China",2002,80.95
"hkg","Hong Kong, China",2003,81.11
"hkg","Hong Kong, China",2004,81.33
"hkg","Hong Kong, China",2005,81.56
"hkg","Hong Kong, China",2006,81.81
"hkg","Hong Kong, China",2007,81.99
"hkg","Hong Kong, China",2008,82.19
"hkg","Hong Kong, China",2009,82.42
"hkg","Hong Kong, China",2010,82.61
"hkg","Hong Kong, China",2011,82.78
"hkg","Hong Kong, China",2012,82.94
"hkg","Hong Kong, China",2013,83.22
"hkg","Hong Kong, China",2014,83.29
"hkg","Hong Kong, China",2015,83.36
"hkg","Hong Kong, China",2016,83.45
"hkg","Hong Kong, China",2017,84.09
"hkg","Hong Kong, China",2018,84.28
"hkg","Hong Kong, China",2019,84.45
"hkg","Hong Kong, China",2020,84.6
"hun","Hungary",2000,71.81
"hun","Hungary",2001,72.39
"hun","Hungary",2002,72.52
"hun","Hungary",2003,72.58
"hun","Hungary",2004,72.93
"hun","Hungary",2005,72.94
"hun","Hungary",2006,73.35
"hun","Hungary",2007,73.47
"hun","Hungary",2008,74
"hun","Hungary",2009,74.2
"hun","Hungary",2010,74.59
"hun","Hungary",2011,74.93
"hun","Hungary",2012,75.2
"hun","Hungary",2013,75.67
"hun","Hungary",2014,75.95
"hun","Hungary",2015,75.52
"hun","Hungary",2016,76.4
"hun","Hungary",2017,76.81
"hun","Hungary",2018,77.01
"hun","Hungary",2019,77.19
"hun","Hungary",2020,77.34
"isl","Iceland",2000,80.07
"isl","Iceland",2001,80.42
"isl","Iceland",2002,80.77
"isl","Iceland",2003,81.06
"isl","Iceland",2004,81.22
"isl","Iceland",2005,81.43
"isl","Iceland",2006,81.67
"isl","Iceland",2007,81.92
"isl","Iceland",2008,82.03
"isl","Iceland",2009,82.09
"isl","Iceland",2010,82.36
"isl","Iceland",2011,82.58
"isl","Iceland",2012,82.63
"isl","Iceland",2013,82.65
"isl","Iceland",2014,82.66
"isl","Iceland",2015,82.68
"isl","Iceland",2016,82.73
"isl","Iceland",2017,82.75
"isl","Iceland",2018,82.88
"isl","Iceland",2019,83.01
"isl","Iceland",2020,83.16
"ind","India",2000,62.92
"ind","India",2001,63.3
"ind","India",2002,63.9
"ind","India",2003,64.52
"ind","India",2004,65.16
"ind","India",2005,65.45
"ind","India",2006,65.76
"ind","India",2007,66.02
"ind","India",2008,66.24
"ind","India",2009,66.49
"ind","India",2010,66.67
"ind","India",2011,66.92
"ind","India",2012,67.3
"ind","India",2013,67.65
"ind","India",2014,68.07
"ind","India",2015,68.37
"ind","India",2016,68.61
"ind","India",2017,68.97
"ind","India",2018,69.22
"ind","India",2019,69.46
"ind","India",2020,69.69
"idn","Indonesia",2000,67.34
"idn","Indonesia",2001,67.57
"idn","Indonesia",2002,67.8
"idn","Indonesia",2003,68.02
"idn","Indonesia",2004,66.48
"idn","Indonesia",2005,68.54
"idn","Indonesia",2006,68.68
"idn","Indonesia",2007,68.97
"idn","Indonesia",2008,69.17
"idn","Indonesia",2009,69.39
"idn","Indonesia",2010,69.69
"idn","Indonesia",2011,69.98
"idn","Indonesia",2012,70.25
"idn","Indonesia",2013,70.48
"idn","Indonesia",2014,70.75
"idn","Indonesia",2015,70.98
"idn","Indonesia",2016,71.23
"idn","Indonesia",2017,71.48
"idn","Indonesia",2018,71.7
"idn","Indonesia",2019,71.91
"idn","Indonesia",2020,72.1
"irn","Iran",2000,73.56
"irn","Iran",2001,73.69
"irn","Iran",2002,73.85
"irn","Iran",2003,72.91
"irn","Iran",2004,74.16
"irn","Iran",2005,74.35
"irn","Iran",2006,74.52
"irn","Iran",2007,74.71
"irn","Iran",2008,74.87
"irn","Iran",2009,75.01
"irn","Iran",2010,75.2
"irn","Iran",2011,75.43
"irn","Iran",2012,75.67
"irn","Iran",2013,75.9
"irn","Iran",2014,76.2
"irn","Iran",2015,76.5
"irn","Iran",2016,77
"irn","Iran",2017,77.35
"irn","Iran",2018,77.56
"irn","Iran",2019,77.76
"irn","Iran",2020,77.96
"irq","Iraq",2000,66.69
"irq","Iraq",2001,67.64
"irq","Iraq",2002,67.74
"irq","Iraq",2003,68.39
"irq","Iraq",2004,69.01
"irq","Iraq",2005,69.55
"irq","Iraq",2006,68.65
"irq","Iraq",2007,69.21
"irq","Iraq",2008,71.59
"irq","Iraq",2009,72.73
"irq","Iraq",2010,73.45
"irq","Iraq",2011,74.46
"irq","Iraq",2012,75.3
"irq","Iraq",2013,75.18
"irq","Iraq",2014,74.78
"irq","Iraq",2015,76.3
"irq","Iraq",2016,76.74
"irq","Iraq",2017,76.73
"irq","Iraq",2018,76.9
"irq","Iraq",2019,77.07
"irq","Iraq",2020,77.22
"irl","Ireland",2000,76.58
"irl","Ireland",2001,77.17
"irl","Ireland",2002,77.66
"irl","Ireland",2003,78.2
"irl","Ireland",2004,78.53
"irl","Ireland",2005,78.99
"irl","Ireland",2006,79.25
"irl","Ireland",2007,79.63
"irl","Ireland",2008,79.72
"irl","Ireland",2009,79.79
"irl","Ireland",2010,80.72
"irl","Ireland",2011,80.75
"irl","Ireland",2012,80.85
"irl","Ireland",2013,81.12
"irl","Ireland",2014,81.39
"irl","Ireland",2015,81.57
"irl","Ireland",2016,81.8
"irl","Ireland",2017,81.85
"irl","Ireland",2018,82.08
"irl","Ireland",2019,82.28
"irl","Ireland",2020,82.46
"isr","Israel",2000,78.67
"isr","Israel",2001,78.87
"isr","Israel",2002,78.72
"isr","Israel",2003,79.37
"isr","Israel",2004,79.82
"isr","Israel",2005,80.12
"isr","Israel",2006,80.27
"isr","Israel",2007,80.59
"isr","Israel",2008,80.86
"isr","Israel",2009,81.29
"isr","Israel",2010,81.83
"isr","Israel",2011,81.9
"isr","Israel",2012,82.15
"isr","Israel",2013,82.36
"isr","Israel",2014,81.91
"isr","Israel",2015,82.62
"isr","Israel",2016,82.86
"isr","Israel",2017,82.97
"isr","Israel",2018,83.13
"isr","Israel",2019,83.28
"isr","Israel",2020,83.43
"ita","Italy",2000,79.56
"ita","Italy",2001,79.83
"ita","Italy",2002,80.07
"ita","Italy",2003,80.12
"ita","Italy",2004,80.72
"ita","Italy",2005,80.91
"ita","Italy",2006,81.2
"ita","Italy",2007,81.38
"ita","Italy",2008,81.52
"ita","Italy",2009,81.65
"ita","Italy",2010,82
"ita","Italy",2011,82.07
"ita","Italy",2012,82.19
"ita","Italy",2013,82.46
"ita","Italy",2014,82.71
"ita","Italy",2015,82.59
"ita","Italy",2016,82.97
"ita","Italy",2017,83.17
"ita","Italy",2018,83.33
"ita","Italy",2019,83.49
"ita","Italy",2020,83.64
"jam","Jamaica",2000,74.01
"jam","Jamaica",2001,74.18
"jam","Jamaica",2002,75.02
"jam","Jamaica",2003,75.87
"jam","Jamaica",2004,76.46
"jam","Jamaica",2005,77.19
"jam","Jamaica",2006,77.27
"jam","Jamaica",2007,76.39
"jam","Jamaica",2008,75.58
"jam","Jamaica",2009,75
"jam","Jamaica",2010,75.75
"jam","Jamaica",2011,75.7
"jam","Jamaica",2012,75.31
"jam","Jamaica",2013,74.74
"jam","Jamaica",2014,74.54
"jam","Jamaica",2015,74.56
"jam","Jamaica",2016,74.46
"jam","Jamaica",2017,74.66
"jam","Jamaica",2018,74.76
"jam","Jamaica",2019,74.87
"jam","Jamaica",2020,74.98
"jpn","Japan",2000,81.4
"jpn","Japan",2001,81.71
"jpn","Japan",2002,82.02
"jpn","Japan",2003,82.11
"jpn","Japan",2004,82.3
"jpn","Japan",2005,82.31
"jpn","Japan",2006,82.59
"jpn","Japan",2007,82.75
"jpn","Japan",2008,82.9
"jpn","Japan",2009,83.09
"jpn","Japan",2010,83.14
"jpn","Japan",2011,82.86
"jpn","Japan",2012,83.43
"jpn","Japan",2013,83.64
"jpn","Japan",2014,83.84
"jpn","Japan",2015,84.12
"jpn","Japan",2016,84.16
"jpn","Japan",2017,84.19
"jpn","Japan",2018,84.37
"jpn","Japan",2019,84.53
"jpn","Japan",2020,84.66
"jor","Jordan",2000,72.8
"jor","Jordan",2001,73.06
"jor","Jordan",2002,73.42
"jor","Jordan",2003,74.05
"jor","Jordan",2004,74.37
"jor","Jordan",2005,74.63
"jor","Jordan",2006,75.02
"jor","Jordan",2007,75.85
"jor","Jordan",2008,76.63
"jor","Jordan",2009,77.19
"jor","Jordan",2010,77.62
"jor","Jordan",2011,78
"jor","Jordan",2012,78.36
"jor","Jordan",2013,78.7
"jor","Jordan",2014,78.87
"jor","Jordan",2015,79.08
"jor","Jordan",2016,79.2
"jor","Jordan",2017,79.33
"jor","Jordan",2018,79.45
"jor","Jordan",2019,79.58
"jor","Jordan",2020,79.72
"kaz","Kazakhstan",2000,65.55
"kaz","Kazakhstan",2001,65.5
"kaz","Kazakhstan",2002,65.55
"kaz","Kazakhstan",2003,65.31
"kaz","Kazakhstan",2004,65.32
"kaz","Kazakhstan",2005,65.27
"kaz","Kazakhstan",2006,65.46
"kaz","Kazakhstan",2007,66.17
"kaz","Kazakhstan",2008,67.16
"kaz","Kazakhstan",2009,68.19
"kaz","Kazakhstan",2010,68.41
"kaz","Kazakhstan",2011,68.91
"kaz","Kazakhstan",2012,69.47
"kaz","Kazakhstan",2013,70.34
"kaz","Kazakhstan",2014,71.15
"kaz","Kazakhstan",2015,71.65
"kaz","Kazakhstan",2016,71.78
"kaz","Kazakhstan",2017,71.98
"kaz","Kazakhstan",2018,72.48
"kaz","Kazakhstan",2019,72.84
"kaz","Kazakhstan",2020,73.07
"ken","Kenya",2000,55.65
"ken","Kenya",2001,55.7
"ken","Kenya",2002,55.8
"ken","Kenya",2003,55.99
"ken","Kenya",2004,56.35
"ken","Kenya",2005,56.9
"ken","Kenya",2006,57.59
"ken","Kenya",2007,58.41
"ken","Kenya",2008,59.29
"ken","Kenya",2009,60.24
"ken","Kenya",2010,61.21
"ken","Kenya",2011,62.15
"ken","Kenya",2012,62.91
"ken","Kenya",2013,63.48
"ken","Kenya",2014,64.1
"ken","Kenya",2015,64.65
"ken","Kenya",2016,65.27
"ken","Kenya",2017,65.86
"ken","Kenya",2018,66.29
"ken","Kenya",2019,66.65
"ken","Kenya",2020,66.94
"kir","Kiribati",2000,59.31
"kir","Kiribati",2001,59.47
"kir","Kiribati",2002,59.62
"kir","Kiribati",2003,59.77
"kir","Kiribati",2004,59.91
"kir","Kiribati",2005,60.1
"kir","Kiribati",2006,60.25
"kir","Kiribati",2007,60.45
"kir","Kiribati",2008,60.62
"kir","Kiribati",2009,60.78
"kir","Kiribati",2010,60.94
"kir","Kiribati",2011,61.11
"kir","Kiribati",2012,61.27
"kir","Kiribati",2013,61.48
"kir","Kiribati",2014,61.68
"kir","Kiribati",2015,61.91
"kir","Kiribati",2016,62.16
"kir","Kiribati",2017,62.41
"kir","Kiribati",2018,62.66
"kir","Kiribati",2019,62.89
"kir","Kiribati",2020,63.11
"prk","North Korea",2000,62.13
"prk","North Korea",2001,61.98
"prk","North Korea",2002,61.88
"prk","North Korea",2003,70.21
"prk","North Korea",2004,70.23
"prk","North Korea",2005,70.29
"prk","North Korea",2006,70.37
"prk","North Korea",2007,70.42
"prk","North Korea",2008,70.6
"prk","North Korea",2009,70.72
"prk","North Korea",2010,70.86
"prk","North Korea",2011,70.98
"prk","North Korea",2012,71.12
"prk","North Korea",2013,71.28
"prk","North Korea",2014,71.44
"prk","North Korea",2015,71.6
"prk","North Korea",2016,71.75
"prk","North Korea",2017,72
"prk","North Korea",2018,72.18
"prk","North Korea",2019,72.36
"prk","North Korea",2020,72.54
"kor","South Korea",2000,76.26
"kor","South Korea",2001,76.79
"kor","South Korea",2002,77.23
"kor","South Korea",2003,77.63
"kor","South Korea",2004,78.16
"kor","South Korea",2005,78.7
"kor","South Korea",2006,79.24
"kor","South Korea",2007,79.66
"kor","South Korea",2008,80.06
"kor","South Korea",2009,80.39
"kor","South Korea",2010,80.62
"kor","South Korea",2011,80.89
"kor","South Korea",2012,81.19
"kor","South Korea",2013,81.64
"kor","South Korea",2014,82.03
"kor","South Korea",2015,82.3
"kor","South Korea",2016,82.52
"kor","South Korea",2017,82.6
"kor","South Korea",2018,82.82
"kor","South Korea",2019,83
"kor","South Korea",2020,83.16
"kwt","Kuwait",2000,78.56
"kwt","Kuwait",2001,79.29
"kwt","Kuwait",2002,79.42
"kwt","Kuwait",2003,79.52
"kwt","Kuwait",2004,79.33
"kwt","Kuwait",2005,79.19
"kwt","Kuwait",2006,79.19
"kwt","Kuwait",2007,79.48
"kwt","Kuwait",2008,79.6
"kwt","Kuwait",2009,80.15
"kwt","Kuwait",2010,81.24
"kwt","Kuwait",2011,81.97
"kwt","Kuwait",2012,82.19
"kwt","Kuwait",2013,82.54
"kwt","Kuwait",2014,82.84
"kwt","Kuwait",2015,82.94
"kwt","Kuwait",2016,83.07
"kwt","Kuwait",2017,83.12
"kwt","Kuwait",2018,83.22
"kwt","Kuwait",2019,83.32
"kwt","Kuwait",2020,83.43
"kgz","Kyrgyz Republic",2000,66.86
"kgz","Kyrgyz Republic",2001,67.03
"kgz","Kyrgyz Republic",2002,67.02
"kgz","Kyrgyz Republic",2003,67
"kgz","Kyrgyz Republic",2004,67.07
"kgz","Kyrgyz Republic",2005,67.08
"kgz","Kyrgyz Republic",2006,67.23
"kgz","Kyrgyz Republic",2007,67.65
"kgz","Kyrgyz Republic",2008,68.44
"kgz","Kyrgyz Republic",2009,69.32
"kgz","Kyrgyz Republic",2010,69.7
"kgz","Kyrgyz Republic",2011,70.28
"kgz","Kyrgyz Republic",2012,70.63
"kgz","Kyrgyz Republic",2013,70.97
"kgz","Kyrgyz Republic",2014,71.31
"kgz","Kyrgyz Republic",2015,71.87
"kgz","Kyrgyz Republic",2016,72.54
"kgz","Kyrgyz Republic",2017,72.71
"kgz","Kyrgyz Republic",2018,72.84
"kgz","Kyrgyz Republic",2019,72.98
"kgz","Kyrgyz Republic",2020,73.12
"lao","Lao",2000,57.06
"lao","Lao",2001,57.65
"lao","Lao",2002,58.4
"lao","Lao",2003,59.05
"lao","Lao",2004,59.72
"lao","Lao",2005,60.34
"lao","Lao",2006,60.98
"lao","Lao",2007,61.7
"lao","Lao",2008,62.37
"lao","Lao",2009,63.06
"lao","Lao",2010,63.77
"lao","Lao",2011,64.45
"lao","Lao",2012,65.04
"lao","Lao",2013,65.58
"lao","Lao",2014,66.14
"lao","Lao",2015,66.63
"lao","Lao",2016,67.12
"lao","Lao",2017,67.58
"lao","Lao",2018,67.92
"lao","Lao",2019,68.23
"lao","Lao",2020,68.53
"lva","Latvia",2000,70.68
"lva","Latvia",2001,70.16
"lva","Latvia",2002,70.47
"lva","Latvia",2003,70.89
"lva","Latvia",2004,71.18
"lva","Latvia",2005,70.83
"lva","Latvia",2006,70.26
"lva","Latvia",2007,70.85
"lva","Latvia",2008,72.09
"lva","Latvia",2009,72.84
"lva","Latvia",2010,73.2
"lva","Latvia",2011,73.83
"lva","Latvia",2012,74.17
"lva","Latvia",2013,74.17
"lva","Latvia",2014,74.57
"lva","Latvia",2015,74.91
"lva","Latvia",2016,75.03
"lva","Latvia",2017,75.17
"lva","Latvia",2018,75.29
"lva","Latvia",2019,75.41
"lva","Latvia",2020,75.54
"lbn","Lebanon",2000,75.39
"lbn","Lebanon",2001,75.7
"lbn","Lebanon",2002,75.91
"lbn","Lebanon",2003,76.08
"lbn","Lebanon",2004,76.25
"lbn","Lebanon",2005,76.38
"lbn","Lebanon",2006,76.15
"lbn","Lebanon",2007,76.57
"lbn","Lebanon",2008,76.69
"lbn","Lebanon",2009,76.98
"lbn","Lebanon",2010,77.17
"lbn","Lebanon",2011,77.35
"lbn","Lebanon",2012,77.49
"lbn","Lebanon",2013,77.55
"lbn","Lebanon",2014,77.68
"lbn","Lebanon",2015,77.78
"lbn","Lebanon",2016,77.97
"lbn","Lebanon",2017,77.97
"lbn","Lebanon",2018,78.01
"lbn","Lebanon",2019,78.06
"lbn","Lebanon",2020,78.14
"lso","Lesotho",2000,48.86
"lso","Lesotho",2001,47.69
"lso","Lesotho",2002,46.55
"lso","Lesotho",2003,45.58
"lso","Lesotho",2004,44.83
"lso","Lesotho",2005,44.35
"lso","Lesotho",2006,44.21
"lso","Lesotho",2007,44.53
"lso","Lesotho",2008,45.11
"lso","Lesotho",2009,46.5
"lso","Lesotho",2010,47.81
"lso","Lesotho",2011,48.49
"lso","Lesotho",2012,48.93
"lso","Lesotho",2013,49.39
"lso","Lesotho",2014,49.87
"lso","Lesotho",2015,50.54
"lso","Lesotho",2016,52.55
"lso","Lesotho",2017,54.66
"lso","Lesotho",2018,55.45
"lso","Lesotho",2019,56.09
"lso","Lesotho",2020,56.61
"lbr","Liberia",2000,54.32
"lbr","Liberia",2001,55.21
"lbr","Liberia",2002,55.02
"lbr","Liberia",2003,55.13
"lbr","Liberia",2004,57.98
"lbr","Liberia",2005,58.7
"lbr","Liberia",2006,59.35
"lbr","Liberia",2007,59.97
"lbr","Liberia",2008,60.49
"lbr","Liberia",2009,60.88
"lbr","Liberia",2010,61.29
"lbr","Liberia",2011,61.75
"lbr","Liberia",2012,62.27
"lbr","Liberia",2013,62.76
"lbr","Liberia",2014,59.48
"lbr","Liberia",2015,62.04
"lbr","Liberia",2016,63.9
"lbr","Liberia",2017,64.41
"lbr","Liberia",2018,64.85
"lbr","Liberia",2019,65.23
"lbr","Liberia",2020,65.55
"lby","Libya",2000,73.2
"lby","Libya",2001,73.35
"lby","Libya",2002,73.44
"lby","Libya",2003,73.85
"lby","Libya",2004,73.91
"lby","Libya",2005,73.98
"lby","Libya",2006,74.48
"lby","Libya",2007,74.77
"lby","Libya",2008,74.39
"lby","Libya",2009,73.63
"lby","Libya",2010,73.44
"lby","Libya",2011,56.3
"lby","Libya",2012,73.36
"lby","Libya",2013,73.58
"lby","Libya",2014,72.13
"lby","Libya",2015,73.08
"lby","Libya",2016,72.39
"lby","Libya",2017,72.96
"lby","Libya",2018,73.16
"lby","Libya",2019,73.35
"lby","Libya",2020,73.52
"ltu","Lithuania",2000,72.35
"ltu","Lithuania",2001,71.8
"ltu","Lithuania",2002,72.16
"ltu","Lithuania",2003,72.16
"ltu","Lithuania",2004,72.09
"ltu","Lithuania",2005,71.41
"ltu","Lithuania",2006,71.05
"ltu","Lithuania",2007,70.73
"ltu","Lithuania",2008,71.59
"ltu","Lithuania",2009,73.07
"ltu","Lithuania",2010,73.31
"ltu","Lithuania",2011,73.73
"ltu","Lithuania",2012,74.01
"ltu","Lithuania",2013,74.03
"ltu","Lithuania",2014,74.58
"ltu","Lithuania",2015,74.66
"ltu","Lithuania",2016,74.86
"ltu","Lithuania",2017,75.02
"ltu","Lithuania",2018,75.25
"ltu","Lithuania",2019,75.44
"ltu","Lithuania",2020,75.61
"lux","Luxembourg",2000,78
"lux","Luxembourg",2001,78.26
"lux","Luxembourg",2002,78.42
"lux","Luxembourg",2003,78.74
"lux","Luxembourg",2004,79.05
"lux","Luxembourg",2005,79.41
"lux","Luxembourg",2006,79.69
"lux","Luxembourg",2007,80.12
"lux","Luxembourg",2008,80.49
"lux","Luxembourg",2009,80.66
"lux","Luxembourg",2010,80.8
"lux","Luxembourg",2011,80.98
"lux","Luxembourg",2012,81.14
"lux","Luxembourg",2013,81.33
"lux","Luxembourg",2014,81.38
"lux","Luxembourg",2015,81.44
"lux","Luxembourg",2016,81.59
"lux","Luxembourg",2017,81.66
"lux","Luxembourg",2018,81.81
"lux","Luxembourg",2019,81.96
"lux","Luxembourg",2020,82.11
"mkd","Macedonia, FYR",2000,73.94
"mkd","Macedonia, FYR",2001,73.74
"mkd","Macedonia, FYR",2002,73.92
"mkd","Macedonia, FYR",2003,74.14
"mkd","Macedonia, FYR",2004,74.67
"mkd","Macedonia, FYR",2005,74.81
"mkd","Macedonia, FYR",2006,74.79
"mkd","Macedonia, FYR",2007,74.91
"mkd","Macedonia, FYR",2008,75.37
"mkd","Macedonia, FYR",2009,75.47
"mkd","Macedonia, FYR",2010,75.86
"mkd","Macedonia, FYR",2011,76.26
"mkd","Macedonia, FYR",2012,76.3
"mkd","Macedonia, FYR",2013,76.75
"mkd","Macedonia, FYR",2014,76.95
"mkd","Macedonia, FYR",2015,76.54
"mkd","Macedonia, FYR",2016,76.31
"mkd","Macedonia, FYR",2017,76.55
"mkd","Macedonia, FYR",2018,76.65
"mkd","Macedonia, FYR",2019,76.76
"mkd","Macedonia, FYR",2020,76.88
"mdg","Madagascar",2000,58.94
"mdg","Madagascar",2001,59.56
"mdg","Madagascar",2002,59.79
"mdg","Madagascar",2003,59.95
"mdg","Madagascar",2004,60.22
"mdg","Madagascar",2005,60.72
"mdg","Madagascar",2006,61.08
"mdg","Madagascar",2007,61.38
"mdg","Madagascar",2008,61.5
"mdg","Madagascar",2009,61.51
"mdg","Madagascar",2010,61.66
"mdg","Madagascar",2011,61.9
"mdg","Madagascar",2012,62.14
"mdg","Madagascar",2013,62.38
"mdg","Madagascar",2014,62.64
"mdg","Madagascar",2015,62.95
"mdg","Madagascar",2016,63.22
"mdg","Madagascar",2017,63.51
"mdg","Madagascar",2018,63.86
"mdg","Madagascar",2019,64.21
"mdg","Madagascar",2020,64.54
"mwi","Malawi",2000,44.56
"mwi","Malawi",2001,44.91
"mwi","Malawi",2002,45.29
"mwi","Malawi",2003,45.98
"mwi","Malawi",2004,46.66
"mwi","Malawi",2005,47.52
"mwi","Malawi",2006,48.5
"mwi","Malawi",2007,49.72
"mwi","Malawi",2008,51.12
"mwi","Malawi",2009,52.55
"mwi","Malawi",2010,54.17
"mwi","Malawi",2011,56.06
"mwi","Malawi",2012,58.05
"mwi","Malawi",2013,59.61
"mwi","Malawi",2014,60.88
"mwi","Malawi",2015,61.7
"mwi","Malawi",2016,62.4
"mwi","Malawi",2017,63.21
"mwi","Malawi",2018,63.73
"mwi","Malawi",2019,64.2
"mwi","Malawi",2020,64.63
"mys","Malaysia",2000,72.78
"mys","Malaysia",2001,73.16
"mys","Malaysia",2002,73.4
"mys","Malaysia",2003,73.39
"mys","Malaysia",2004,73.65
"mys","Malaysia",2005,74.01
"mys","Malaysia",2006,74.33
"mys","Malaysia",2007,74.46
"mys","Malaysia",2008,74.3
"mys","Malaysia",2009,74.09
"mys","Malaysia",2010,74.4
"mys","Malaysia",2011,74.88
"mys","Malaysia",2012,74.9
"mys","Malaysia",2013,75.02
"mys","Malaysia",2014,74.63
"mys","Malaysia",2015,74.59
"mys","Malaysia",2016,74.72
"mys","Malaysia",2017,74.72
"mys","Malaysia",2018,74.89
"mys","Malaysia",2019,75.05
"mys","Malaysia",2020,75.2
"mdv","Maldives",2000,72.27
"mdv","Maldives",2001,73.01
"mdv","Maldives",2002,73.79
"mdv","Maldives",2003,74.53
"mdv","Maldives",2004,73.78
"mdv","Maldives",2005,75.59
"mdv","Maldives",2006,76.22
"mdv","Maldives",2007,76.85
"mdv","Maldives",2008,77.53
"mdv","Maldives",2009,78.54
"mdv","Maldives",2010,79.16
"mdv","Maldives",2011,79.77
"mdv","Maldives",2012,80.42
"mdv","Maldives",2013,80.76
"mdv","Maldives",2014,81.03
"mdv","Maldives",2015,81.2
"mdv","Maldives",2016,81.34
"mdv","Maldives",2017,81.45
"mdv","Maldives",2018,81.76
"mdv","Maldives",2019,82.07
"mdv","Maldives",2020,82.37
"mli","Mali",2000,53.32
"mli","Mali",2001,53.97
"mli","Mali",2002,54.55
"mli","Mali",2003,55.26
"mli","Mali",2004,55.98
"mli","Mali",2005,56.69
"mli","Mali",2006,57.24
"mli","Mali",2007,57.83
"mli","Mali",2008,58.4
"mli","Mali",2009,58.95
"mli","Mali",2010,59.44
"mli","Mali",2011,59.92
"mli","Mali",2012,60.21
"mli","Mali",2013,60.32
"mli","Mali",2014,60.77
"mli","Mali",2015,61.13
"mli","Mali",2016,61.61
"mli","Mali",2017,61.95
"mli","Mali",2018,62.42
"mli","Mali",2019,62.86
"mli","Mali",2020,63.27
"mlt","Malta",2000,78.49
"mlt","Malta",2001,78.68
"mlt","Malta",2002,78.95
"mlt","Malta",2003,79.13
"mlt","Malta",2004,79.23
"mlt","Malta",2005,79.34
"mlt","Malta",2006,79.51
"mlt","Malta",2007,79.64
"mlt","Malta",2008,79.89
"mlt","Malta",2009,80.19
"mlt","Malta",2010,80.42
"mlt","Malta",2011,80.73
"mlt","Malta",2012,80.86
"mlt","Malta",2013,81.11
"mlt","Malta",2014,81.26
"mlt","Malta",2015,81.23
"mlt","Malta",2016,81.02
"mlt","Malta",2017,80.99
"mlt","Malta",2018,81.14
"mlt","Malta",2019,81.3
"mlt","Malta",2020,81.45
"mhl","Marshall Islands",2000,61.73
"mhl","Marshall Islands",2001,61.98
"mhl","Marshall Islands",2002,62.01
"mhl","Marshall Islands",2003,62.03
"mhl","Marshall Islands",2004,62.07
"mhl","Marshall Islands",2005,62.12
"mhl","Marshall Islands",2006,62.2
"mhl","Marshall Islands",2007,62.39
"mhl","Marshall Islands",2008,62.58
"mhl","Marshall Islands",2009,62.77
"mhl","Marshall Islands",2010,62.98
"mhl","Marshall Islands",2011,63.22
"mhl","Marshall Islands",2012,63.45
"mhl","Marshall Islands",2013,63.68
"mhl","Marshall Islands",2014,63.9
"mhl","Marshall Islands",2015,64.1
"mhl","Marshall Islands",2016,64.32
"mhl","Marshall Islands",2017,64.54
"mrt","Mauritania",2000,63.49
"mrt","Mauritania",2001,63.92
"mrt","Mauritania",2002,64.42
"mrt","Mauritania",2003,64.87
"mrt","Mauritania",2004,65.33
"mrt","Mauritania",2005,65.68
"mrt","Mauritania",2006,66.39
"mrt","Mauritania",2007,66.88
"mrt","Mauritania",2008,67.42
"mrt","Mauritania",2009,67.84
"mrt","Mauritania",2010,68.24
"mrt","Mauritania",2011,68.6
"mrt","Mauritania",2012,68.98
"mrt","Mauritania",2013,69.29
"mrt","Mauritania",2014,69.63
"mrt","Mauritania",2015,69.91
"mrt","Mauritania",2016,70.23
"mrt","Mauritania",2017,70.53
"mrt","Mauritania",2018,70.79
"mrt","Mauritania",2019,71.03
"mrt","Mauritania",2020,71.25
"mus","Mauritius",2000,72.21
"mus","Mauritius",2001,72.36
"mus","Mauritius",2002,72.4
"mus","Mauritius",2003,72.71
"mus","Mauritius",2004,72.97
"mus","Mauritius",2005,72.9
"mus","Mauritius",2006,73.02
"mus","Mauritius",2007,73.41
"mus","Mauritius",2008,73.46
"mus","Mauritius",2009,73.63
"mus","Mauritius",2010,73.98
"mus","Mauritius",2011,74.29
"mus","Mauritius",2012,74.22
"mus","Mauritius",2013,74.53
"mus","Mauritius",2014,74.44
"mus","Mauritius",2015,74.49
"mus","Mauritius",2016,74.54
"mus","Mauritius",2017,74.77
"mus","Mauritius",2018,74.89
"mus","Mauritius",2019,75.02
"mus","Mauritius",2020,75.16
"mex","Mexico",2000,74.59
"mex","Mexico",2001,74.93
"mex","Mexico",2002,74.96
"mex","Mexico",2003,75.02
"mex","Mexico",2004,75.39
"mex","Mexico",2005,75.35
"mex","Mexico",2006,75.67
"mex","Mexico",2007,75.91
"mex","Mexico",2008,75.49
"mex","Mexico",2009,75.2
"mex","Mexico",2010,75.23
"mex","Mexico",2011,75.48
"mex","Mexico",2012,75.62
"mex","Mexico",2013,75.73
"mex","Mexico",2014,75.84
"mex","Mexico",2015,75.92
"mex","Mexico",2016,75.87
"mex","Mexico",2017,75.52
"mex","Mexico",2018,75.57
"mex","Mexico",2019,75.63
"mex","Mexico",2020,75.71
"fsm","Micronesia, Fed. Sts.",2000,65.22
"fsm","Micronesia, Fed. Sts.",2001,65.9
"fsm","Micronesia, Fed. Sts.",2002,65.13
"fsm","Micronesia, Fed. Sts.",2003,66.4
"fsm","Micronesia, Fed. Sts.",2004,66.46
"fsm","Micronesia, Fed. Sts.",2005,66.59
"fsm","Micronesia, Fed. Sts.",2006,66.67
"fsm","Micronesia, Fed. Sts.",2007,66.76
"fsm","Micronesia, Fed. Sts.",2008,66.81
"fsm","Micronesia, Fed. Sts.",2009,66.87
"fsm","Micronesia, Fed. Sts.",2010,66.96
"fsm","Micronesia, Fed. Sts.",2011,67.05
"fsm","Micronesia, Fed. Sts.",2012,67.14
"fsm","Micronesia, Fed. Sts.",2013,67.18
"fsm","Micronesia, Fed. Sts.",2014,67.16
"fsm","Micronesia, Fed. Sts.",2015,67.04
"fsm","Micronesia, Fed. Sts.",2016,67.17
"fsm","Micronesia, Fed. Sts.",2017,67.21
"fsm","Micronesia, Fed. Sts.",2018,67.34
"fsm","Micronesia, Fed. Sts.",2019,67.47
"fsm","Micronesia, Fed. Sts.",2020,67.59
"mda","Moldova",2000,68.6
"mda","Moldova",2001,68.87
"mda","Moldova",2002,69.11
"mda","Moldova",2003,69.2
"mda","Moldova",2004,69.12
"mda","Moldova",2005,68.68
"mda","Moldova",2006,68.93
"mda","Moldova",2007,69.29
"mda","Moldova",2008,69.58
"mda","Moldova",2009,69.58
"mda","Moldova",2010,69.75
"mda","Moldova",2011,70.94
"mda","Moldova",2012,71.53
"mda","Moldova",2013,72.08
"mda","Moldova",2014,71.87
"mda","Moldova",2015,71.82
"mda","Moldova",2016,72.44
"mda","Moldova",2017,72.9
"mda","Moldova",2018,72.99
"mda","Moldova",2019,73.08
"mda","Moldova",2020,73.19
"mng","Mongolia",2000,62
"mng","Mongolia",2001,62.39
"mng","Mongolia",2002,62.81
"mng","Mongolia",2003,63.19
"mng","Mongolia",2004,63.55
"mng","Mongolia",2005,63.86
"mng","Mongolia",2006,64.41
"mng","Mongolia",2007,65.01
"mng","Mongolia",2008,65.48
"mng","Mongolia",2009,65.64
"mng","Mongolia",2010,66.05
"mng","Mongolia",2011,66.65
"mng","Mongolia",2012,67.24
"mng","Mongolia",2013,67.77
"mng","Mongolia",2014,68.27
"mng","Mongolia",2015,68.6
"mng","Mongolia",2016,68.77
"mng","Mongolia",2017,68.94
"mng","Mongolia",2018,69.12
"mng","Mongolia",2019,69.3
"mng","Mongolia",2020,69.49
"mne","Montenegro",2000,73.9
"mne","Montenegro",2001,74.01
"mne","Montenegro",2002,74.18
"mne","Montenegro",2003,74.26
"mne","Montenegro",2004,74.43
"mne","Montenegro",2005,74.49
"mne","Montenegro",2006,74.68
"mne","Montenegro",2007,75.03
"mne","Montenegro",2008,75.33
"mne","Montenegro",2009,75.7
"mne","Montenegro",2010,75.97
"mne","Montenegro",2011,76.14
"mne","Montenegro",2012,76.21
"mne","Montenegro",2013,76.15
"mne","Montenegro",2014,76.27
"mne","Montenegro",2015,76.38
"mne","Montenegro",2016,76.43
"mne","Montenegro",2017,76.49
"mne","Montenegro",2018,76.59
"mne","Montenegro",2019,76.71
"mne","Montenegro",2020,76.84
"mar","Morocco",2000,69.31
"mar","Morocco",2001,69.65
"mar","Morocco",2002,69.98
"mar","Morocco",2003,70.25
"mar","Morocco",2004,70.53
"mar","Morocco",2005,70.85
"mar","Morocco",2006,71.1
"mar","Morocco",2007,71.39
"mar","Morocco",2008,71.6
"mar","Morocco",2009,71.86
"mar","Morocco",2010,72.08
"mar","Morocco",2011,72.27
"mar","Morocco",2012,72.63
"mar","Morocco",2013,72.92
"mar","Morocco",2014,73.18
"mar","Morocco",2015,73.45
"mar","Morocco",2016,73.71
"mar","Morocco",2017,73.97
"mar","Morocco",2018,74.2
"mar","Morocco",2019,74.42
"mar","Morocco",2020,74.64
"moz","Mozambique",2000,50.46
"moz","Mozambique",2001,50.59
"moz","Mozambique",2002,50.53
"moz","Mozambique",2003,50.56
"moz","Mozambique",2004,50.56
"moz","Mozambique",2005,50.57
"moz","Mozambique",2006,50.65
"moz","Mozambique",2007,50.84
"moz","Mozambique",2008,51.33
"moz","Mozambique",2009,51.66
"moz","Mozambique",2010,51.99
"moz","Mozambique",2011,52.45
"moz","Mozambique",2012,52.87
"moz","Mozambique",2013,53.82
"moz","Mozambique",2014,55.13
"moz","Mozambique",2015,56.21
"moz","Mozambique",2016,57.31
"moz","Mozambique",2017,58.35
"moz","Mozambique",2018,59.19
"moz","Mozambique",2019,59.86
"moz","Mozambique",2020,60.39
"mmr","Myanmar",2000,58.72
"mmr","Myanmar",2001,59.15
"mmr","Myanmar",2002,59.59
"mmr","Myanmar",2003,60.09
"mmr","Myanmar",2004,60.58
"mmr","Myanmar",2005,61.23
"mmr","Myanmar",2006,61.85
"mmr","Myanmar",2007,62.55
"mmr","Myanmar",2008,57.58
"mmr","Myanmar",2009,63.98
"mmr","Myanmar",2010,64.75
"mmr","Myanmar",2011,65.42
"mmr","Myanmar",2012,66.12
"mmr","Myanmar",2013,66.76
"mmr","Myanmar",2014,67.38
"mmr","Myanmar",2015,67.84
"mmr","Myanmar",2016,68.35
"mmr","Myanmar",2017,68.5
"mmr","Myanmar",2018,68.82
"mmr","Myanmar",2019,69.1
"mmr","Myanmar",2020,69.33
"nam","Namibia",2000,54.52
"nam","Namibia",2001,53.92
"nam","Namibia",2002,53.13
"nam","Namibia",2003,52.62
"nam","Namibia",2004,52.39
"nam","Namibia",2005,52.59
"nam","Namibia",2006,53.31
"nam","Namibia",2007,54.53
"nam","Namibia",2008,56.04
"nam","Namibia",2009,57.3
"nam","Namibia",2010,58.95
"nam","Namibia",2011,60.87
"nam","Namibia",2012,62.59
"nam","Namibia",2013,63.92
"nam","Namibia",2014,64.86
"nam","Namibia",2015,65.55
"nam","Namibia",2016,66.19
"nam","Namibia",2017,66.49
"nam","Namibia",2018,66.87
"nam","Namibia",2019,67.22
"nam","Namibia",2020,67.57
"npl","Nepal",2000,65.74
"npl","Nepal",2001,66.39
"npl","Nepal",2002,66.45
"npl","Nepal",2003,67.27
"npl","Nepal",2004,67.5
"npl","Nepal",2005,67.95
"npl","Nepal",2006,68.25
"npl","Nepal",2007,68.48
"npl","Nepal",2008,68.71
"npl","Nepal",2009,68.95
"npl","Nepal",2010,69.2
"npl","Nepal",2011,69.37
"npl","Nepal",2012,69.62
"npl","Nepal",2013,69.88
"npl","Nepal",2014,70.16
"npl","Nepal",2015,69.59
"npl","Nepal",2016,70.64
"npl","Nepal",2017,70.92
"npl","Nepal",2018,71.23
"npl","Nepal",2019,71.53
"npl","Nepal",2020,71.83
"nld","Netherlands",2000,78.08
"nld","Netherlands",2001,78.25
"nld","Netherlands",2002,78.42
"nld","Netherlands",2003,78.63
"nld","Netherlands",2004,79.11
"nld","Netherlands",2005,79.5
"nld","Netherlands",2006,79.85
"nld","Netherlands",2007,80.22
"nld","Netherlands",2008,80.34
"nld","Netherlands",2009,80.62
"nld","Netherlands",2010,80.81
"nld","Netherlands",2011,80.95
"nld","Netherlands",2012,81.04
"nld","Netherlands",2013,81.29
"nld","Netherlands",2014,81.55
"nld","Netherlands",2015,81.55
"nld","Netherlands",2016,81.48
"nld","Netherlands",2017,81.52
"nld","Netherlands",2018,81.66
"nld","Netherlands",2019,81.79
"nld","Netherlands",2020,81.93
"nzl","New Zealand",2000,78.35
"nzl","New Zealand",2001,78.56
"nzl","New Zealand",2002,78.65
"nzl","New Zealand",2003,78.9
"nzl","New Zealand",2004,79.26
"nzl","New Zealand",2005,79.69
"nzl","New Zealand",2006,79.93
"nzl","New Zealand",2007,79.99
"nzl","New Zealand",2008,80.14
"nzl","New Zealand",2009,80.42
"nzl","New Zealand",2010,80.69
"nzl","New Zealand",2011,80.6
"nzl","New Zealand",2012,81.04
"nzl","New Zealand",2013,81.34
"nzl","New Zealand",2014,81.35
"nzl","New Zealand",2015,81.54
"nzl","New Zealand",2016,81.65
"nzl","New Zealand",2017,81.64
"nzl","New Zealand",2018,81.78
"nzl","New Zealand",2019,81.92
"nzl","New Zealand",2020,82.07
"nic","Nicaragua",2000,74.97
"nic","Nicaragua",2001,75.02
"nic","Nicaragua",2002,75.1
"nic","Nicaragua",2003,75.23
"nic","Nicaragua",2004,75.47
"nic","Nicaragua",2005,75.62
"nic","Nicaragua",2006,76.33
"nic","Nicaragua",2007,76.51
"nic","Nicaragua",2008,76.8
"nic","Nicaragua",2009,77.14
"nic","Nicaragua",2010,77.64
"nic","Nicaragua",2011,77.65
"nic","Nicaragua",2012,77.65
"nic","Nicaragua",2013,77.63
"nic","Nicaragua",2014,77.43
"nic","Nicaragua",2015,78.06
"nic","Nicaragua",2016,78.49
"nic","Nicaragua",2017,78.8
"nic","Nicaragua",2018,79.02
"nic","Nicaragua",2019,79.24
"nic","Nicaragua",2020,79.47
"ner","Niger",2000,51.81
"ner","Niger",2001,52.42
"ner","Niger",2002,53.23
"ner","Niger",2003,53.97
"ner","Niger",2004,54.86
"ner","Niger",2005,55.66
"ner","Niger",2006,56.46
"ner","Niger",2007,57.19
"ner","Niger",2008,57.99
"ner","Niger",2009,58.54
"ner","Niger",2010,59.09
"ner","Niger",2011,59.53
"ner","Niger",2012,59.99
"ner","Niger",2013,60.48
"ner","Niger",2014,60.97
"ner","Niger",2015,61.34
"ner","Niger",2016,61.87
"ner","Niger",2017,62.37
"ner","Niger",2018,62.8
"ner","Niger",2019,63.2
"ner","Niger",2020,63.57
"nga","Nigeria",2000,55.16
"nga","Nigeria",2001,55.44
"nga","Nigeria",2002,55.7
"nga","Nigeria",2003,56.05
"nga","Nigeria",2004,56.55
"nga","Nigeria",2005,57.26
"nga","Nigeria",2006,57.86
"nga","Nigeria",2007,58.49
"nga","Nigeria",2008,59.21
"nga","Nigeria",2009,59.89
"nga","Nigeria",2010,60.51
"nga","Nigeria",2011,61.13
"nga","Nigeria",2012,61.73
"nga","Nigeria",2013,62.36
"nga","Nigeria",2014,62.58
"nga","Nigeria",2015,63.36
"nga","Nigeria",2016,63.86
"nga","Nigeria",2017,64.35
"nga","Nigeria",2018,64.81
"nga","Nigeria",2019,65.23
"nga","Nigeria",2020,65.63
"nor","Norway",2000,78.56
"nor","Norway",2001,78.83
"nor","Norway",2002,79.04
"nor","Norway",2003,79.5
"nor","Norway",2004,79.82
"nor","Norway",2005,80.13
"nor","Norway",2006,80.42
"nor","Norway",2007,80.55
"nor","Norway",2008,80.67
"nor","Norway",2009,80.77
"nor","Norway",2010,80.91
"nor","Norway",2011,80.82
"nor","Norway",2012,81.47
"nor","Norway",2013,81.5
"nor","Norway",2014,81.91
"nor","Norway",2015,82.27
"nor","Norway",2016,82.36
"nor","Norway",2017,82.34
"nor","Norway",2018,82.46
"nor","Norway",2019,82.59
"nor","Norway",2020,82.74
"omn","Oman",2000,73.04
"omn","Oman",2001,73.4
"omn","Oman",2002,73.73
"omn","Oman",2003,74.13
"omn","Oman",2004,74.53
"omn","Oman",2005,74.89
"omn","Oman",2006,75.08
"omn","Oman",2007,75.17
"omn","Oman",2008,75.24
"omn","Oman",2009,75.32
"omn","Oman",2010,75.21
"omn","Oman",2011,75.03
"omn","Oman",2012,75.37
"omn","Oman",2013,75.96
"omn","Oman",2014,76.21
"omn","Oman",2015,76.41
"omn","Oman",2016,76.94
"omn","Oman",2017,77.1
"omn","Oman",2018,77.34
"omn","Oman",2019,77.57
"omn","Oman",2020,77.78
"pak","Pakistan",2000,61.94
"pak","Pakistan",2001,62.12
"pak","Pakistan",2002,62.29
"pak","Pakistan",2003,62.44
"pak","Pakistan",2004,62.65
"pak","Pakistan",2005,61.76
"pak","Pakistan",2006,63.11
"pak","Pakistan",2007,63.49
"pak","Pakistan",2008,63.71
"pak","Pakistan",2009,64.01
"pak","Pakistan",2010,64.3
"pak","Pakistan",2011,64.71
"pak","Pakistan",2012,65
"pak","Pakistan",2013,65.33
"pak","Pakistan",2014,65.47
"pak","Pakistan",2015,65.99
"pak","Pakistan",2016,66.41
"pak","Pakistan",2017,66.85
"pak","Pakistan",2018,67.02
"pak","Pakistan",2019,67.18
"pak","Pakistan",2020,67.33
"pan","Panama",2000,77.4
"pan","Panama",2001,77.66
"pan","Panama",2002,77.75
"pan","Panama",2003,77.8
"pan","Panama",2004,78.01
"pan","Panama",2005,78.05
"pan","Panama",2006,77.98
"pan","Panama",2007,78.2
"pan","Panama",2008,78.1
"pan","Panama",2009,78.1
"pan","Panama",2010,78.18
"pan","Panama",2011,78.34
"pan","Panama",2012,78.32
"pan","Panama",2013,78.41
"pan","Panama",2014,78.61
"pan","Panama",2015,78.93
"pan","Panama",2016,79.12
"pan","Panama",2017,79.29
"pan","Panama",2018,79.47
"pan","Panama",2019,79.65
"pan","Panama",2020,79.83
"png","Papua New Guinea",2000,56.04
"png","Papua New Guinea",2001,55.94
"png","Papua New Guinea",2002,55.83
"png","Papua New Guinea",2003,55.68
"png","Papua New Guinea",2004,55.61
"png","Papua New Guinea",2005,55.6
"png","Papua New Guinea",2006,55.6
"png","Papua New Guinea",2007,55.67
"png","Papua New Guinea",2008,55.86
"png","Papua New Guinea",2009,56.04
"png","Papua New Guinea",2010,56.3
"png","Papua New Guinea",2011,56.6
"png","Papua New Guinea",2012,56.82
"png","Papua New Guinea",2013,57.22
"png","Papua New Guinea",2014,57.59
"png","Papua New Guinea",2015,57.93
"png","Papua New Guinea",2016,58.23
"png","Papua New Guinea",2017,58.5
"png","Papua New Guinea",2018,58.73
"png","Papua New Guinea",2019,58.94
"png","Papua New Guinea",2020,59.15
"pry","Paraguay",2000,74.53
"pry","Paraguay",2001,74.84
"pry","Paraguay",2002,74.94
"pry","Paraguay",2003,74.67
"pry","Paraguay",2004,74.1
"pry","Paraguay",2005,74.37
"pry","Paraguay",2006,74.35
"pry","Paraguay",2007,74.82
"pry","Paraguay",2008,74.92
"pry","Paraguay",2009,74.65
"pry","Paraguay",2010,74.61
"pry","Paraguay",2011,74.85
"pry","Paraguay",2012,75.06
"pry","Paraguay",2013,74.91
"pry","Paraguay",2014,75.32
"pry","Paraguay",2015,75.75
"pry","Paraguay",2016,75.93
"pry","Paraguay",2017,76.12
"pry","Paraguay",2018,76.26
"pry","Paraguay",2019,76.38
"pry","Paraguay",2020,76.5
"per","Peru",2000,74.74
"per","Peru",2001,75.58
"per","Peru",2002,75.96
"per","Peru",2003,75.93
"per","Peru",2004,76.31
"per","Peru",2005,76.75
"per","Peru",2006,77.43
"per","Peru",2007,77.86
"per","Peru",2008,77.92
"per","Peru",2009,77.38
"per","Peru",2010,77.51
"per","Peru",2011,77.98
"per","Peru",2012,78.4
"per","Peru",2013,78.86
"per","Peru",2014,79.43
"per","Peru",2015,79.98
"per","Peru",2016,80.17
"per","Peru",2017,80.31
"per","Peru",2018,80.56
"per","Peru",2019,80.79
"per","Peru",2020,81.01
"phl","Philippines",2000,69.31
"phl","Philippines",2001,69.18
"phl","Philippines",2002,69.1
"phl","Philippines",2003,69.13
"phl","Philippines",2004,69.16
"phl","Philippines",2005,69.09
"phl","Philippines",2006,69.01
"phl","Philippines",2007,69.2
"phl","Philippines",2008,69.18
"phl","Philippines",2009,69.09
"phl","Philippines",2010,69.24
"phl","Philippines",2011,69.28
"phl","Philippines",2012,69.28
"phl","Philippines",2013,69.16
"phl","Philippines",2014,69.33
"phl","Philippines",2015,69.16
"phl","Philippines",2016,69.46
"phl","Philippines",2017,69.73
"phl","Philippines",2018,69.87
"phl","Philippines",2019,70
"phl","Philippines",2020,70.13
"pol","Poland",2000,73.94
"pol","Poland",2001,74.34
"pol","Poland",2002,74.66
"pol","Poland",2003,74.9
"pol","Poland",2004,75
"pol","Poland",2005,75.17
"pol","Poland",2006,75.29
"pol","Poland",2007,75.35
"pol","Poland",2008,75.58
"pol","Poland",2009,75.87
"pol","Poland",2010,76.4
"pol","Poland",2011,76.68
"pol","Poland",2012,76.78
"pol","Poland",2013,77.09
"pol","Poland",2014,77.56
"pol","Poland",2015,77.53
"pol","Poland",2016,77.78
"pol","Poland",2017,77.99
"pol","Poland",2018,78.2
"pol","Poland",2019,78.38
"pol","Poland",2020,78.55
"prt","Portugal",2000,76.7
"prt","Portugal",2001,77
"prt","Portugal",2002,77.26
"prt","Portugal",2003,77.58
"prt","Portugal",2004,78.35
"prt","Portugal",2005,78.77
"prt","Portugal",2006,79.14
"prt","Portugal",2007,79.28
"prt","Portugal",2008,79.53
"prt","Portugal",2009,79.73
"prt","Portugal",2010,80.05
"prt","Portugal",2011,80.38
"prt","Portugal",2012,80.63
"prt","Portugal",2013,80.92
"prt","Portugal",2014,81.21
"prt","Portugal",2015,81.55
"prt","Portugal",2016,81.49
"prt","Portugal",2017,81.44
"prt","Portugal",2018,81.65
"prt","Portugal",2019,81.84
"prt","Portugal",2020,82.02
"qat","Qatar",2000,74.07
"qat","Qatar",2001,74.86
"qat","Qatar",2002,75.47
"qat","Qatar",2003,76.09
"qat","Qatar",2004,76.56
"qat","Qatar",2005,76.6
"qat","Qatar",2006,76.92
"qat","Qatar",2007,77.2
"qat","Qatar",2008,77.26
"qat","Qatar",2009,77.57
"qat","Qatar",2010,78.05
"qat","Qatar",2011,78.49
"qat","Qatar",2012,78.86
"qat","Qatar",2013,79.24
"qat","Qatar",2014,79.54
"qat","Qatar",2015,79.87
"qat","Qatar",2016,80.1
"qat","Qatar",2017,80.21
"qat","Qatar",2018,80.33
"qat","Qatar",2019,80.45
"qat","Qatar",2020,80.59
"rou","Romania",2000,71.13
"rou","Romania",2001,71.08
"rou","Romania",2002,71.11
"rou","Romania",2003,71.38
"rou","Romania",2004,71.87
"rou","Romania",2005,72.21
"rou","Romania",2006,72.69
"rou","Romania",2007,73.2
"rou","Romania",2008,73.26
"rou","Romania",2009,73.37
"rou","Romania",2010,73.65
"rou","Romania",2011,74.46
"rou","Romania",2012,74.56
"rou","Romania",2013,74.88
"rou","Romania",2014,74.89
"rou","Romania",2015,75.09
"rou","Romania",2016,75.15
"rou","Romania",2017,75.18
"rou","Romania",2018,75.31
"rou","Romania",2019,75.44
"rou","Romania",2020,75.57
"rus","Russia",2000,65.51
"rus","Russia",2001,65.47
"rus","Russia",2002,65.26
"rus","Russia",2003,65.09
"rus","Russia",2004,65.31
"rus","Russia",2005,64.8
"rus","Russia",2006,66.27
"rus","Russia",2007,67.28
"rus","Russia",2008,67.52
"rus","Russia",2009,68.44
"rus","Russia",2010,68.1
"rus","Russia",2011,69.75
"rus","Russia",2012,70.23
"rus","Russia",2013,70.71
"rus","Russia",2014,70.76
"rus","Russia",2015,71.3
"rus","Russia",2016,71.79
"rus","Russia",2017,72.08
"rus","Russia",2018,72.32
"rus","Russia",2019,72.52
"rus","Russia",2020,72.68
"rwa","Rwanda",2000,49.57
"rwa","Rwanda",2001,50.78
"rwa","Rwanda",2002,52.3
"rwa","Rwanda",2003,53.78
"rwa","Rwanda",2004,55.37
"rwa","Rwanda",2005,57.03
"rwa","Rwanda",2006,58.73
"rwa","Rwanda",2007,60.33
"rwa","Rwanda",2008,61.82
"rwa","Rwanda",2009,63.15
"rwa","Rwanda",2010,64.27
"rwa","Rwanda",2011,65.21
"rwa","Rwanda",2012,65.95
"rwa","Rwanda",2013,66.7
"rwa","Rwanda",2014,67.24
"rwa","Rwanda",2015,67.66
"rwa","Rwanda",2016,68.05
"rwa","Rwanda",2017,68.46
"rwa","Rwanda",2018,68.82
"rwa","Rwanda",2019,69.14
"rwa","Rwanda",2020,69.45
"lca","St. Lucia",2000,73.75
"lca","St. Lucia",2001,74.1
"lca","St. Lucia",2002,74.06
"lca","St. Lucia",2003,74.05
"lca","St. Lucia",2004,74.16
"lca","St. Lucia",2005,74.33
"lca","St. Lucia",2006,74.56
"lca","St. Lucia",2007,74.97
"lca","St. Lucia",2008,75.44
"lca","St. Lucia",2009,75.52
"lca","St. Lucia",2010,75.56
"lca","St. Lucia",2011,75.57
"lca","St. Lucia",2012,75.58
"lca","St. Lucia",2013,75.51
"lca","St. Lucia",2014,75.55
"lca","St. Lucia",2015,75.55
"lca","St. Lucia",2016,75.55
"lca","St. Lucia",2017,75.54
"lca","St. Lucia",2018,75.69
"lca","St. Lucia",2019,75.83
"lca","St. Lucia",2020,75.97
"vct","St. Vincent and the Grenadines",2000,71.24
"vct","St. Vincent and the Grenadines",2001,71.66
"vct","St. Vincent and the Grenadines",2002,71.69
"vct","St. Vincent and the Grenadines",2003,72.22
"vct","St. Vincent and the Grenadines",2004,72.27
"vct","St. Vincent and the Grenadines",2005,72.43
"vct","St. Vincent and the Grenadines",2006,72.61
"vct","St. Vincent and the Grenadines",2007,72.78
"vct","St. Vincent and the Grenadines",2008,72.96
"vct","St. Vincent and the Grenadines",2009,72.99
"vct","St. Vincent and the Grenadines",2010,72.9
"vct","St. Vincent and the Grenadines",2011,72.79
"vct","St. Vincent and the Grenadines",2012,72.55
"vct","St. Vincent and the Grenadines",2013,72.04
"vct","St. Vincent and the Grenadines",2014,72.08
"vct","St. Vincent and the Grenadines",2015,72.01
"vct","St. Vincent and the Grenadines",2016,72.19
"vct","St. Vincent and the Grenadines",2017,72.29
"vct","St. Vincent and the Grenadines",2018,72.41
"vct","St. Vincent and the Grenadines",2019,72.53
"vct","St. Vincent and the Grenadines",2020,72.65
"wsm","Samoa",2000,71.71
"wsm","Samoa",2001,71.85
"wsm","Samoa",2002,72.01
"wsm","Samoa",2003,72.12
"wsm","Samoa",2004,72.22
"wsm","Samoa",2005,72.22
"wsm","Samoa",2006,72.4
"wsm","Samoa",2007,72.4
"wsm","Samoa",2008,72.49
"wsm","Samoa",2009,70.33
"wsm","Samoa",2010,72.47
"wsm","Samoa",2011,72.5
"wsm","Samoa",2012,72.35
"wsm","Samoa",2013,72.61
"wsm","Samoa",2014,72.66
"wsm","Samoa",2015,72.72
"wsm","Samoa",2016,72.79
"wsm","Samoa",2017,72.88
"wsm","Samoa",2018,73.02
"wsm","Samoa",2019,73.15
"wsm","Samoa",2020,73.28
"stp","Sao Tome and Principe",2000,64.56
"stp","Sao Tome and Principe",2001,64.99
"stp","Sao Tome and Principe",2002,65.32
"stp","Sao Tome and Principe",2003,65.75
"stp","Sao Tome and Principe",2004,66.04
"stp","Sao Tome and Principe",2005,66.14
"stp","Sao Tome and Principe",2006,66.84
"stp","Sao Tome and Principe",2007,67.32
"stp","Sao Tome and Principe",2008,67.7
"stp","Sao Tome and Principe",2009,68.44
"stp","Sao Tome and Principe",2010,68.91
"stp","Sao Tome and Principe",2011,69.29
"stp","Sao Tome and Principe",2012,69.28
"stp","Sao Tome and Principe",2013,69.71
"stp","Sao Tome and Principe",2014,70.01
"stp","Sao Tome and Principe",2015,70.29
"stp","Sao Tome and Principe",2016,70.57
"stp","Sao Tome and Principe",2017,66.87
"stp","Sao Tome and Principe",2018,67.1
"stp","Sao Tome and Principe",2019,67.3
"stp","Sao Tome and Principe",2020,67.49
"sau","Saudi Arabia",2000,74.67
"sau","Saudi Arabia",2001,74.85
"sau","Saudi Arabia",2002,74.68
"sau","Saudi Arabia",2003,74.67
"sau","Saudi Arabia",2004,74.77
"sau","Saudi Arabia",2005,74.73
"sau","Saudi Arabia",2006,74.7
"sau","Saudi Arabia",2007,74.73
"sau","Saudi Arabia",2008,74.73
"sau","Saudi Arabia",2009,74.72
"sau","Saudi Arabia",2010,74.8
"sau","Saudi Arabia",2011,75.01
"sau","Saudi Arabia",2012,75.33
"sau","Saudi Arabia",2013,75.68
"sau","Saudi Arabia",2014,76.05
"sau","Saudi Arabia",2015,76.2
"sau","Saudi Arabia",2016,76.59
"sau","Saudi Arabia",2017,76.86
"sau","Saudi Arabia",2018,76.98
"sau","Saudi Arabia",2019,77.12
"sau","Saudi Arabia",2020,77.27
"sen","Senegal",2000,60.64
"sen","Senegal",2001,61.16
"sen","Senegal",2002,61.45
"sen","Senegal",2003,62.3
"sen","Senegal",2004,62.83
"sen","Senegal",2005,63.35
"sen","Senegal",2006,63.9
"sen","Senegal",2007,64.52
"sen","Senegal",2008,65.07
"sen","Senegal",2009,65.55
"sen","Senegal",2010,65.94
"sen","Senegal",2011,66.29
"sen","Senegal",2012,66.59
"sen","Senegal",2013,66.91
"sen","Senegal",2014,67.23
"sen","Senegal",2015,67.5
"sen","Senegal",2016,67.8
"sen","Senegal",2017,68.05
"sen","Senegal",2018,68.34
"sen","Senegal",2019,68.62
"sen","Senegal",2020,68.89
"srb","Serbia",2000,72.13
"srb","Serbia",2001,72.43
"srb","Serbia",2002,72.45
"srb","Serbia",2003,72.42
"srb","Serbia",2004,72.63
"srb","Serbia",2005,72.71
"srb","Serbia",2006,73.16
"srb","Serbia",2007,73.68
"srb","Serbia",2008,73.89
"srb","Serbia",2009,74.02
"srb","Serbia",2010,74.37
"srb","Serbia",2011,74.5
"srb","Serbia",2012,74.7
"srb","Serbia",2013,75.01
"srb","Serbia",2014,75.06
"srb","Serbia",2015,75.1
"srb","Serbia",2016,75.5
"srb","Serbia",2017,75.71
"srb","Serbia",2018,75.88
"srb","Serbia",2019,76.03
"srb","Serbia",2020,76.17
"syc","Seychelles",2000,71.53
"syc","Seychelles",2001,71.68
"syc","Seychelles",2002,71.9
"syc","Seychelles",2003,72.08
"syc","Seychelles",2004,72.11
"syc","Seychelles",2005,72.41
"syc","Seychelles",2006,72.68
"syc","Seychelles",2007,72.83
"syc","Seychelles",2008,72.98
"syc","Seychelles",2009,73.03
"syc","Seychelles",2010,73.17
"syc","Seychelles",2011,73.3
"syc","Seychelles",2012,73.36
"syc","Seychelles",2013,73.46
"syc","Seychelles",2014,73.5
"syc","Seychelles",2015,73.49
"syc","Seychelles",2016,73.54
"syc","Seychelles",2017,73.62
"syc","Seychelles",2018,73.68
"syc","Seychelles",2019,73.75
"syc","Seychelles",2020,73.83
"sle","Sierra Leone",2000,50.93
"sle","Sierra Leone",2001,51.35
"sle","Sierra Leone",2002,51.52
"sle","Sierra Leone",2003,51.81
"sle","Sierra Leone",2004,52.14
"sle","Sierra Leone",2005,52.57
"sle","Sierra Leone",2006,53.04
"sle","Sierra Leone",2007,53.49
"sle","Sierra Leone",2008,54.14
"sle","Sierra Leone",2009,54.64
"sle","Sierra Leone",2010,55.39
"sle","Sierra Leone",2011,56.1
"sle","Sierra Leone",2012,56.88
"sle","Sierra Leone",2013,57.86
"sle","Sierra Leone",2014,57.07
"sle","Sierra Leone",2015,58.5
"sle","Sierra Leone",2016,59.83
"sle","Sierra Leone",2017,60.42
"sle","Sierra Leone",2018,60.88
"sle","Sierra Leone",2019,61.32
"sle","Sierra Leone",2020,61.73
"sgp","Singapore",2000,79.32
"sgp","Singapore",2001,79.6
"sgp","Singapore",2002,79.96
"sgp","Singapore",2003,80.62
"sgp","Singapore",2004,80.86
"sgp","Singapore",2005,81.12
"sgp","Singapore",2006,81.52
"sgp","Singapore",2007,81.91
"sgp","Singapore",2008,82.17
"sgp","Singapore",2009,82.86
"sgp","Singapore",2010,83.19
"sgp","Singapore",2011,83.38
"sgp","Singapore",2012,83.57
"sgp","Singapore",2013,83.92
"sgp","Singapore",2014,84.2
"sgp","Singapore",2015,84.43
"sgp","Singapore",2016,84.69
"sgp","Singapore",2017,84.79
"sgp","Singapore",2018,84.97
"sgp","Singapore",2019,85.14
"sgp","Singapore",2020,85.29
"svk","Slovak Republic",2000,73.45
"svk","Slovak Republic",2001,73.71
"svk","Slovak Republic",2002,73.89
"svk","Slovak Republic",2003,74.01
"svk","Slovak Republic",2004,74.36
"svk","Slovak Republic",2005,74.31
"svk","Slovak Republic",2006,74.53
"svk","Slovak Republic",2007,74.55
"svk","Slovak Republic",2008,74.89
"svk","Slovak Republic",2009,75.17
"svk","Slovak Republic",2010,75.63
"svk","Slovak Republic",2011,75.9
"svk","Slovak Republic",2012,76.22
"svk","Slovak Republic",2013,76.56
"svk","Slovak Republic",2014,76.77
"svk","Slovak Republic",2015,76.65
"svk","Slovak Republic",2016,77.15
"svk","Slovak Republic",2017,77.41
"svk","Slovak Republic",2018,77.57
"svk","Slovak Republic",2019,77.73
"svk","Slovak Republic",2020,77.87
"svn","Slovenia",2000,76.02
"svn","Slovenia",2001,76.18
"svn","Slovenia",2002,76.5
"svn","Slovenia",2003,76.5
"svn","Slovenia",2004,77.02
"svn","Slovenia",2005,77.68
"svn","Slovenia",2006,77.97
"svn","Slovenia",2007,78.23
"svn","Slovenia",2008,78.64
"svn","Slovenia",2009,79.08
"svn","Slovenia",2010,79.46
"svn","Slovenia",2011,79.85
"svn","Slovenia",2012,79.94
"svn","Slovenia",2013,80.2
"svn","Slovenia",2014,80.9
"svn","Slovenia",2015,80.79
"svn","Slovenia",2016,81.02
"svn","Slovenia",2017,81.1
"svn","Slovenia",2018,81.26
"svn","Slovenia",2019,81.41
"svn","Slovenia",2020,81.56
"slb","Solomon Islands",2000,61.45
"slb","Solomon Islands",2001,61.34
"slb","Solomon Islands",2002,61.2
"slb","Solomon Islands",2003,61.1
"slb","Solomon Islands",2004,61.04
"slb","Solomon Islands",2005,61.04
"slb","Solomon Islands",2006,61.1
"slb","Solomon Islands",2007,61
"slb","Solomon Islands",2008,61.39
"slb","Solomon Islands",2009,61.43
"slb","Solomon Islands",2010,61.71
"slb","Solomon Islands",2011,61.95
"slb","Solomon Islands",2012,62.19
"slb","Solomon Islands",2013,62.38
"slb","Solomon Islands",2014,62.42
"slb","Solomon Islands",2015,62.8
"slb","Solomon Islands",2016,63.08
"slb","Solomon Islands",2017,68.53
"slb","Solomon Islands",2018,68.71
"slb","Solomon Islands",2019,68.86
"slb","Solomon Islands",2020,68.99
"som","Somalia",2000,52.53
"som","Somalia",2001,52.95
"som","Somalia",2002,53.29
"som","Somalia",2003,53.69
"som","Somalia",2004,53.96
"som","Somalia",2005,54.66
"som","Somalia",2006,55.06
"som","Somalia",2007,55.04
"som","Somalia",2008,55.51
"som","Somalia",2009,55.86
"som","Somalia",2010,54.95
"som","Somalia",2011,55.4
"som","Somalia",2012,56.75
"som","Somalia",2013,57.44
"som","Somalia",2014,57.89
"som","Somalia",2015,58.26
"som","Somalia",2016,58.5
"som","Somalia",2017,58.52
"som","Somalia",2018,58.89
"som","Somalia",2019,59.23
"som","Somalia",2020,59.54
"zaf","South Africa",2000,55.64
"zaf","South Africa",2001,54.91
"zaf","South Africa",2002,53.78
"zaf","South Africa",2003,52.83
"zaf","South Africa",2004,52.28
"zaf","South Africa",2005,52.05
"zaf","South Africa",2006,52.05
"zaf","South Africa",2007,52.61
"zaf","South Africa",2008,53.38
"zaf","South Africa",2009,54.54
"zaf","South Africa",2010,56.12
"zaf","South Africa",2011,57.93
"zaf","South Africa",2012,59.51
"zaf","South Africa",2013,61.12
"zaf","South Africa",2014,62.48
"zaf","South Africa",2015,63.37
"zaf","South Africa",2016,64.44
"zaf","South Africa",2017,66.31
"zaf","South Africa",2018,66.64
"zaf","South Africa",2019,66.93
"zaf","South Africa",2020,67.19
"ssd","South Sudan",2000,54.36
"ssd","South Sudan",2001,55.08
"ssd","South Sudan",2002,55.42
"ssd","South Sudan",2003,55.78
"ssd","South Sudan",2004,56.31
"ssd","South Sudan",2005,56.66
"ssd","South Sudan",2006,56.52
"ssd","South Sudan",2007,57.04
"ssd","South Sudan",2008,57.41
"ssd","South Sudan",2009,56.86
"ssd","South Sudan",2010,57.84
"ssd","South Sudan",2011,57.49
"ssd","South Sudan",2012,58.24
"ssd","South Sudan",2013,58.02
"ssd","South Sudan",2014,58.31
"ssd","South Sudan",2015,59.42
"ssd","South Sudan",2016,59.37
"ssd","South Sudan",2017,59.25
"ssd","South Sudan",2018,59.49
"ssd","South Sudan",2019,59.74
"ssd","South Sudan",2020,60
"esp","Spain",2000,79.39
"esp","Spain",2001,79.66
"esp","Spain",2002,79.82
"esp","Spain",2003,79.64
"esp","Spain",2004,80.22
"esp","Spain",2005,80.46
"esp","Spain",2006,80.87
"esp","Spain",2007,81.01
"esp","Spain",2008,81.25
"esp","Spain",2009,81.66
"esp","Spain",2010,81.98
"esp","Spain",2011,82.12
"esp","Spain",2012,82.31
"esp","Spain",2013,82.62
"esp","Spain",2014,82.74
"esp","Spain",2015,82.64
"esp","Spain",2016,82.92
"esp","Spain",2017,83.06
"esp","Spain",2018,83.2
"esp","Spain",2019,83.33
"esp","Spain",2020,83.46
"lka","Sri Lanka",2000,71.56
"lka","Sri Lanka",2001,72.71
"lka","Sri Lanka",2002,73.59
"lka","Sri Lanka",2003,73.69
"lka","Sri Lanka",2004,69.31
"lka","Sri Lanka",2005,73.85
"lka","Sri Lanka",2006,74.15
"lka","Sri Lanka",2007,74.44
"lka","Sri Lanka",2008,73.7
"lka","Sri Lanka",2009,73.98
"lka","Sri Lanka",2010,74.69
"lka","Sri Lanka",2011,75.87
"lka","Sri Lanka",2012,76.1
"lka","Sri Lanka",2013,76.44
"lka","Sri Lanka",2014,76.49
"lka","Sri Lanka",2015,76.89
"lka","Sri Lanka",2016,77.19
"lka","Sri Lanka",2017,77.47
"lka","Sri Lanka",2018,77.63
"lka","Sri Lanka",2019,77.8
"lka","Sri Lanka",2020,77.97
"sdn","Sudan",2000,63.35
"sdn","Sudan",2001,63.81
"sdn","Sudan",2002,63.99
"sdn","Sudan",2003,64.25
"sdn","Sudan",2004,64.27
"sdn","Sudan",2005,65.67
"sdn","Sudan",2006,66.09
"sdn","Sudan",2007,66.52
"sdn","Sudan",2008,66.96
"sdn","Sudan",2009,67.28
"sdn","Sudan",2010,67.69
"sdn","Sudan",2011,68
"sdn","Sudan",2012,68.42
"sdn","Sudan",2013,68.71
"sdn","Sudan",2014,69.1
"sdn","Sudan",2015,69.61
"sdn","Sudan",2016,69.84
"sdn","Sudan",2017,70.3
"sdn","Sudan",2018,70.54
"sdn","Sudan",2019,70.77
"sdn","Sudan",2020,71.01
"sur","Suriname",2000,69.54
"sur","Suriname",2001,69.5
"sur","Suriname",2002,69.44
"sur","Suriname",2003,69.55
"sur","Suriname",2004,69.63
"sur","Suriname",2005,69.92
"sur","Suriname",2006,70.2
"sur","Suriname",2007,70.58
"sur","Suriname",2008,70.85
"sur","Suriname",2009,71.34
"sur","Suriname",2010,71.43
"sur","Suriname",2011,71.73
"sur","Suriname",2012,72
"sur","Suriname",2013,72.06
"sur","Suriname",2014,71.97
"sur","Suriname",2015,71.86
"sur","Suriname",2016,71.91
"sur","Suriname",2017,72.04
"sur","Suriname",2018,72.15
"sur","Suriname",2019,72.27
"sur","Suriname",2020,72.39
"swz","Swaziland",2000,48.31
"swz","Swaziland",2001,46.51
"swz","Swaziland",2002,45.42
"swz","Swaziland",2003,44.54
"swz","Swaziland",2004,43.92
"swz","Swaziland",2005,43.63
"swz","Swaziland",2006,43.92
"swz","Swaziland",2007,44.24
"swz","Swaziland",2008,44.51
"swz","Swaziland",2009,44.93
"swz","Swaziland",2010,46.02
"swz","Swaziland",2011,48.02
"swz","Swaziland",2012,49.22
"swz","Swaziland",2013,50.68
"swz","Swaziland",2014,53.06
"swz","Swaziland",2015,55.78
"swz","Swaziland",2016,57.89
"swz","Swaziland",2017,59.89
"swz","Swaziland",2018,61
"swz","Swaziland",2019,61.82
"swz","Swaziland",2020,62.36
"swe","Sweden",2000,79.76
"swe","Sweden",2001,79.85
"swe","Sweden",2002,80.05
"swe","Sweden",2003,80.26
"swe","Sweden",2004,80.24
"swe","Sweden",2005,80.64
"swe","Sweden",2006,80.77
"swe","Sweden",2007,80.88
"swe","Sweden",2008,81.02
"swe","Sweden",2009,81.16
"swe","Sweden",2010,81.52
"swe","Sweden",2011,81.62
"swe","Sweden",2012,81.8
"swe","Sweden",2013,81.92
"swe","Sweden",2014,82.11
"swe","Sweden",2015,82.23
"swe","Sweden",2016,82.41
"swe","Sweden",2017,82.5
"swe","Sweden",2018,82.64
"swe","Sweden",2019,82.78
"swe","Sweden",2020,82.93
"che","Switzerland",2000,80.14
"che","Switzerland",2001,80.5
"che","Switzerland",2002,80.69
"che","Switzerland",2003,80.86
"che","Switzerland",2004,81.28
"che","Switzerland",2005,81.55
"che","Switzerland",2006,81.72
"che","Switzerland",2007,81.93
"che","Switzerland",2008,82.19
"che","Switzerland",2009,82.22
"che","Switzerland",2010,82.48
"che","Switzerland",2011,82.8
"che","Switzerland",2012,82.88
"che","Switzerland",2013,83.03
"che","Switzerland",2014,83.34
"che","Switzerland",2015,83.47
"che","Switzerland",2016,83.78
"che","Switzerland",2017,83.96
"che","Switzerland",2018,84.12
"che","Switzerland",2019,84.27
"che","Switzerland",2020,84.41
"syr","Syria",2000,72.5
"syr","Syria",2001,73.2
"syr","Syria",2002,73.57
"syr","Syria",2003,74.44
"syr","Syria",2004,74.71
"syr","Syria",2005,75.02
"syr","Syria",2006,75.28
"syr","Syria",2007,75.49
"syr","Syria",2008,75.42
"syr","Syria",2009,75.66
"syr","Syria",2010,75.83
"syr","Syria",2011,74.46
"syr","Syria",2012,67.89
"syr","Syria",2013,68.66
"syr","Syria",2014,64.97
"syr","Syria",2015,67.3
"syr","Syria",2016,67.37
"syr","Syria",2017,69.79
"syr","Syria",2018,70.59
"syr","Syria",2019,71.49
"syr","Syria",2020,72.43
"twn","Taiwan",2000,76.73
"twn","Taiwan",2001,77.02
"twn","Taiwan",2002,77.48
"twn","Taiwan",2003,77.7
"twn","Taiwan",2004,77.73
"twn","Taiwan",2005,77.77
"twn","Taiwan",2006,78.29
"twn","Taiwan",2007,78.59
"twn","Taiwan",2008,78.83
"twn","Taiwan",2009,79.18
"twn","Taiwan",2010,79.5
"twn","Taiwan",2011,79.26
"twn","Taiwan",2012,79.53
"twn","Taiwan",2013,79.9
"twn","Taiwan",2014,79.82
"twn","Taiwan",2015,80.12
"twn","Taiwan",2016,79.95
"twn","Taiwan",2017,79.95
"twn","Taiwan",2018,80.12
"twn","Taiwan",2019,80.29
"twn","Taiwan",2020,80.46
"tjk","Tajikistan",2000,67.82
"tjk","Tajikistan",2001,68.15
"tjk","Tajikistan",2002,68.53
"tjk","Tajikistan",2003,68.93
"tjk","Tajikistan",2004,69.23
"tjk","Tajikistan",2005,69.17
"tjk","Tajikistan",2006,69.3
"tjk","Tajikistan",2007,69.43
"tjk","Tajikistan",2008,69.6
"tjk","Tajikistan",2009,69.71
"tjk","Tajikistan",2010,69.77
"tjk","Tajikistan",2011,69.91
"tjk","Tajikistan",2012,70.1
"tjk","Tajikistan",2013,70.24
"tjk","Tajikistan",2014,70.25
"tjk","Tajikistan",2015,70.19
"tjk","Tajikistan",2016,70.18
"tjk","Tajikistan",2017,70.32
"tjk","Tajikistan",2018,70.55
"tjk","Tajikistan",2019,70.77
"tjk","Tajikistan",2020,70.97
"tza","Tanzania",2000,53.55
"tza","Tanzania",2001,54.14
"tza","Tanzania",2002,54.75
"tza","Tanzania",2003,55.42
"tza","Tanzania",2004,56.06
"tza","Tanzania",2005,56.71
"tza","Tanzania",2006,57.42
"tza","Tanzania",2007,58.34
"tza","Tanzania",2008,59.27
"tza","Tanzania",2009,60.04
"tza","Tanzania",2010,60.93
"tza","Tanzania",2011,61.75
"tza","Tanzania",2012,62.84
"tza","Tanzania",2013,63.88
"tza","Tanzania",2014,64.86
"tza","Tanzania",2015,65.6
"tza","Tanzania",2016,66.21
"tza","Tanzania",2017,66.72
"tza","Tanzania",2018,67.28
"tza","Tanzania",2019,67.73
"tza","Tanzania",2020,68.11
"tha","Thailand",2000,71.75
"tha","Thailand",2001,72.62
"tha","Thailand",2002,72.95
"tha","Thailand",2003,73.63
"tha","Thailand",2004,73.84
"tha","Thailand",2005,74.85
"tha","Thailand",2006,75.4
"tha","Thailand",2007,75.86
"tha","Thailand",2008,76.31
"tha","Thailand",2009,76.82
"tha","Thailand",2010,77
"tha","Thailand",2011,77.31
"tha","Thailand",2012,77.68
"tha","Thailand",2013,78.05
"tha","Thailand",2014,78.14
"tha","Thailand",2015,78.23
"tha","Thailand",2016,78.03
"tha","Thailand",2017,78.11
"tha","Thailand",2018,78.36
"tha","Thailand",2019,78.58
"tha","Thailand",2020,78.78
"tls","Timor-Leste",2000,65.35
"tls","Timor-Leste",2001,65.76
"tls","Timor-Leste",2002,66.11
"tls","Timor-Leste",2003,66.53
"tls","Timor-Leste",2004,67.12
"tls","Timor-Leste",2005,67.68
"tls","Timor-Leste",2006,68.2
"tls","Timor-Leste",2007,68.76
"tls","Timor-Leste",2008,69.33
"tls","Timor-Leste",2009,69.73
"tls","Timor-Leste",2010,70.04
"tls","Timor-Leste",2011,70.31
"tls","Timor-Leste",2012,70.55
"tls","Timor-Leste",2013,70.68
"tls","Timor-Leste",2014,70.66
"tls","Timor-Leste",2015,70.68
"tls","Timor-Leste",2016,70.73
"tls","Timor-Leste",2017,70.81
"tls","Timor-Leste",2018,71.07
"tls","Timor-Leste",2019,71.31
"tls","Timor-Leste",2020,71.53
"tgo","Togo",2000,56.85
"tgo","Togo",2001,56.71
"tgo","Togo",2002,56.76
"tgo","Togo",2003,56.71
"tgo","Togo",2004,56.93
"tgo","Togo",2005,56.94
"tgo","Togo",2006,57.46
"tgo","Togo",2007,57.69
"tgo","Togo",2008,58.04
"tgo","Togo",2009,58.59
"tgo","Togo",2010,59.24
"tgo","Togo",2011,60.01
"tgo","Togo",2012,60.68
"tgo","Togo",2013,61.38
"tgo","Togo",2014,62.08
"tgo","Togo",2015,62.81
"tgo","Togo",2016,63.45
"tgo","Togo",2017,64.37
"tgo","Togo",2018,64.66
"tgo","Togo",2019,64.96
"tgo","Togo",2020,65.28
"ton","Tonga",2000,70.69
"ton","Tonga",2001,70.68
"ton","Tonga",2002,70.68
"ton","Tonga",2003,70.69
"ton","Tonga",2004,70.73
"ton","Tonga",2005,70.82
"ton","Tonga",2006,70.84
"ton","Tonga",2007,70.86
"ton","Tonga",2008,70.88
"ton","Tonga",2009,68.84
"ton","Tonga",2010,71.02
"ton","Tonga",2011,71.12
"ton","Tonga",2012,71.22
"ton","Tonga",2013,71.31
"ton","Tonga",2014,71.37
"ton","Tonga",2015,71.51
"ton","Tonga",2016,71.64
"ton","Tonga",2017,71.77
"ton","Tonga",2018,71.87
"ton","Tonga",2019,71.98
"ton","Tonga",2020,72.09
"tto","Trinidad and Tobago",2000,70.37
"tto","Trinidad and Tobago",2001,70.62
"tto","Trinidad and Tobago",2002,71.13
"tto","Trinidad and Tobago",2003,71.14
"tto","Trinidad and Tobago",2004,71.54
"tto","Trinidad and Tobago",2005,71.93
"tto","Trinidad and Tobago",2006,72.56
"tto","Trinidad and Tobago",2007,72.77
"tto","Trinidad and Tobago",2008,72.39
"tto","Trinidad and Tobago",2009,73
"tto","Trinidad and Tobago",2010,73.62
"tto","Trinidad and Tobago",2011,74.4
"tto","Trinidad and Tobago",2012,74.56
"tto","Trinidad and Tobago",2013,74.33
"tto","Trinidad and Tobago",2014,74.36
"tto","Trinidad and Tobago",2015,74.42
"tto","Trinidad and Tobago",2016,74.26
"tto","Trinidad and Tobago",2017,74.24
"tto","Trinidad and Tobago",2018,74.38
"tto","Trinidad and Tobago",2019,74.51
"tto","Trinidad and Tobago",2020,74.63
"tun","Tunisia",2000,74.25
"tun","Tunisia",2001,74.56
"tun","Tunisia",2002,74.84
"tun","Tunisia",2003,75.19
"tun","Tunisia",2004,75.54
"tun","Tunisia",2005,75.81
"tun","Tunisia",2006,76.06
"tun","Tunisia",2007,76.3
"tun","Tunisia",2008,76.54
"tun","Tunisia",2009,76.74
"tun","Tunisia",2010,76.95
"tun","Tunisia",2011,77.05
"tun","Tunisia",2012,77.41
"tun","Tunisia",2013,77.59
"tun","Tunisia",2014,77.78
"tun","Tunisia",2015,77.94
"tun","Tunisia",2016,78.13
"tun","Tunisia",2017,78.33
"tun","Tunisia",2018,78.53
"tun","Tunisia",2019,78.73
"tun","Tunisia",2020,78.93
"tur","Turkey",2000,74.09
"tur","Turkey",2001,74.8
"tur","Turkey",2002,75.42
"tur","Turkey",2003,75.88
"tur","Turkey",2004,76.47
"tur","Turkey",2005,76.72
"tur","Turkey",2006,77.04
"tur","Turkey",2007,77.42
"tur","Turkey",2008,77.69
"tur","Turkey",2009,77.51
"tur","Turkey",2010,77.58
"tur","Turkey",2011,77.81
"tur","Turkey",2012,77.98
"tur","Turkey",2013,78.02
"tur","Turkey",2014,78.07
"tur","Turkey",2015,78.35
"tur","Turkey",2016,78.64
"tur","Turkey",2017,78.94
"tur","Turkey",2018,79.22
"tur","Turkey",2019,79.48
"tur","Turkey",2020,79.73
"tkm","Turkmenistan",2000,66.74
"tkm","Turkmenistan",2001,67.12
"tkm","Turkmenistan",2002,67.07
"tkm","Turkmenistan",2003,66.86
"tkm","Turkmenistan",2004,66.48
"tkm","Turkmenistan",2005,66.13
"tkm","Turkmenistan",2006,66.35
"tkm","Turkmenistan",2007,66.82
"tkm","Turkmenistan",2008,67.62
"tkm","Turkmenistan",2009,68.83
"tkm","Turkmenistan",2010,69.61
"tkm","Turkmenistan",2011,69.84
"tkm","Turkmenistan",2012,69.89
"tkm","Turkmenistan",2013,69.74
"tkm","Turkmenistan",2014,69.66
"tkm","Turkmenistan",2015,69.79
"tkm","Turkmenistan",2016,69.97
"tkm","Turkmenistan",2017,70.1
"tkm","Turkmenistan",2018,70.22
"tkm","Turkmenistan",2019,70.35
"tkm","Turkmenistan",2020,70.47
"uga","Uganda",2000,49.12
"uga","Uganda",2001,50.01
"uga","Uganda",2002,50.71
"uga","Uganda",2003,51.51
"uga","Uganda",2004,52.5
"uga","Uganda",2005,53.77
"uga","Uganda",2006,54.94
"uga","Uganda",2007,55.94
"uga","Uganda",2008,57.02
"uga","Uganda",2009,58.06
"uga","Uganda",2010,59.07
"uga","Uganda",2011,60.22
"uga","Uganda",2012,61.37
"uga","Uganda",2013,62.51
"uga","Uganda",2014,63.59
"uga","Uganda",2015,64.54
"uga","Uganda",2016,65.15
"uga","Uganda",2017,65.71
"uga","Uganda",2018,66.19
"uga","Uganda",2019,66.6
"uga","Uganda",2020,66.97
"ukr","Ukraine",2000,68.03
"ukr","Ukraine",2001,68.31
"ukr","Ukraine",2002,68.21
"ukr","Ukraine",2003,68.31
"ukr","Ukraine",2004,68.04
"ukr","Ukraine",2005,67.85
"ukr","Ukraine",2006,68.54
"ukr","Ukraine",2007,68.13
"ukr","Ukraine",2008,68.3
"ukr","Ukraine",2009,70.08
"ukr","Ukraine",2010,70.85
"ukr","Ukraine",2011,71.49
"ukr","Ukraine",2012,71.58
"ukr","Ukraine",2013,71.8
"ukr","Ukraine",2014,71.82
"ukr","Ukraine",2015,69.16
"ukr","Ukraine",2016,69.63
"ukr","Ukraine",2017,70.55
"ukr","Ukraine",2018,70.66
"ukr","Ukraine",2019,70.77
"ukr","Ukraine",2020,70.88
"are","United Arab Emirates",2000,71.8
"are","United Arab Emirates",2001,71.8
"are","United Arab Emirates",2002,72.13
"are","United Arab Emirates",2003,72.02
"are","United Arab Emirates",2004,72.02
"are","United Arab Emirates",2005,72.49
"are","United Arab Emirates",2006,72.57
"are","United Arab Emirates",2007,72.64
"are","United Arab Emirates",2008,72.83
"are","United Arab Emirates",2009,72.87
"are","United Arab Emirates",2010,72.88
"are","United Arab Emirates",2011,72.92
"are","United Arab Emirates",2012,72.94
"are","United Arab Emirates",2013,72.99
"are","United Arab Emirates",2014,73.06
"are","United Arab Emirates",2015,73.14
"are","United Arab Emirates",2016,73.23
"are","United Arab Emirates",2017,73.32
"are","United Arab Emirates",2018,73.48
"are","United Arab Emirates",2019,73.63
"are","United Arab Emirates",2020,73.77
"gbr","United Kingdom",2000,77.96
"gbr","United Kingdom",2001,78.23
"gbr","United Kingdom",2002,78.34
"gbr","United Kingdom",2003,78.49
"gbr","United Kingdom",2004,79
"gbr","United Kingdom",2005,79.28
"gbr","United Kingdom",2006,79.4
"gbr","United Kingdom",2007,79.67
"gbr","United Kingdom",2008,79.8
"gbr","United Kingdom",2009,80.17
"gbr","United Kingdom",2010,80.42
"gbr","United Kingdom",2011,80.75
"gbr","United Kingdom",2012,80.92
"gbr","United Kingdom",2013,80.91
"gbr","United Kingdom",2014,81.08
"gbr","United Kingdom",2015,80.97
"gbr","United Kingdom",2016,80.93
"gbr","United Kingdom",2017,80.97
"gbr","United Kingdom",2018,81.04
"gbr","United Kingdom",2019,81.12
"gbr","United Kingdom",2020,81.23
"usa","United States",2000,76.87
"usa","United States",2001,76.92
"usa","United States",2002,77.02
"usa","United States",2003,77.17
"usa","United States",2004,77.53
"usa","United States",2005,77.56
"usa","United States",2006,77.79
"usa","United States",2007,78.05
"usa","United States",2008,78.23
"usa","United States",2009,78.44
"usa","United States",2010,78.74
"usa","United States",2011,78.75
"usa","United States",2012,78.86
"usa","United States",2013,78.91
"usa","United States",2014,78.91
"usa","United States",2015,78.83
"usa","United States",2016,78.63
"usa","United States",2017,78.59
"usa","United States",2018,78.58
"usa","United States",2019,78.6
"usa","United States",2020,78.63
"ury","Uruguay",2000,74.59
"ury","Uruguay",2001,74.94
"ury","Uruguay",2002,74.89
"ury","Uruguay",2003,74.88
"ury","Uruguay",2004,75.11
"ury","Uruguay",2005,75.46
"ury","Uruguay",2006,75.95
"ury","Uruguay",2007,75.51
"ury","Uruguay",2008,76.09
"ury","Uruguay",2009,76.44
"ury","Uruguay",2010,76.43
"ury","Uruguay",2011,76.29
"ury","Uruguay",2012,76.34
"ury","Uruguay",2013,76.61
"ury","Uruguay",2014,76.98
"ury","Uruguay",2015,77
"ury","Uruguay",2016,77
"ury","Uruguay",2017,77.05
"ury","Uruguay",2018,77.18
"ury","Uruguay",2019,77.32
"ury","Uruguay",2020,77.47
"uzb","Uzbekistan",2000,67.3
"uzb","Uzbekistan",2001,67.28
"uzb","Uzbekistan",2002,67.14
"uzb","Uzbekistan",2003,67.01
"uzb","Uzbekistan",2004,66.81
"uzb","Uzbekistan",2005,66.75
"uzb","Uzbekistan",2006,67.33
"uzb","Uzbekistan",2007,67.71
"uzb","Uzbekistan",2008,68.04
"uzb","Uzbekistan",2009,68.48
"uzb","Uzbekistan",2010,68.84
"uzb","Uzbekistan",2011,69.12
"uzb","Uzbekistan",2012,69.26
"uzb","Uzbekistan",2013,69.44
"uzb","Uzbekistan",2014,69.64
"uzb","Uzbekistan",2015,69.88
"uzb","Uzbekistan",2016,70.13
"uzb","Uzbekistan",2017,70.35
"uzb","Uzbekistan",2018,70.54
"uzb","Uzbekistan",2019,70.69
"uzb","Uzbekistan",2020,70.81
"vut","Vanuatu",2000,63.35
"vut","Vanuatu",2001,63.34
"vut","Vanuatu",2002,63.33
"vut","Vanuatu",2003,63.34
"vut","Vanuatu",2004,63.35
"vut","Vanuatu",2005,63.35
"vut","Vanuatu",2006,63.48
"vut","Vanuatu",2007,63.59
"vut","Vanuatu",2008,63.72
"vut","Vanuatu",2009,63.84
"vut","Vanuatu",2010,64
"vut","Vanuatu",2011,64.13
"vut","Vanuatu",2012,64.24
"vut","Vanuatu",2013,64.36
"vut","Vanuatu",2014,64.36
"vut","Vanuatu",2015,64.44
"vut","Vanuatu",2016,64.62
"vut","Vanuatu",2017,64.72
"vut","Vanuatu",2018,64.86
"vut","Vanuatu",2019,65
"vut","Vanuatu",2020,65.13
"ven","Venezuela",2000,74.04
"ven","Venezuela",2001,74.02
"ven","Venezuela",2002,74.04
"ven","Venezuela",2003,73.54
"ven","Venezuela",2004,74.7
"ven","Venezuela",2005,75.22
"ven","Venezuela",2006,75.17
"ven","Venezuela",2007,75
"ven","Venezuela",2008,74.73
"ven","Venezuela",2009,74.82
"ven","Venezuela",2010,75.28
"ven","Venezuela",2011,75.35
"ven","Venezuela",2012,75.16
"ven","Venezuela",2013,75.18
"ven","Venezuela",2014,74.99
"ven","Venezuela",2015,75.01
"ven","Venezuela",2016,75.32
"ven","Venezuela",2017,75.29
"ven","Venezuela",2018,75.17
"ven","Venezuela",2019,75.1
"ven","Venezuela",2020,75.1
"vnm","Vietnam",2000,71.48
"vnm","Vietnam",2001,71.69
"vnm","Vietnam",2002,71.9
"vnm","Vietnam",2003,72.09
"vnm","Vietnam",2004,72.26
"vnm","Vietnam",2005,72.45
"vnm","Vietnam",2006,72.65
"vnm","Vietnam",2007,72.85
"vnm","Vietnam",2008,73.05
"vnm","Vietnam",2009,73.24
"vnm","Vietnam",2010,73.45
"vnm","Vietnam",2011,73.62
"vnm","Vietnam",2012,73.81
"vnm","Vietnam",2013,73.96
"vnm","Vietnam",2014,74.11
"vnm","Vietnam",2015,74.26
"vnm","Vietnam",2016,74.39
"vnm","Vietnam",2017,74.53
"vnm","Vietnam",2018,74.6
"vnm","Vietnam",2019,74.69
"vnm","Vietnam",2020,74.78
"pse","Palestine",2000,70.49
"pse","Palestine",2001,69.79
"pse","Palestine",2002,68.91
"pse","Palestine",2003,69.99
"pse","Palestine",2004,69.63
"pse","Palestine",2005,70.93
"pse","Palestine",2006,69.38
"pse","Palestine",2007,71.3
"pse","Palestine",2008,69.14
"pse","Palestine",2009,69.77
"pse","Palestine",2010,73.94
"pse","Palestine",2011,74.28
"pse","Palestine",2012,74.39
"pse","Palestine",2013,75.69
"pse","Palestine",2014,75.48
"pse","Palestine",2015,76.24
"pse","Palestine",2016,76.61
"pse","Palestine",2017,76.85
"pse","Palestine",2018,77.01
"pse","Palestine",2019,77.17
"pse","Palestine",2020,77.34
"yem","Yemen",2000,63.33
"yem","Yemen",2001,63.86
"yem","Yemen",2002,64.36
"yem","Yemen",2003,64.84
"yem","Yemen",2004,65.35
"yem","Yemen",2005,65.91
"yem","Yemen",2006,66.39
"yem","Yemen",2007,66.77
"yem","Yemen",2008,67.17
"yem","Yemen",2009,67.54
"yem","Yemen",2010,67.95
"yem","Yemen",2011,68.14
"yem","Yemen",2012,68.34
"yem","Yemen",2013,68.89
"yem","Yemen",2014,68.96
"yem","Yemen",2015,68.59
"yem","Yemen",2016,68.07
"yem","Yemen",2017,68.06
"yem","Yemen",2018,68.07
"yem","Yemen",2019,68.1
"yem","Yemen",2020,68.16
"zmb","Zambia",2000,45.96
"zmb","Zambia",2001,46.08
"zmb","Zambia",2002,47
"zmb","Zambia",2003,47.59
"zmb","Zambia",2004,48.4
"zmb","Zambia",2005,49.32
"zmb","Zambia",2006,50.2
"zmb","Zambia",2007,51.48
"zmb","Zambia",2008,52.97
"zmb","Zambia",2009,54.47
"zmb","Zambia",2010,55.99
"zmb","Zambia",2011,57.5
"zmb","Zambia",2012,58.83
"zmb","Zambia",2013,59.99
"zmb","Zambia",2014,61.13
"zmb","Zambia",2015,62.05
"zmb","Zambia",2016,62.76
"zmb","Zambia",2017,63.2
"zmb","Zambia",2018,63.66
"zmb","Zambia",2019,64.04
"zmb","Zambia",2020,64.35
"zwe","Zimbabwe",2000,46.65
"zwe","Zimbabwe",2001,46.18
"zwe","Zimbabwe",2002,45.61
"zwe","Zimbabwe",2003,45.38
"zwe","Zimbabwe",2004,45.14
"zwe","Zimbabwe",2005,45.14
"zwe","Zimbabwe",2006,45.38
"zwe","Zimbabwe",2007,45.92
"zwe","Zimbabwe",2008,46.27
"zwe","Zimbabwe",2009,47.22
"zwe","Zimbabwe",2010,49.67
"zwe","Zimbabwe",2011,52.43
"zwe","Zimbabwe",2012,54.88
"zwe","Zimbabwe",2013,56.78
"zwe","Zimbabwe",2014,58.52
"zwe","Zimbabwe",2015,59.64
"zwe","Zimbabwe",2016,60.52
"zwe","Zimbabwe",2017,61.35
"zwe","Zimbabwe",2018,61.74
"zwe","Zimbabwe",2019,62.04
"zwe","Zimbabwe",2020,62.29
