"geo","name","year","gdp_total"
"afg","Afghanistan",2000,14265982427
"afg","Afghanistan",2001,13965937903
"afg","Afghanistan",2002,22967932809
"afg","Afghanistan",2003,24996520016
"afg","Afghanistan",2004,25350005426
"afg","Afghanistan",2005,28196729748
"afg","Afghanistan",2006,29707355852
"afg","Afghanistan",2007,33814785772
"afg","Afghanistan",2008,35142009201
"afg","Afghanistan",2009,42659052451
"afg","Afghanistan",2010,48785952600
"afg","Afghanistan",2011,48993943879
"afg","Afghanistan",2012,55241799469
"afg","Afghanistan",2013,58335753283
"afg","Afghanistan",2014,59925148565
"afg","Afghanistan",2015,60794832810
"afg","Afghanistan",2016,62168811349
"afg","Afghanistan",2017,63825463922
"afg","Afghanistan",2018,64482996008
"afg","Afghanistan",2019,67059483463
"afg","Afghanistan",2020,70068416143
"alb","Albania",2000,17031167673
"alb","Albania",2001,18619667759
"alb","Albania",2002,19501506226
"alb","Albania",2003,20603134322
"alb","Albania",2004,21737526478
"alb","Albania",2005,22923010223
"alb","Albania",2006,24240860986
"alb","Albania",2007,25640029916
"alb","Albania",2008,27488706715
"alb","Albania",2009,28319351186
"alb","Albania",2010,29266945072
"alb","Albania",2011,29894437164
"alb","Albania",2012,30217848420
"alb","Albania",2013,30468490149
"alb","Albania",2014,30991999096
"alb","Albania",2015,31712072720
"alb","Albania",2016,32780340380
"alb","Albania",2017,34042665475
"alb","Albania",2018,35475692792
"alb","Albania",2019,36569044194
"alb","Albania",2020,38059435150
"dza","Algeria",2000,318416440931
"dza","Algeria",2001,327995624576
"dza","Algeria",2002,346393981095
"dza","Algeria",2003,371340844436
"dza","Algeria",2004,387314389822
"dza","Algeria",2005,410196191500
"dza","Algeria",2006,417106010753
"dza","Algeria",2007,431174462151
"dza","Algeria",2008,441350658443
"dza","Algeria",2009,448554641723
"dza","Algeria",2010,464855704553
"dza","Algeria",2011,478298683497
"dza","Algeria",2012,494440397156
"dza","Algeria",2013,508124598624
"dza","Algeria",2014,527378027639
"dza","Algeria",2015,547225642521
"dza","Algeria",2016,565284076228
"dza","Algeria",2017,574328373397
"dza","Algeria",2018,586389414858
"dza","Algeria",2019,601339830523
"dza","Algeria",2020,615652019591
"and","Andorra",2000,2070378180
"and","Andorra",2001,2141135136
"and","Andorra",2002,2232149568
"and","Andorra",2003,2524710000
"and","Andorra",2004,2770162500
"and","Andorra",2005,3138040477
"and","Andorra",2006,3461564310
"and","Andorra",2007,3591871444
"and","Andorra",2008,3473984360
"and","Andorra",2009,3524979835
"and","Andorra",2010,3292185828
"and","Andorra",2011,3513898584
"and","Andorra",2012,3455834402
"and","Andorra",2013,3532475950
"and","Andorra",2014,3559040090
"and","Andorra",2015,3632757954
"and","Andorra",2016,3724536870
"and","Andorra",2017,3831986696
"and","Andorra",2018,3965449952
"and","Andorra",2019,4107638770
"and","Andorra",2020,4253206455
"ago","Angola",2000,63816392627
"ago","Angola",2001,66500492955
"ago","Angola",2002,75588246174
"ago","Angola",2003,77848208324
"ago","Angola",2004,86374792272
"ago","Angola",2005,99356033960
"ago","Angola",2006,110829364575
"ago","Angola",2007,126356535554
"ago","Angola",2008,140465714210
"ago","Angola",2009,141671860202
"ago","Angola",2010,148556052929
"ago","Angola",2011,153713878487
"ago","Angola",2012,166844311482
"ago","Angola",2013,175110846083
"ago","Angola",2014,183555703274
"ago","Angola",2015,185287724746
"ago","Angola",2016,180507115230
"ago","Angola",2017,180241534794
"ago","Angola",2018,176396112700
"ago","Angola",2019,176435204733
"ago","Angola",2020,178938060987
"atg","Antigua and Barbuda",2000,1580260473
"atg","Antigua and Barbuda",2001,1502151037
"atg","Antigua and Barbuda",2002,1517592726
"atg","Antigua and Barbuda",2003,1609688691
"atg","Antigua and Barbuda",2004,1702024798
"atg","Antigua and Barbuda",2005,1810850876
"atg","Antigua and Barbuda",2006,2041691859
"atg","Antigua and Barbuda",2007,2230523670
"atg","Antigua and Barbuda",2008,2229693598
"atg","Antigua and Barbuda",2009,1959733709
"atg","Antigua and Barbuda",2010,1818736621
"atg","Antigua and Barbuda",2011,1780822455
"atg","Antigua and Barbuda",2012,1843290120
"atg","Antigua and Barbuda",2013,1841295600
"atg","Antigua and Barbuda",2014,1927191847
"atg","Antigua and Barbuda",2015,2004882650
"atg","Antigua and Barbuda",2016,2116680516
"atg","Antigua and Barbuda",2017,2181009755
"atg","Antigua and Barbuda",2018,2288476641
"atg","Antigua and Barbuda",2019,2375764584
"atg","Antigua and Barbuda",2020,2448889606
"arg","Argentina",2000,552151353809
"arg","Argentina",2001,527807643702
"arg","Argentina",2002,470305746084
"arg","Argentina",2003,511866911356
"arg","Argentina",2004,558086309627
"arg","Argentina",2005,607486134044
"arg","Argentina",2006,656371548317
"arg","Argentina",2007,715495386492
"arg","Argentina",2008,744524533501
"arg","Argentina",2009,700459645157
"arg","Argentina",2010,773413212066
"arg","Argentina",2011,818866902964
"arg","Argentina",2012,809729541166
"arg","Argentina",2013,828635393839
"arg","Argentina",2014,807341320430
"arg","Argentina",2015,828925190940
"arg","Argentina",2016,811219214344
"arg","Argentina",2017,832395502049
"arg","Argentina",2018,811014711040
"arg","Argentina",2019,784945068733
"arg","Argentina",2020,773517583531
"arm","Armenia",2000,8977787009
"arm","Armenia",2001,9835739478
"arm","Armenia",2002,11132705955
"arm","Armenia",2003,12695859993
"arm","Armenia",2004,14024791287
"arm","Armenia",2005,15969417464
"arm","Armenia",2006,18077067524
"arm","Armenia",2007,20562540715
"arm","Armenia",2008,21981355832
"arm","Armenia",2009,18871029017
"arm","Armenia",2010,19286144786
"arm","Armenia",2011,20192614640
"arm","Armenia",2012,21646572997
"arm","Armenia",2013,22360901831
"arm","Armenia",2014,23165822343
"arm","Armenia",2015,23907177689
"arm","Armenia",2016,23954951074
"arm","Armenia",2017,25751388739
"arm","Armenia",2018,27090323722
"arm","Armenia",2019,28771685119
"arm","Armenia",2020,30206439522
"aus","Australia",2000,672156028094
"aus","Australia",2001,683192014687
"aus","Australia",2002,709467946030
"aus","Australia",2003,729979147460
"aus","Australia",2004,760603262788
"aus","Australia",2005,786329847263
"aus","Australia",2006,810193578146
"aus","Australia",2007,851988078601
"aus","Australia",2008,882845320992
"aus","Australia",2009,898884295083
"aus","Australia",2010,920079375373
"aus","Australia",2011,945815331978
"aus","Australia",2012,981383274773
"aus","Australia",2013,1005036856071
"aus","Australia",2014,1030506192608
"aus","Australia",2015,1054315877351
"aus","Australia",2016,1082253942483
"aus","Australia",2017,1103554869140
"aus","Australia",2018,1131354821958
"aus","Australia",2019,1146620008893
"aus","Australia",2020,1167811369419
"aut","Austria",2000,313446222690
"aut","Austria",2001,317321356393
"aut","Austria",2002,322431684716
"aut","Austria",2003,325536171794
"aut","Austria",2004,334036421502
"aut","Austria",2005,340734690161
"aut","Austria",2006,352110652510
"aut","Austria",2007,365300562142
"aut","Austria",2008,370712290071
"aut","Austria",2009,357151251241
"aut","Austria",2010,364455040451
"aut","Austria",2011,375781220719
"aut","Austria",2012,378788099487
"aut","Austria",2013,379048707581
"aut","Austria",2014,381196056092
"aut","Austria",2015,384063596612
"aut","Austria",2016,390747884737
"aut","Austria",2017,401244201636
"aut","Austria",2018,413211528625
"aut","Austria",2019,419749266739
"aut","Austria",2020,426408064805
"aze","Azerbaijan",2000,37395239455
"aze","Azerbaijan",2001,41154477969
"aze","Azerbaijan",2002,45139224311
"aze","Azerbaijan",2003,49874930920
"aze","Azerbaijan",2004,54580604384
"aze","Azerbaijan",2005,69865569482
"aze","Azerbaijan",2006,93915350187
"aze","Azerbaijan",2007,117770816385
"aze","Azerbaijan",2008,128965274612
"aze","Azerbaijan",2009,139755858842
"aze","Azerbaijan",2010,146469072277
"aze","Azerbaijan",2011,144091841409
"aze","Azerbaijan",2012,147203551870
"aze","Azerbaijan",2013,155807011119
"aze","Azerbaijan",2014,160203550097
"aze","Azerbaijan",2015,161941013598
"aze","Azerbaijan",2016,157061542049
"aze","Azerbaijan",2017,156829973053
"aze","Azerbaijan",2018,159301927823
"aze","Azerbaijan",2019,163258414942
"aze","Azerbaijan",2020,166225040140
"bhs","Bahamas",2000,9827420092
"bhs","Bahamas",2001,10085660127
"bhs","Bahamas",2002,10358332014
"bhs","Bahamas",2003,10227231793
"bhs","Bahamas",2004,10317687227
"bhs","Bahamas",2005,10667681622
"bhs","Bahamas",2006,10936508356
"bhs","Bahamas",2007,11094677578
"bhs","Bahamas",2008,10836873643
"bhs","Bahamas",2009,10384317351
"bhs","Bahamas",2010,10544051281
"bhs","Bahamas",2011,10609031858
"bhs","Bahamas",2012,10936226727
"bhs","Bahamas",2013,10891253210
"bhs","Bahamas",2014,10875078376
"bhs","Bahamas",2015,10988779540
"bhs","Bahamas",2016,10803063168
"bhs","Bahamas",2017,10958211362
"bhs","Bahamas",2018,11118911593
"bhs","Bahamas",2019,11206962051
"bhs","Bahamas",2020,11127880137
"bhr","Bahrain",2000,29869282703
"bhr","Bahrain",2001,30613602060
"bhr","Bahrain",2002,31719536782
"bhr","Bahrain",2003,33630580678
"bhr","Bahrain",2004,35978400396
"bhr","Bahrain",2005,38413361633
"bhr","Bahrain",2006,40898691265
"bhr","Bahrain",2007,44290174976
"bhr","Bahrain",2008,47056094989
"bhr","Bahrain",2009,48250998866
"bhr","Bahrain",2010,50342598343
"bhr","Bahrain",2011,51341221351
"bhr","Bahrain",2012,53257280563
"bhr","Bahrain",2013,56142006331
"bhr","Bahrain",2014,58584007391
"bhr","Bahrain",2015,60260840892
"bhr","Bahrain",2016,62352445263
"bhr","Bahrain",2017,64724073570
"bhr","Bahrain",2018,65874579085
"bhr","Bahrain",2019,68872657521
"bhr","Bahrain",2020,71475182587
"bgd","Bangladesh",2000,216050989245
"bgd","Bangladesh",2001,227020517700
"bgd","Bangladesh",2002,235722466815
"bgd","Bangladesh",2003,246894699619
"bgd","Bangladesh",2004,259830832608
"bgd","Bangladesh",2005,276813238828
"bgd","Bangladesh",2006,295281927859
"bgd","Bangladesh",2007,316124736361
"bgd","Bangladesh",2008,335135794669
"bgd","Bangladesh",2009,352043816234
"bgd","Bangladesh",2010,371659014242
"bgd","Bangladesh",2011,395682764535
"bgd","Bangladesh",2012,421482988645
"bgd","Bangladesh",2013,446825926101
"bgd","Bangladesh",2014,473909900960
"bgd","Bangladesh",2015,504972698476
"bgd","Bangladesh",2016,540915449083
"bgd","Bangladesh",2017,580347432862
"bgd","Bangladesh",2018,626006335956
"bgd","Bangladesh",2019,674776018787
"bgd","Bangladesh",2020,724806737842
"brb","Barbados",2000,4178928604
"brb","Barbados",2001,4079550290
"brb","Barbados",2002,4112307523
"brb","Barbados",2003,4201238321
"brb","Barbados",2004,4260299209
"brb","Barbados",2005,4429622800
"brb","Barbados",2006,4680737075
"brb","Barbados",2007,4763370015
"brb","Barbados",2008,4769221703
"brb","Barbados",2009,4579792842
"brb","Barbados",2010,4591900724
"brb","Barbados",2011,4622083018
"brb","Barbados",2012,4635045497
"brb","Barbados",2013,4635464761
"brb","Barbados",2014,4636335768
"brb","Barbados",2015,4678304810
"brb","Barbados",2016,4772189488
"brb","Barbados",2017,4819810298
"brb","Barbados",2018,4786448329
"brb","Barbados",2019,4775984674
"brb","Barbados",2020,4798326643
"blr","Belarus",2000,74771761482
"blr","Belarus",2001,78227397885
"blr","Belarus",2002,82147128026
"blr","Belarus",2003,87944427870
"blr","Belarus",2004,98046434835
"blr","Belarus",2005,107385361264
"blr","Belarus",2006,118287589714
"blr","Belarus",2007,128557936089
"blr","Belarus",2008,141746294545
"blr","Belarus",2009,142050210137
"blr","Belarus",2010,153184149146
"blr","Belarus",2011,161629864159
"blr","Belarus",2012,164537670128
"blr","Belarus",2013,166276320794
"blr","Belarus",2014,169142661711
"blr","Belarus",2015,162538580702
"blr","Belarus",2016,158337570841
"blr","Belarus",2017,162481864218
"blr","Belarus",2018,167706993049
"blr","Belarus",2019,170574466679
"blr","Belarus",2020,171898341078
"bel","Belgium",2000,382375301502
"bel","Belgium",2001,385536538474
"bel","Belgium",2002,392381775015
"bel","Belgium",2003,395825665256
"bel","Belgium",2004,410836609843
"bel","Belgium",2005,419797321236
"bel","Belgium",2006,430431774282
"bel","Belgium",2007,445269890145
"bel","Belgium",2008,448604936949
"bel","Belgium",2009,438258769287
"bel","Belgium",2010,449427963798
"bel","Belgium",2011,454697859484
"bel","Belgium",2012,455887897696
"bel","Belgium",2013,457470396060
"bel","Belgium",2014,463937466194
"bel","Belgium",2015,472070607661
"bel","Belgium",2016,479315216479
"bel","Belgium",2017,488549070551
"bel","Belgium",2018,496236306849
"bel","Belgium",2019,502155360693
"bel","Belgium",2020,508265024538
"blz","Belize",2000,1719719776
"blz","Belize",2001,1806045697
"blz","Belize",2002,1898541065
"blz","Belize",2003,2075587968
"blz","Belize",2004,2172133188
"blz","Belize",2005,2228018577
"blz","Belize",2006,2330185889
"blz","Belize",2007,2355922592
"blz","Belize",2008,2431935208
"blz","Belize",2009,2448256645
"blz","Belize",2010,2531100565
"blz","Belize",2011,2585822469
"blz","Belize",2012,2661805024
"blz","Belize",2013,2684411800
"blz","Belize",2014,2783594669
"blz","Belize",2015,2879070422
"blz","Belize",2016,2862188548
"blz","Belize",2017,2903380706
"blz","Belize",2018,2991875704
"blz","Belize",2019,3051701288
"blz","Belize",2020,3092606766
"ben","Benin",2000,11441875615
"ben","Benin",2001,12051774857
"ben","Benin",2002,12611535210
"ben","Benin",2003,13045873144
"ben","Benin",2004,13623753358
"ben","Benin",2005,13856932789
"ben","Benin",2006,14403864428
"ben","Benin",2007,15266156022
"ben","Benin",2008,16012650212
"ben","Benin",2009,16385653531
"ben","Benin",2010,16731405030
"ben","Benin",2011,17227122334
"ben","Benin",2012,18056875977
"ben","Benin",2013,19355113806
"ben","Benin",2014,20584499759
"ben","Benin",2015,21015937431
"ben","Benin",2016,21849179298
"ben","Benin",2017,23124660312
"ben","Benin",2018,24710548606
"ben","Benin",2019,26313122955
"ben","Benin",2020,28053882661
"btn","Bhutan",2000,2029165379
"btn","Bhutan",2001,2195670435
"btn","Bhutan",2002,2431234003
"btn","Bhutan",2003,2617546324
"btn","Bhutan",2004,2771857090
"btn","Bhutan",2005,2969335039
"btn","Bhutan",2006,3172662252
"btn","Bhutan",2007,3741405399
"btn","Bhutan",2008,3919814875
"btn","Bhutan",2009,4180815154
"btn","Bhutan",2010,4671212358
"btn","Bhutan",2011,5039813786
"btn","Bhutan",2012,5295418607
"btn","Bhutan",2013,5408857630
"btn","Bhutan",2014,5719621417
"btn","Bhutan",2015,6099766207
"btn","Bhutan",2016,6588987324
"btn","Bhutan",2017,6893980068
"btn","Bhutan",2018,7051962886
"btn","Bhutan",2019,7407810292
"btn","Bhutan",2020,7902932374
"bol","Bolivia",2000,36796084690
"bol","Bolivia",2001,37415670088
"bol","Bolivia",2002,38345655697
"bol","Bolivia",2003,39385287763
"bol","Bolivia",2004,41028988181
"bol","Bolivia",2005,42843011306
"bol","Bolivia",2006,44898233139
"bol","Bolivia",2007,46947540447
"bol","Bolivia",2008,49834129246
"bol","Bolivia",2009,51507092594
"bol","Bolivia",2010,53632634290
"bol","Bolivia",2011,56423672157
"bol","Bolivia",2012,59313870758
"bol","Bolivia",2013,63344836245
"bol","Bolivia",2014,66803829903
"bol","Bolivia",2015,70048630411
"bol","Bolivia",2016,73035493772
"bol","Bolivia",2017,76099416765
"bol","Bolivia",2018,79313563819
"bol","Bolivia",2019,82347318740
"bol","Bolivia",2020,85398081255
"bih","Bosnia and Herzegovina",2000,23823316438
"bih","Bosnia and Herzegovina",2001,24871555489
"bih","Bosnia and Herzegovina",2002,26189747982
"bih","Bosnia and Herzegovina",2003,27237366867
"bih","Bosnia and Herzegovina",2004,28898791109
"bih","Bosnia and Herzegovina",2005,31430118753
"bih","Bosnia and Herzegovina",2006,33132746650
"bih","Bosnia and Herzegovina",2007,35072928007
"bih","Bosnia and Herzegovina",2008,36976092295
"bih","Bosnia and Herzegovina",2009,35865954481
"bih","Bosnia and Herzegovina",2010,36178750563
"bih","Bosnia and Herzegovina",2011,36525608713
"bih","Bosnia and Herzegovina",2012,36225486885
"bih","Bosnia and Herzegovina",2013,37077087141
"bih","Bosnia and Herzegovina",2014,37502841839
"bih","Bosnia and Herzegovina",2015,38661002580
"bih","Bosnia and Herzegovina",2016,39877086803
"bih","Bosnia and Herzegovina",2017,41138756683
"bih","Bosnia and Herzegovina",2018,42400037881
"bih","Bosnia and Herzegovina",2019,43308540858
"bih","Bosnia and Herzegovina",2020,44207876454
"bwa","Botswana",2000,17613514386
"bwa","Botswana",2001,17657617820
"bwa","Botswana",2002,18729342183
"bwa","Botswana",2003,19595675044
"bwa","Botswana",2004,20126095120
"bwa","Botswana",2005,21043086749
"bwa","Botswana",2006,22803153330
"bwa","Botswana",2007,24690462958
"bwa","Botswana",2008,26232463262
"bwa","Botswana",2009,24225074535
"bwa","Botswana",2010,26299674333
"bwa","Botswana",2011,27890403158
"bwa","Botswana",2012,29133188338
"bwa","Botswana",2013,32438125398
"bwa","Botswana",2014,33783912436
"bwa","Botswana",2015,33210193717
"bwa","Botswana",2016,34639180477
"bwa","Botswana",2017,35645799711
"bwa","Botswana",2018,37233210105
"bwa","Botswana",2019,38658674759
"bwa","Botswana",2020,40423811135
"bra","Brazil",2000,1993145956391
"bra","Brazil",2001,2020848597698
"bra","Brazil",2002,2082554508893
"bra","Brazil",2003,2106312836265
"bra","Brazil",2004,2227635711108
"bra","Brazil",2005,2298967619989
"bra","Brazil",2006,2390052355502
"bra","Brazil",2007,2535125508023
"bra","Brazil",2008,2664269728211
"bra","Brazil",2009,2660917716024
"bra","Brazil",2010,2861237684349
"bra","Brazil",2011,2974955450266
"bra","Brazil",2012,3032109411645
"bra","Brazil",2013,3123219000832
"bra","Brazil",2014,3138958765981
"bra","Brazil",2015,3027658432685
"bra","Brazil",2016,2927580681227
"bra","Brazil",2017,2958726021214
"bra","Brazil",2018,2991792027924
"bra","Brazil",2019,3019476241744
"bra","Brazil",2020,3082338633048
"brn","Brunei",2000,27342366444
"brn","Brunei",2001,28092815588
"brn","Brunei",2002,29179918470
"brn","Brunei",2003,30027893246
"brn","Brunei",2004,30179242511
"brn","Brunei",2005,30295939008
"brn","Brunei",2006,31628357311
"brn","Brunei",2007,31677503513
"brn","Brunei",2008,31062639049
"brn","Brunei",2009,30514451077
"brn","Brunei",2010,31306870737
"brn","Brunei",2011,32480333088
"brn","Brunei",2012,32777567559
"brn","Brunei",2013,32079508634
"brn","Brunei",2014,31326951677
"brn","Brunei",2015,31149227319
"brn","Brunei",2016,30380074584
"brn","Brunei",2017,30784990428
"brn","Brunei",2018,30800381247
"brn","Brunei",2019,31360103090
"brn","Brunei",2020,32834237682
"bgr","Bulgaria",2000,70649418455
"bgr","Bulgaria",2001,74158221903
"bgr","Bulgaria",2002,79632821112
"bgr","Bulgaria",2003,83740230802
"bgr","Bulgaria",2004,89117810188
"bgr","Bulgaria",2005,95471471765
"bgr","Bulgaria",2006,102064185694
"bgr","Bulgaria",2007,109582754739
"bgr","Bulgaria",2008,116187957480
"bgr","Bulgaria",2009,111987504517
"bgr","Bulgaria",2010,113478520030
"bgr","Bulgaria",2011,115668770524
"bgr","Bulgaria",2012,115672577791
"bgr","Bulgaria",2013,116196330546
"bgr","Bulgaria",2014,118280442002
"bgr","Bulgaria",2015,122389169463
"bgr","Bulgaria",2016,127252350608
"bgr","Bulgaria",2017,132149784641
"bgr","Bulgaria",2018,136242447292
"bgr","Bulgaria",2019,141055737228
"bgr","Bulgaria",2020,145323331660
"bfa","Burkina Faso",2000,12483136378
"bfa","Burkina Faso",2001,13308687973
"bfa","Burkina Faso",2002,13888010022
"bfa","Burkina Faso",2003,14971620859
"bfa","Burkina Faso",2004,15642125754
"bfa","Burkina Faso",2005,16997022240
"bfa","Burkina Faso",2006,18059862353
"bfa","Burkina Faso",2007,19081163343
"bfa","Burkina Faso",2008,20473026958
"bfa","Burkina Faso",2009,21079440959
"bfa","Burkina Faso",2010,22212109435
"bfa","Burkina Faso",2011,23684090980
"bfa","Burkina Faso",2012,25212356882
"bfa","Burkina Faso",2013,26672820512
"bfa","Burkina Faso",2014,27826902984
"bfa","Burkina Faso",2015,28910602595
"bfa","Burkina Faso",2016,30626164352
"bfa","Burkina Faso",2017,32556222117
"bfa","Burkina Faso",2018,34675533638
"bfa","Burkina Faso",2019,36736503000
"bfa","Burkina Faso",2020,38911341011
"bdi","Burundi",2000,4579857286
"bdi","Burundi",2001,4674011034
"bdi","Burundi",2002,4881844735
"bdi","Burundi",2003,4822105525
"bdi","Burundi",2004,5055180937
"bdi","Burundi",2005,5100677679
"bdi","Burundi",2006,5376822888
"bdi","Burundi",2007,5562436019
"bdi","Burundi",2008,5832858227
"bdi","Burundi",2009,6055243812
"bdi","Burundi",2010,6365532634
"bdi","Burundi",2011,6622226209
"bdi","Burundi",2012,6916700279
"bdi","Burundi",2013,7257298856
"bdi","Burundi",2014,7565048384
"bdi","Burundi",2015,7270011172
"bdi","Burundi",2016,7226389562
"bdi","Burundi",2017,7262510072
"bdi","Burundi",2018,7378718736
"bdi","Burundi",2019,7422467214
"bdi","Burundi",2020,7468549511
"khm","Cambodia",2000,16830478642
"khm","Cambodia",2001,18083779636
"khm","Cambodia",2002,19273483697
"khm","Cambodia",2003,20912892342
"khm","Cambodia",2004,23075392230
"khm","Cambodia",2005,26132891725
"khm","Cambodia",2006,28947676586
"khm","Cambodia",2007,31903967932
"khm","Cambodia",2008,34038871509
"khm","Cambodia",2009,34068382140
"khm","Cambodia",2010,36099886318
"khm","Cambodia",2011,38652006620
"khm","Cambodia",2012,41478767114
"khm","Cambodia",2013,44530215191
"khm","Cambodia",2014,47710833194
"khm","Cambodia",2015,51067795691
"khm","Cambodia",2016,54658348560
"khm","Cambodia",2017,58492655646
"khm","Cambodia",2018,62891555625
"khm","Cambodia",2019,67246442065
"khm","Cambodia",2020,71736500322
"cmr","Cameroon",2000,39770614023
"cmr","Cameroon",2001,41507830622
"cmr","Cameroon",2002,43266609883
"cmr","Cameroon",2003,45242682911
"cmr","Cameroon",2004,48310557796
"cmr","Cameroon",2005,49286745469
"cmr","Cameroon",2006,50990932031
"cmr","Cameroon",2007,53490604435
"cmr","Cameroon",2008,55356805181
"cmr","Cameroon",2009,56573900452
"cmr","Cameroon",2010,58510123266
"cmr","Cameroon",2011,60926195056
"cmr","Cameroon",2012,63694224339
"cmr","Cameroon",2013,67136432421
"cmr","Cameroon",2014,71086757825
"cmr","Cameroon",2015,75104242514
"cmr","Cameroon",2016,78595455233
"cmr","Cameroon",2017,81384925375
"cmr","Cameroon",2018,84526294095
"cmr","Cameroon",2019,88004274929
"cmr","Cameroon",2020,91749771011
"can","Canada",2000,1148109513243
"can","Canada",2001,1166842995231
"can","Canada",2002,1200446015132
"can","Canada",2003,1223143037941
"can","Canada",2004,1262172211447
"can","Canada",2005,1304479494121
"can","Canada",2006,1340601368107
"can","Canada",2007,1371426968830
"can","Canada",2008,1387165311318
"can","Canada",2009,1347275145710
"can","Canada",2010,1389789788545
"can","Canada",2011,1435773705163
"can","Canada",2012,1461198259985
"can","Canada",2013,1495247347639
"can","Canada",2014,1538478004120
"can","Canada",2015,1552953862781
"can","Canada",2016,1567717200261
"can","Canada",2017,1610791261549
"can","Canada",2018,1633173168622
"can","Canada",2019,1652867015088
"can","Canada",2020,1680782274096
"cpv","Cape Verde",2000,1668592808
"cpv","Cape Verde",2001,1705838552
"cpv","Cape Verde",2002,1795459459
"cpv","Cape Verde",2003,1870404825
"cpv","Cape Verde",2004,2061163296
"cpv","Cape Verde",2005,2203640210
"cpv","Cape Verde",2006,2379568138
"cpv","Cape Verde",2007,2740599536
"cpv","Cape Verde",2008,2922844917
"cpv","Cape Verde",2009,2885664614
"cpv","Cape Verde",2010,2927955888
"cpv","Cape Verde",2011,3044237127
"cpv","Cape Verde",2012,3077197491
"cpv","Cape Verde",2013,3101815832
"cpv","Cape Verde",2014,3120865461
"cpv","Cape Verde",2015,3152227726
"cpv","Cape Verde",2016,3300546576
"cpv","Cape Verde",2017,3433057555
"cpv","Cape Verde",2018,3622548245
"cpv","Cape Verde",2019,3800548915
"cpv","Cape Verde",2020,3985165626
"caf","Central African Republic",2000,3096299381
"caf","Central African Republic",2001,3234544661
"caf","Central African Republic",2002,3351526016
"caf","Central African Republic",2003,3170630328
"caf","Central African Republic",2004,3360709272
"caf","Central African Republic",2005,3391223056
"caf","Central African Republic",2006,3553028142
"caf","Central African Republic",2007,3716724424
"caf","Central African Republic",2008,3793078008
"caf","Central African Republic",2009,4118795668
"caf","Central African Republic",2010,4309528657
"caf","Central African Republic",2011,4490302926
"caf","Central African Republic",2012,4717224660
"caf","Central African Republic",2013,3017263066
"caf","Central African Republic",2014,3020796578
"caf","Central African Republic",2015,3158633273
"caf","Central African Republic",2016,3316759821
"caf","Central African Republic",2017,3464596483
"caf","Central African Republic",2018,3614983487
"caf","Central African Republic",2019,3766003396
"caf","Central African Republic",2020,3946188624
"tcd","Chad",2000,8285687626
"tcd","Chad",2001,9251642115
"tcd","Chad",2002,10037212982
"tcd","Chad",2003,11514863306
"tcd","Chad",2004,15387234946
"tcd","Chad",2005,18054238397
"tcd","Chad",2006,18171279090
"tcd","Chad",2007,18765768141
"tcd","Chad",2008,19338618372
"tcd","Chad",2009,20154251899
"tcd","Chad",2010,22885179428
"tcd","Chad",2011,22904142604
"tcd","Chad",2012,24938622645
"tcd","Chad",2013,26360146545
"tcd","Chad",2014,28178979718
"tcd","Chad",2015,28958867921
"tcd","Chad",2016,27147330875
"tcd","Chad",2017,26335973111
"tcd","Chad",2018,27031572764
"tcd","Chad",2019,27792158629
"tcd","Chad",2020,29448507595
"chl","Chile",2000,218492783591
"chl","Chile",2001,225709733195
"chl","Chile",2002,232722542444
"chl","Chile",2003,242243224998
"chl","Chile",2004,259707911871
"chl","Chile",2005,274622344109
"chl","Chile",2006,291970919759
"chl","Chile",2007,306293095820
"chl","Chile",2008,317103632183
"chl","Chile",2009,312143391169
"chl","Chile",2010,330385546680
"chl","Chile",2011,350575404734
"chl","Chile",2012,369221289607
"chl","Chile",2013,384156129161
"chl","Chile",2014,390943299470
"chl","Chile",2015,399949563895
"chl","Chile",2016,406630903470
"chl","Chile",2017,411832278594
"chl","Chile",2018,428407328626
"chl","Chile",2019,436131196454
"chl","Chile",2020,445005904551
"chn","China",2000,4762090071128
"chn","China",2001,5155952183923
"chn","China",2002,5624526006196
"chn","China",2003,6187959587357
"chn","China",2004,6813359171660
"chn","China",2005,7589152310054
"chn","China",2006,8555608466889
"chn","China",2007,9777380431685
"chn","China",2008,10726556751786
"chn","China",2009,11742172124805
"chn","China",2010,13001072271633
"chn","China",2011,14254315336984
"chn","China",2012,15385607422064
"chn","China",2013,16590702488044
"chn","China",2014,17808176406656
"chn","China",2015,19041469571856
"chn","China",2016,20317953088037
"chn","China",2017,21676256599967
"chn","China",2018,23109038674804
"chn","China",2019,24548741675811
"chn","China",2020,25998052172203
"col","Colombia",2000,333415687202
"col","Colombia",2001,339009996404
"col","Colombia",2002,347498860948
"col","Colombia",2003,361114810794
"col","Colombia",2004,380373097754
"col","Colombia",2005,398275663922
"col","Colombia",2006,425276345547
"col","Colombia",2007,454401970703
"col","Colombia",2008,469202074221
"col","Colombia",2009,474857971886
"col","Colombia",2010,495502664207
"col","Colombia",2011,531980111934
"col","Colombia",2012,552734325332
"col","Colombia",2013,577969054926
"col","Colombia",2014,605300974139
"col","Colombia",2015,623213286137
"col","Colombia",2016,636270417723
"col","Colombia",2017,644935319123
"col","Colombia",2018,662124596000
"col","Colombia",2019,686148286919
"col","Colombia",2020,711728654028
"com","Comoros",2000,1295428589
"com","Comoros",2001,1325663983
"com","Comoros",2002,1356470240
"com","Comoros",2003,1385010951
"com","Comoros",2004,1411598335
"com","Comoros",2005,1451643506
"com","Comoros",2006,1490077493
"com","Comoros",2007,1502003312
"com","Comoros",2008,1562068532
"com","Comoros",2009,1612059003
"com","Comoros",2010,1673328363
"com","Comoros",2011,1741944350
"com","Comoros",2012,1797653525
"com","Comoros",2013,1878576444
"com","Comoros",2014,1918011150
"com","Comoros",2015,1939136031
"com","Comoros",2016,1981552573
"com","Comoros",2017,2035188464
"com","Comoros",2018,2092178882
"com","Comoros",2019,2108552733
"com","Comoros",2020,2187630882
"cod","Congo, Dem. Rep.",2000,26982815058
"cod","Congo, Dem. Rep.",2001,26416121011
"cod","Congo, Dem. Rep.",2002,27194814588
"cod","Congo, Dem. Rep.",2003,28711692395
"cod","Congo, Dem. Rep.",2004,30646385451
"cod","Congo, Dem. Rep.",2005,32526588921
"cod","Congo, Dem. Rep.",2006,34257333148
"cod","Congo, Dem. Rep.",2007,36401660000
"cod","Congo, Dem. Rep.",2008,38667986217
"cod","Congo, Dem. Rep.",2009,39771980701
"cod","Congo, Dem. Rep.",2010,42598964478
"cod","Congo, Dem. Rep.",2011,45527502429
"cod","Congo, Dem. Rep.",2012,48753993393
"cod","Congo, Dem. Rep.",2013,52889282215
"cod","Congo, Dem. Rep.",2014,57898050477
"cod","Congo, Dem. Rep.",2015,61902380322
"cod","Congo, Dem. Rep.",2016,63387665487
"cod","Congo, Dem. Rep.",2017,65750088903
"cod","Congo, Dem. Rep.",2018,69535934770
"cod","Congo, Dem. Rep.",2019,72687331641
"cod","Congo, Dem. Rep.",2020,75657102935
"cog","Congo, Rep.",2000,14451774916
"cog","Congo, Rep.",2001,15001261228
"cog","Congo, Rep.",2002,15688562020
"cog","Congo, Rep.",2003,15816171517
"cog","Congo, Rep.",2004,16366075164
"cog","Congo, Rep.",2005,17635388508
"cog","Congo, Rep.",2006,18735140814
"cog","Congo, Rep.",2007,18438718335
"cog","Congo, Rep.",2008,19466151490
"cog","Congo, Rep.",2009,20920107353
"cog","Congo, Rep.",2010,22750939643
"cog","Congo, Rep.",2011,23529123981
"cog","Congo, Rep.",2012,24423229642
"cog","Congo, Rep.",2013,25263544728
"cog","Congo, Rep.",2014,26976363967
"cog","Congo, Rep.",2015,27690330835
"cog","Congo, Rep.",2016,26914991244
"cog","Congo, Rep.",2017,26080637120
"cog","Congo, Rep.",2018,26348113347
"cog","Congo, Rep.",2019,27420512511
"cog","Congo, Rep.",2020,28198734122
"cri","Costa Rica",2000,38776629705
"cri","Costa Rica",2001,40130146530
"cri","Costa Rica",2002,41451101574
"cri","Costa Rica",2003,43215075215
"cri","Costa Rica",2004,45089139952
"cri","Costa Rica",2005,46834494216
"cri","Costa Rica",2006,50224330323
"cri","Costa Rica",2007,54326464280
"cri","Costa Rica",2008,56852426941
"cri","Costa Rica",2009,56300659446
"cri","Costa Rica",2010,59088514154
"cri","Costa Rica",2011,61633610782
"cri","Costa Rica",2012,64590167067
"cri","Costa Rica",2013,66055749103
"cri","Costa Rica",2014,68377689093
"cri","Costa Rica",2015,70861086406
"cri","Costa Rica",2016,73869690027
"cri","Costa Rica",2017,76379333357
"cri","Costa Rica",2018,78414132396
"cri","Costa Rica",2019,79873357398
"cri","Costa Rica",2020,81728195044
"civ","Cote d'Ivoire",2000,49185392968
"civ","Cote d'Ivoire",2001,49245117086
"civ","Cote d'Ivoire",2002,48423881889
"civ","Cote d'Ivoire",2003,47765549952
"civ","Cote d'Ivoire",2004,48353902090
"civ","Cote d'Ivoire",2005,49186192414
"civ","Cote d'Ivoire",2006,49931774952
"civ","Cote d'Ivoire",2007,50813129021
"civ","Cote d'Ivoire",2008,52105188351
"civ","Cote d'Ivoire",2009,53799367179
"civ","Cote d'Ivoire",2010,54884827936
"civ","Cote d'Ivoire",2011,52476898542
"civ","Cote d'Ivoire",2012,58095348126
"civ","Cote d'Ivoire",2013,63259691241
"civ","Cote d'Ivoire",2014,68822760903
"civ","Cote d'Ivoire",2015,74908713772
"civ","Cote d'Ivoire",2016,80880273381
"civ","Cote d'Ivoire",2017,87109721870
"civ","Cote d'Ivoire",2018,93584615712
"civ","Cote d'Ivoire",2019,100578297825
"civ","Cote d'Ivoire",2020,107886052545
"hrv","Croatia",2000,69038631671
"hrv","Croatia",2001,73888492707
"hrv","Croatia",2002,77507987375
"hrv","Croatia",2003,81682272165
"hrv","Croatia",2004,84758799527
"hrv","Croatia",2005,88011676397
"hrv","Croatia",2006,92120694744
"hrv","Croatia",2007,96823790211
"hrv","Croatia",2008,98585611166
"hrv","Croatia",2009,91254184334
"hrv","Croatia",2010,89842369914
"hrv","Croatia",2011,89533679797
"hrv","Croatia",2012,87391117012
"hrv","Croatia",2013,86812612366
"hrv","Croatia",2014,86661494289
"hrv","Croatia",2015,89000114729
"hrv","Croatia",2016,92261174334
"hrv","Croatia",2017,95515067236
"hrv","Croatia",2018,98244115377
"hrv","Croatia",2019,101295771370
"hrv","Croatia",2020,103986193304
"cub","Cuba",2000,54319197086
"cub","Cuba",2001,56504425236
"cub","Cuba",2002,57487875312
"cub","Cuba",2003,58402991185
"cub","Cuba",2004,58164407730
"cub","Cuba",2005,59100803328
"cub","Cuba",2006,66700330443
"cub","Cuba",2007,68114262318
"cub","Cuba",2008,71197473600
"cub","Cuba",2009,72704180436
"cub","Cuba",2010,75179403601
"cub","Cuba",2011,77847656688
"cub","Cuba",2012,80353265456
"cub","Cuba",2013,83255205638
"cub","Cuba",2014,86249101852
"cub","Cuba",2015,89341165753
"cub","Cuba",2016,89422667012
"cub","Cuba",2017,89455382695
"cub","Cuba",2018,89446633794
"cub","Cuba",2019,92092643600
"cub","Cuba",2020,94803043999
"cyp","Cyprus",2000,27702539728
"cyp","Cyprus",2001,29001768398
"cyp","Cyprus",2002,30255712940
"cyp","Cyprus",2003,31195341788
"cyp","Cyprus",2004,32876178224
"cyp","Cyprus",2005,34558757986
"cyp","Cyprus",2006,36207258180
"cyp","Cyprus",2007,37899970059
"cyp","Cyprus",2008,38951178081
"cyp","Cyprus",2009,37722830664
"cyp","Cyprus",2010,37732508715
"cyp","Cyprus",2011,37335968663
"cyp","Cyprus",2012,36037212851
"cyp","Cyprus",2013,34290716216
"cyp","Cyprus",2014,34467726836
"cyp","Cyprus",2015,35611305472
"cyp","Cyprus",2016,37448662461
"cyp","Cyprus",2017,38985694053
"cyp","Cyprus",2018,40380489608
"cyp","Cyprus",2019,41403491851
"cyp","Cyprus",2020,42425771971
"cze","Czech Republic",2000,218071981255
"cze","Czech Republic",2001,224858103974
"cze","Czech Republic",2002,228597034564
"cze","Czech Republic",2003,236597687524
"cze","Czech Republic",2004,248138559262
"cze","Czech Republic",2005,264467851771
"cze","Czech Republic",2006,282940143555
"cze","Czech Republic",2007,298753435511
"cze","Czech Republic",2008,306222506363
"cze","Czech Republic",2009,291608331713
"cze","Czech Republic",2010,298741248257
"cze","Czech Republic",2011,304288262456
"cze","Czech Republic",2012,301854270147
"cze","Czech Republic",2013,300443005290
"cze","Czech Republic",2014,308408887977
"cze","Czech Republic",2015,324459999059
"cze","Czech Republic",2016,332320229914
"cze","Czech Republic",2017,346586724794
"cze","Czech Republic",2018,356387920466
"cze","Czech Republic",2019,364960010318
"cze","Czech Republic",2020,374684526109
"dnk","Denmark",2000,226133861288
"dnk","Denmark",2001,227897212824
"dnk","Denmark",2002,228857485834
"dnk","Denmark",2003,229730391638
"dnk","Denmark",2004,235940673024
"dnk","Denmark",2005,241633997747
"dnk","Denmark",2006,251308095251
"dnk","Denmark",2007,253659426263
"dnk","Denmark",2008,252157808277
"dnk","Denmark",2009,239749264128
"dnk","Denmark",2010,244404671947
"dnk","Denmark",2011,247903261449
"dnk","Denmark",2012,248769820070
"dnk","Denmark",2013,251261155049
"dnk","Denmark",2014,255212234456
"dnk","Denmark",2015,260473897674
"dnk","Denmark",2016,265704822416
"dnk","Denmark",2017,270962964247
"dnk","Denmark",2018,274221091757
"dnk","Denmark",2019,278634016888
"dnk","Denmark",2020,283295960805
"dji","Djibouti",2000,1551314048
"dji","Djibouti",2001,1583762213
"dji","Djibouti",2002,1626131651
"dji","Djibouti",2003,1678799134
"dji","Djibouti",2004,1742601240
"dji","Djibouti",2005,1795847472
"dji","Djibouti",2006,1878150447
"dji","Djibouti",2007,1968402981
"dji","Djibouti",2008,2076056763
"dji","Djibouti",2009,2174401267
"dji","Djibouti",2010,2245469564
"dji","Djibouti",2011,2342702567
"dji","Djibouti",2012,2454541964
"dji","Djibouti",2013,2576935881
"dji","Djibouti",2014,2732062085
"dji","Djibouti",2015,2910506989
"dji","Djibouti",2016,2846814488
"dji","Djibouti",2017,3209940000
"dji","Djibouti",2018,3345969694
"dji","Djibouti",2019,3502776295
"dji","Djibouti",2020,3665401350
"dma","Dominica",2000,573226115
"dma","Dominica",2001,572948353
"dma","Dominica",2002,556684342
"dma","Dominica",2003,592044138
"dma","Dominica",2004,610131532
"dma","Dominica",2005,614013495
"dma","Dominica",2006,642700851
"dma","Dominica",2007,683555827
"dma","Dominica",2008,732230064
"dma","Dominica",2009,723613675
"dma","Dominica",2010,728500859
"dma","Dominica",2011,726840593
"dma","Dominica",2012,719074017
"dma","Dominica",2013,714845257
"dma","Dominica",2014,746250533
"dma","Dominica",2015,727074292
"dma","Dominica",2016,745495259
"dma","Dominica",2017,674465385
"dma","Dominica",2018,678049025
"dma","Dominica",2019,743480906
"dma","Dominica",2020,782158687
"dom","Dominican Republic",2000,70216707570
"dom","Dominican Republic",2001,71943716223
"dom","Dominican Republic",2002,75177669528
"dom","Dominican Republic",2003,74166007480
"dom","Dominican Republic",2004,76072173462
"dom","Dominican Republic",2005,83244483979
"dom","Dominican Republic",2006,90881529553
"dom","Dominican Republic",2007,97621260584
"dom","Dominican Republic",2008,100754515657
"dom","Dominican Republic",2009,101707756079
"dom","Dominican Republic",2010,110189794081
"dom","Dominican Republic",2011,113642657547
"dom","Dominican Republic",2012,116730698355
"dom","Dominican Republic",2013,122421522036
"dom","Dominican Republic",2014,131769694043
"dom","Dominican Republic",2015,141037421496
"dom","Dominican Republic",2016,150363110294
"dom","Dominican Republic",2017,157207137639
"dom","Dominican Republic",2018,168134236964
"dom","Dominican Republic",2019,176614690788
"dom","Dominican Republic",2020,185880641504
"ecu","Ecuador",2000,93295213869
"ecu","Ecuador",2001,97041537035
"ecu","Ecuador",2002,101017192265
"ecu","Ecuador",2003,103767756406
"ecu","Ecuador",2004,112288177675
"ecu","Ecuador",2005,118229592613
"ecu","Ecuador",2006,123435891611
"ecu","Ecuador",2007,126139237519
"ecu","Ecuador",2008,134158110967
"ecu","Ecuador",2009,134917986522
"ecu","Ecuador",2010,139674334036
"ecu","Ecuador",2011,150664157343
"ecu","Ecuador",2012,159164520209
"ecu","Ecuador",2013,167037632884
"ecu","Ecuador",2014,173366415050
"ecu","Ecuador",2015,173537913628
"ecu","Ecuador",2016,171409661696
"ecu","Ecuador",2017,175469242120
"ecu","Ecuador",2018,177885750295
"ecu","Ecuador",2019,177474213910
"ecu","Ecuador",2020,178577994954
"egy","Egypt",2000,516543870494
"egy","Egypt",2001,534805005475
"egy","Egypt",2002,547587936111
"egy","Egypt",2003,565074939889
"egy","Egypt",2004,588198170703
"egy","Egypt",2005,614500946840
"egy","Egypt",2006,656556396272
"egy","Egypt",2007,703091898603
"egy","Egypt",2008,753407186779
"egy","Egypt",2009,788618316265
"egy","Egypt",2010,829210535289
"egy","Egypt",2011,843842470010
"egy","Egypt",2012,862628079173
"egy","Egypt",2013,881480642664
"egy","Egypt",2014,907183858757
"egy","Egypt",2015,946845984023
"egy","Egypt",2016,988001971185
"egy","Egypt",2017,1029312495964
"egy","Egypt",2018,1084011518669
"egy","Egypt",2019,1140405356619
"egy","Egypt",2020,1203060096481
"slv","El Salvador",2000,33045324546
"slv","El Salvador",2001,33335243269
"slv","El Salvador",2002,33862273156
"slv","El Salvador",2003,34391251332
"slv","El Salvador",2004,34697638420
"slv","El Salvador",2005,35637048020
"slv","El Salvador",2006,37184697121
"slv","El Salvador",2007,37876572762
"slv","El Salvador",2008,38682311639
"slv","El Salvador",2009,37876338854
"slv","El Salvador",2010,38840641032
"slv","El Salvador",2011,40322492118
"slv","El Salvador",2012,41457363620
"slv","El Salvador",2013,42384247508
"slv","El Salvador",2014,43109487649
"slv","El Salvador",2015,44141979646
"slv","El Salvador",2016,45248800229
"slv","El Salvador",2017,46293172905
"slv","El Salvador",2018,47467878799
"slv","El Salvador",2019,48459364207
"slv","El Salvador",2020,49368338177
"gnq","Equatorial Guinea",2000,6869420735
"gnq","Equatorial Guinea",2001,11206686844
"gnq","Equatorial Guinea",2002,13303059199
"gnq","Equatorial Guinea",2003,15033401256
"gnq","Equatorial Guinea",2004,20479563560
"gnq","Equatorial Guinea",2005,23758358043
"gnq","Equatorial Guinea",2006,25589127839
"gnq","Equatorial Guinea",2007,29499726812
"gnq","Equatorial Guinea",2008,34750417304
"gnq","Equatorial Guinea",2009,35216889522
"gnq","Equatorial Guinea",2010,32074462099
"gnq","Equatorial Guinea",2011,34167216280
"gnq","Equatorial Guinea",2012,37007193181
"gnq","Equatorial Guinea",2013,35477579468
"gnq","Equatorial Guinea",2014,35624772810
"gnq","Equatorial Guinea",2015,32379621863
"gnq","Equatorial Guinea",2016,29524771035
"gnq","Equatorial Guinea",2017,28141443378
"gnq","Equatorial Guinea",2018,27311028322
"gnq","Equatorial Guinea",2019,26062234774
"gnq","Equatorial Guinea",2020,24778376433
"eri","Eritrea",2000,5697004652
"eri","Eritrea",2001,6195807701
"eri","Eritrea",2002,6382023576
"eri","Eritrea",2003,6212543036
"eri","Eritrea",2004,6302749058
"eri","Eritrea",2005,6464982167
"eri","Eritrea",2006,6402344831
"eri","Eritrea",2007,6493694667
"eri","Eritrea",2008,5858412485
"eri","Eritrea",2009,6085507975
"eri","Eritrea",2010,6219039539
"eri","Eritrea",2011,6758829157
"eri","Eritrea",2012,3835122720
"eri","Eritrea",2013,3799922574
"eri","Eritrea",2014,3970421356
"eri","Eritrea",2015,4158465592
"eri","Eritrea",2016,4200438152
"eri","Eritrea",2017,4259291712
"eri","Eritrea",2018,4743128950
"eri","Eritrea",2019,4863083577
"eri","Eritrea",2020,5032293322
"est","Estonia",2000,21970278464
"est","Estonia",2001,23386112283
"est","Estonia",2002,24803303977
"est","Estonia",2003,26619842903
"est","Estonia",2004,28271630519
"est","Estonia",2005,30918557291
"est","Estonia",2006,34137309916
"est","Estonia",2007,36811461209
"est","Estonia",2008,34800163483
"est","Estonia",2009,29646175983
"est","Estonia",2010,30293317029
"est","Estonia",2011,32585855225
"est","Estonia",2012,33994703314
"est","Estonia",2013,34668943994
"est","Estonia",2014,35688267950
"est","Estonia",2015,36316579548
"est","Estonia",2016,37606381743
"est","Estonia",2017,39471312225
"est","Estonia",2018,40997754581
"est","Estonia",2019,42367246433
"est","Estonia",2020,43602801351
"eth","Ethiopia",2000,41136190248
"eth","Ethiopia",2001,44551027391
"eth","Ethiopia",2002,45225853274
"eth","Ethiopia",2003,44248358689
"eth","Ethiopia",2004,50254016928
"eth","Ethiopia",2005,56193418561
"eth","Ethiopia",2006,62281822114
"eth","Ethiopia",2007,69416928248
"eth","Ethiopia",2008,76905994299
"eth","Ethiopia",2009,83675694167
"eth","Ethiopia",2010,94177431052
"eth","Ethiopia",2011,104704866825
"eth","Ethiopia",2012,113759558712
"eth","Ethiopia",2013,125797898048
"eth","Ethiopia",2014,138701612506
"eth","Ethiopia",2015,153116101532
"eth","Ethiopia",2016,167560226032
"eth","Ethiopia",2017,183484814777
"eth","Ethiopia",2018,195980354629
"eth","Ethiopia",2019,212662146528
"eth","Ethiopia",2020,230154051549
"fji","Fiji",2000,5414011880
"fji","Fiji",2001,5522244474
"fji","Fiji",2002,5698970329
"fji","Fiji",2003,5755974051
"fji","Fiji",2004,6061055482
"fji","Fiji",2005,6103467900
"fji","Fiji",2006,6216510969
"fji","Fiji",2007,6163600589
"fji","Fiji",2008,6227258303
"fji","Fiji",2009,6140975297
"fji","Fiji",2010,6322413679
"fji","Fiji",2011,6493474153
"fji","Fiji",2012,6585071739
"fji","Fiji",2013,6896807634
"fji","Fiji",2014,7283271300
"fji","Fiji",2015,7623045745
"fji","Fiji",2016,7824715124
"fji","Fiji",2017,8229958642
"fji","Fiji",2018,8641515194
"fji","Fiji",2019,8890467393
"fji","Fiji",2020,9173071383
"fin","Finland",2000,180993043912
"fin","Finland",2001,185688957739
"fin","Finland",2002,188819014253
"fin","Finland",2003,192631630748
"fin","Finland",2004,200189495168
"fin","Finland",2005,205707186291
"fin","Finland",2006,213981535571
"fin","Finland",2007,224980549737
"fin","Finland",2008,226473759943
"fin","Finland",2009,207642123478
"fin","Finland",2010,213816482519
"fin","Finland",2011,219285678275
"fin","Finland",2012,216119357564
"fin","Finland",2013,214449958445
"fin","Finland",2014,213090767877
"fin","Finland",2015,214224049157
"fin","Finland",2016,220194598490
"fin","Finland",2017,226065733373
"fin","Finland",2018,231388667533
"fin","Finland",2019,234468810950
"fin","Finland",2020,237812141372
"fra","France",2000,2048127091686
"fra","France",2001,2086576452564
"fra","France",2002,2109771834754
"fra","France",2003,2127943077895
"fra","France",2004,2188198555883
"fra","France",2005,2223242884803
"fra","France",2006,2276260434784
"fra","France",2007,2330646513366
"fra","France",2008,2336334942508
"fra","France",2009,2269668904722
"fra","France",2010,2314905122458
"fra","France",2011,2367080629364
"fra","France",2012,2375810470579
"fra","France",2013,2389549071415
"fra","France",2014,2412124754720
"fra","France",2015,2438638613664
"fra","France",2016,2463697892160
"fra","France",2017,2525994170384
"fra","France",2018,2570735100080
"fra","France",2019,2604453358786
"fra","France",2020,2636224319983
"gab","Gabon",2000,21892418743
"gab","Gabon",2001,22359980058
"gab","Gabon",2002,22304121079
"gab","Gabon",2003,22805335852
"gab","Gabon",2004,22962591507
"gab","Gabon",2005,23577256011
"gab","Gabon",2006,22915397182
"gab","Gabon",2007,24292149921
"gab","Gabon",2008,23488589559
"gab","Gabon",2009,23519188505
"gab","Gabon",2010,25186813674
"gab","Gabon",2011,26972804663
"gab","Gabon",2012,28389187367
"gab","Gabon",2013,29990037389
"gab","Gabon",2014,31284130662
"gab","Gabon",2015,32497660107
"gab","Gabon",2016,33177410462
"gab","Gabon",2017,33336256140
"gab","Gabon",2018,33743506119
"gab","Gabon",2019,35136243891
"gab","Gabon",2020,36743844615
"gmb","Gambia",2000,1908855114
"gmb","Gambia",2001,2019555117
"gmb","Gambia",2002,1953928099
"gmb","Gambia",2003,2088159976
"gmb","Gambia",2004,2235370773
"gmb","Gambia",2005,2214331000
"gmb","Gambia",2006,2239215082
"gmb","Gambia",2007,2320520182
"gmb","Gambia",2008,2453601056
"gmb","Gambia",2009,2611843223
"gmb","Gambia",2010,2782307730
"gmb","Gambia",2011,2662792566
"gmb","Gambia",2012,2811923487
"gmb","Gambia",2013,2946565884
"gmb","Gambia",2014,2918858473
"gmb","Gambia",2015,3090151947
"gmb","Gambia",2016,3102678279
"gmb","Gambia",2017,3244106377
"gmb","Gambia",2018,3458192700
"gmb","Gambia",2019,3682256528
"gmb","Gambia",2020,3915513625
"geo","Georgia",2000,15386339138
"geo","Georgia",2001,16133016269
"geo","Georgia",2002,17016008948
"geo","Georgia",2003,18938065160
"geo","Georgia",2004,20097494989
"geo","Georgia",2005,22083023344
"geo","Georgia",2006,24182992634
"geo","Georgia",2007,27218013981
"geo","Georgia",2008,27798644481
"geo","Georgia",2009,26871739465
"geo","Georgia",2010,28617739927
"geo","Georgia",2011,30795069510
"geo","Georgia",2012,32856174589
"geo","Georgia",2013,33942256715
"geo","Georgia",2014,35377546382
"geo","Georgia",2015,36239103799
"geo","Georgia",2016,37167658566
"geo","Georgia",2017,38893305123
"geo","Georgia",2018,40636696491
"geo","Georgia",2019,42649121565
"geo","Georgia",2020,45058374601
"deu","Germany",2000,2992667885359
"deu","Germany",2001,3040270873713
"deu","Germany",2002,3038190432762
"deu","Germany",2003,3017882835664
"deu","Germany",2004,3055055316403
"deu","Germany",2005,3076744198971
"deu","Germany",2006,3189081238841
"deu","Germany",2007,3289600726414
"deu","Germany",2008,3322839989178
"deu","Germany",2009,3137660693240
"deu","Germany",2010,3267732275182
"deu","Germany",2011,3451930538518
"deu","Germany",2012,3467417968007
"deu","Germany",2013,3483555691069
"deu","Germany",2014,3556674177861
"deu","Germany",2015,3602177495529
"deu","Germany",2016,3671488549723
"deu","Germany",2017,3757818931738
"deu","Germany",2018,3820344979453
"deu","Germany",2019,3856197816072
"deu","Germany",2020,3916394775112
"gha","Ghana",2000,42783845839
"gha","Ghana",2001,44495215815
"gha","Ghana",2002,46497486502
"gha","Ghana",2003,48915389131
"gha","Ghana",2004,51654640654
"gha","Ghana",2005,54702268663
"gha","Ghana",2006,58203155187
"gha","Ghana",2007,60733135664
"gha","Ghana",2008,66290115181
"gha","Ghana",2009,69501519172
"gha","Ghana",2010,74991914505
"gha","Ghana",2011,85526148813
"gha","Ghana",2012,93473920640
"gha","Ghana",2013,100309201399
"gha","Ghana",2014,103215633361
"gha","Ghana",2015,105463844740
"gha","Ghana",2016,109100031435
"gha","Ghana",2017,117984501621
"gha","Ghana",2018,125374468330
"gha","Ghana",2019,134867654449
"gha","Ghana",2020,142611714851
"grc","Greece",2000,275269197618
"grc","Greece",2001,286502785884
"grc","Greece",2002,297927648482
"grc","Greece",2003,315468228677
"grc","Greece",2004,331089925070
"grc","Greece",2005,331797021714
"grc","Greece",2006,348268351755
"grc","Greece",2007,356674339043
"grc","Greece",2008,351984051411
"grc","Greece",2009,333495121759
"grc","Greece",2010,312759209852
"grc","Greece",2011,283086284318
"grc","Greece",2012,262674084118
"grc","Greece",2013,255044845070
"grc","Greece",2014,257708605935
"grc","Greece",2015,257269388376
"grc","Greece",2016,256770607827
"grc","Greece",2017,260026130483
"grc","Greece",2018,264536612865
"grc","Greece",2019,269197953302
"grc","Greece",2020,274536176515
"grd","Grenada",2000,980823491
"grd","Grenada",2001,960870077
"grd","Grenada",2002,993984861
"grd","Grenada",2003,1088013403
"grd","Grenada",2004,1080979485
"grd","Grenada",2005,1224435219
"grd","Grenada",2006,1175637150
"grd","Grenada",2007,1247484247
"grd","Grenada",2008,1259400442
"grd","Grenada",2009,1176079360
"grd","Grenada",2010,1170022540
"grd","Grenada",2011,1178929131
"grd","Grenada",2012,1165485011
"grd","Grenada",2013,1192845889
"grd","Grenada",2014,1280402214
"grd","Grenada",2015,1362975142
"grd","Grenada",2016,1413864679
"grd","Grenada",2017,1485368206
"grd","Grenada",2018,1556996839
"grd","Grenada",2019,1606625552
"grd","Grenada",2020,1650460752
"gtm","Guatemala",2000,70728326216
"gtm","Guatemala",2001,72378081845
"gtm","Guatemala",2002,75176738856
"gtm","Guatemala",2003,77079272492
"gtm","Guatemala",2004,79508874091
"gtm","Guatemala",2005,82100945260
"gtm","Guatemala",2006,86517799298
"gtm","Guatemala",2007,91971916683
"gtm","Guatemala",2008,94989541378
"gtm","Guatemala",2009,95489201695
"gtm","Guatemala",2010,98229355124
"gtm","Guatemala",2011,102317612688
"gtm","Guatemala",2012,105356349810
"gtm","Guatemala",2013,109252019648
"gtm","Guatemala",2014,113812347995
"gtm","Guatemala",2015,118524237734
"gtm","Guatemala",2016,122189749184
"gtm","Guatemala",2017,125562775187
"gtm","Guatemala",2018,129511756232
"gtm","Guatemala",2019,133728523142
"gtm","Guatemala",2020,138286208341
"gin","Guinea",2000,12513720950
"gin","Guinea",2001,12971509889
"gin","Guinea",2002,13641440863
"gin","Guinea",2003,13811769551
"gin","Guinea",2004,14134952531
"gin","Guinea",2005,14558644813
"gin","Guinea",2006,14730444470
"gin","Guinea",2007,15736163602
"gin","Guinea",2008,16387120183
"gin","Guinea",2009,16203966375
"gin","Guinea",2010,16985098443
"gin","Guinea",2011,17938313302
"gin","Guinea",2012,18999734697
"gin","Guinea",2013,19747347603
"gin","Guinea",2014,20479437423
"gin","Guinea",2015,21260745923
"gin","Guinea",2016,23563000491
"gin","Guinea",2017,26711007227
"gin","Guinea",2018,29024012903
"gin","Guinea",2019,30846582001
"gin","Guinea",2020,32791522270
"gnb","Guinea-Bissau",2000,1694950706
"gnb","Guinea-Bissau",2001,1732044419
"gnb","Guinea-Bissau",2002,1714983471
"gnb","Guinea-Bissau",2003,1724721200
"gnb","Guinea-Bissau",2004,1772358734
"gnb","Guinea-Bissau",2005,1847970685
"gnb","Guinea-Bissau",2006,1890646911
"gnb","Guinea-Bissau",2007,1952339226
"gnb","Guinea-Bissau",2008,2014880872
"gnb","Guinea-Bissau",2009,2082760301
"gnb","Guinea-Bissau",2010,2178802964
"gnb","Guinea-Bissau",2011,2354958745
"gnb","Guinea-Bissau",2012,2314618285
"gnb","Guinea-Bissau",2013,2389979962
"gnb","Guinea-Bissau",2014,2413021288
"gnb","Guinea-Bissau",2015,2561054466
"gnb","Guinea-Bissau",2016,2721435916
"gnb","Guinea-Bissau",2017,2882527366
"gnb","Guinea-Bissau",2018,2992055425
"gnb","Guinea-Bissau",2019,3138478401
"gnb","Guinea-Bissau",2020,3300347007
"guy","Guyana",2000,3447430126
"guy","Guyana",2001,3526000877
"guy","Guyana",2002,3565937314
"guy","Guyana",2003,3543387796
"guy","Guyana",2004,3598788253
"guy","Guyana",2005,3528544318
"guy","Guyana",2006,3709539896
"guy","Guyana",2007,3969994769
"guy","Guyana",2008,4048440441
"guy","Guyana",2009,4192258680
"guy","Guyana",2010,4365717969
"guy","Guyana",2011,4592616565
"guy","Guyana",2012,4834860240
"guy","Guyana",2013,5076677750
"guy","Guyana",2014,5271939299
"guy","Guyana",2015,5438730726
"guy","Guyana",2016,5619057021
"guy","Guyana",2017,5735943486
"guy","Guyana",2018,5933457989
"guy","Guyana",2019,6207930345
"guy","Guyana",2020,6448470476
"hti","Haiti",2000,14870407431
"hti","Haiti",2001,14715096262
"hti","Haiti",2002,14678105027
"hti","Haiti",2003,14731513999
"hti","Haiti",2004,14212540690
"hti","Haiti",2005,14469072235
"hti","Haiti",2006,14794510517
"hti","Haiti",2007,15289146749
"hti","Haiti",2008,15418149700
"hti","Haiti",2009,15893545947
"hti","Haiti",2010,15019745741
"hti","Haiti",2011,15849403538
"hti","Haiti",2012,16306661221
"hti","Haiti",2013,16997105564
"hti","Haiti",2014,17474749450
"hti","Haiti",2015,17686405262
"hti","Haiti",2016,17943350136
"hti","Haiti",2017,18153867390
"hti","Haiti",2018,18423259465
"hti","Haiti",2019,18456139044
"hti","Haiti",2020,18692676963
"hnd","Honduras",2000,21716148351
"hnd","Honduras",2001,22307517649
"hnd","Honduras",2002,23145023911
"hnd","Honduras",2003,24197443591
"hnd","Honduras",2004,25705487115
"hnd","Honduras",2005,27260812154
"hnd","Honduras",2006,29051096351
"hnd","Honduras",2007,30848893263
"hnd","Honduras",2008,32154286828
"hnd","Honduras",2009,31372433470
"hnd","Honduras",2010,32542951292
"hnd","Honduras",2011,33791206439
"hnd","Honduras",2012,35186348060
"hnd","Honduras",2013,36168604139
"hnd","Honduras",2014,37274614861
"hnd","Honduras",2015,38705982132
"hnd","Honduras",2016,40212843870
"hnd","Honduras",2017,42138263623
"hnd","Honduras",2018,43716578648
"hnd","Honduras",2019,45155721627
"hnd","Honduras",2020,46705226019
"hkg","Hong Kong, China",2000,224726032039
"hkg","Hong Kong, China",2001,226311713379
"hkg","Hong Kong, China",2002,230315653994
"hkg","Hong Kong, China",2003,238636973975
"hkg","Hong Kong, China",2004,258144105670
"hkg","Hong Kong, China",2005,277031544805
"hkg","Hong Kong, China",2006,296030299415
"hkg","Hong Kong, China",2007,314212963189
"hkg","Hong Kong, China",2008,320936486014
"hkg","Hong Kong, China",2009,314312658099
"hkg","Hong Kong, China",2010,335133917338
"hkg","Hong Kong, China",2011,350932182462
"hkg","Hong Kong, China",2012,355008333318
"hkg","Hong Kong, China",2013,366719891748
"hkg","Hong Kong, China",2014,376634930072
"hkg","Hong Kong, China",2015,385110265906
"hkg","Hong Kong, China",2016,394193972876
"hkg","Hong Kong, China",2017,409794355848
"hkg","Hong Kong, China",2018,422565566976
"hkg","Hong Kong, China",2019,423543785234
"hkg","Hong Kong, China",2020,429018072391
"hun","Hungary",2000,183565166194
"hun","Hungary",2001,190546941344
"hun","Hungary",2002,199230552057
"hun","Hungary",2003,206962173378
"hun","Hungary",2004,217225363450
"hun","Hungary",2005,226568008843
"hun","Hungary",2006,234952595427
"hun","Hungary",2007,235570589216
"hun","Hungary",2008,237225756451
"hun","Hungary",2009,221189795903
"hun","Hungary",2010,222424715017
"hun","Hungary",2011,226029513890
"hun","Hungary",2012,222785793976
"hun","Hungary",2013,227373507356
"hun","Hungary",2014,236919395108
"hun","Hungary",2015,245203280327
"hun","Hungary",2016,250895122314
"hun","Hungary",2017,261348597234
"hun","Hungary",2018,274168439506
"hun","Hungary",2019,286691174923
"hun","Hungary",2020,296012213368
"isl","Iceland",2000,9801472258
"isl","Iceland",2001,10137683409
"isl","Iceland",2002,10202535371
"isl","Iceland",2003,10457302845
"isl","Iceland",2004,11321940355
"isl","Iceland",2005,12007256123
"isl","Iceland",2006,12543116877
"isl","Iceland",2007,13618482363
"isl","Iceland",2008,13887340541
"isl","Iceland",2009,13117972598
"isl","Iceland",2010,12857482654
"isl","Iceland",2011,13187018730
"isl","Iceland",2012,13376268171
"isl","Iceland",2013,13863851068
"isl","Iceland",2014,14055486277
"isl","Iceland",2015,14604013675
"isl","Iceland",2016,15553837252
"isl","Iceland",2017,15997295967
"isl","Iceland",2018,16366081066
"isl","Iceland",2019,16226642119
"isl","Iceland",2020,16273865727
"ind","India",2000,2863598632111
"ind","India",2001,3001737692035
"ind","India",2002,3115923021262
"ind","India",2003,3360846469406
"ind","India",2004,3627124459146
"ind","India",2005,3914517033456
"ind","India",2006,4230055650311
"ind","India",2007,4554112771599
"ind","India",2008,4694684534253
"ind","India",2009,5063775131020
"ind","India",2010,5494073781802
"ind","India",2011,5782031831838
"ind","India",2012,6097513480288
"ind","India",2013,6486899923011
"ind","India",2014,6967597414765
"ind","India",2015,7524763963490
"ind","India",2016,8139548697402
"ind","India",2017,8723048974330
"ind","India",2018,9332168429461
"ind","India",2019,9874595244523
"ind","India",2020,10535563944953
"idn","Indonesia",2000,1228163258645
"idn","Indonesia",2001,1272910992781
"idn","Indonesia",2002,1330185278883
"idn","Indonesia",2003,1393773089758
"idn","Indonesia",2004,1463891964843
"idn","Indonesia",2005,1547225114372
"idn","Indonesia",2006,1632337236349
"idn","Indonesia",2007,1735909351988
"idn","Indonesia",2008,1840301787992
"idn","Indonesia",2009,1925486971746
"idn","Indonesia",2010,2045326643310
"idn","Indonesia",2011,2171516853480
"idn","Indonesia",2012,2302455989650
"idn","Indonesia",2013,2430405876794
"idn","Indonesia",2014,2552089984561
"idn","Indonesia",2015,2676547863568
"idn","Indonesia",2016,2811283574676
"idn","Indonesia",2017,2953775076196
"idn","Indonesia",2018,3106545669123
"idn","Indonesia",2019,3263997005565
"idn","Indonesia",2020,3429450894108
"irn","Iran",2000,868673012132
"irn","Iran",2001,875436930216
"irn","Iran",2002,939042331908
"irn","Iran",2003,1021063836288
"irn","Iran",2004,1065730196816
"irn","Iran",2005,1099724902564
"irn","Iran",2006,1154708863775
"irn","Iran",2007,1248884391872
"irn","Iran",2008,1252017352104
"irn","Iran",2009,1264629853334
"irn","Iran",2010,1337952385363
"irn","Iran",2011,1373350886560
"irn","Iran",2012,1271111265212
"irn","Iran",2013,1268644388116
"irn","Iran",2014,1327045330467
"irn","Iran",2015,1309519383818
"irn","Iran",2016,1484945467591
"irn","Iran",2017,1540707233134
"irn","Iran",2018,1469611963912
"irn","Iran",2019,1333994744620
"irn","Iran",2020,1337844467384
"irq","Iraq",2000,286951715115
"irq","Iraq",2001,293566786612
"irq","Iraq",2002,273310203358
"irq","Iraq",2003,182842243913
"irq","Iraq",2004,281865489722
"irq","Iraq",2005,294269256882
"irq","Iraq",2006,324161774140
"irq","Iraq",2007,328627350092
"irq","Iraq",2008,355667149178
"irq","Iraq",2009,367686233149
"irq","Iraq",2010,391227663321
"irq","Iraq",2011,420751600584
"irq","Iraq",2012,479389290625
"irq","Iraq",2013,515823031664
"irq","Iraq",2014,519433590372
"irq","Iraq",2015,532303563300
"irq","Iraq",2016,604548831819
"irq","Iraq",2017,594445211479
"irq","Iraq",2018,598204747128
"irq","Iraq",2019,616638101932
"irq","Iraq",2020,643724152122
"irl","Ireland",2000,148998196603
"irl","Ireland",2001,156860067661
"irl","Ireland",2002,166177727505
"irl","Ireland",2003,171427757494
"irl","Ireland",2004,182899983661
"irl","Ireland",2005,192973227854
"irl","Ireland",2006,201575475037
"irl","Ireland",2007,210812004615
"irl","Ireland",2008,201623107217
"irl","Ireland",2009,192940422511
"irl","Ireland",2010,198180579147
"irl","Ireland",2011,206313491842
"irl","Ireland",2012,206582191081
"irl","Ireland",2013,208571202295
"irl","Ireland",2014,225831474527
"irl","Ireland",2015,281443717608
"irl","Ireland",2016,294887784503
"irl","Ireland",2017,316589564539
"irl","Ireland",2018,339048364162
"irl","Ireland",2019,353554983027
"irl","Ireland",2020,365687876878
"isr","Israel",2000,159285952355
"isr","Israel",2001,158671495511
"isr","Israel",2002,158314946626
"isr","Israel",2003,159711892659
"isr","Israel",2004,166651007723
"isr","Israel",2005,173740998775
"isr","Israel",2006,184433592069
"isr","Israel",2007,196410353401
"isr","Israel",2008,203535655862
"isr","Israel",2009,205887509363
"isr","Israel",2010,217934637569
"isr","Israel",2011,228872699765
"isr","Israel",2012,233358895813
"isr","Israel",2013,242293084651
"isr","Israel",2014,250762818098
"isr","Israel",2015,256144979526
"isr","Israel",2016,265511816037
"isr","Israel",2017,273864370447
"isr","Israel",2018,282129800554
"isr","Israel",2019,290104245889
"isr","Israel",2020,297986608866
"ita","Italy",2000,2071295140915
"ita","Italy",2001,2113618327283
"ita","Italy",2002,2127152748266
"ita","Italy",2003,2135093932541
"ita","Italy",2004,2169246991590
"ita","Italy",2005,2191627600843
"ita","Italy",2006,2238892582954
"ita","Italy",2007,2268373132213
"ita","Italy",2008,2236339457327
"ita","Italy",2009,2110686586070
"ita","Italy",2010,2147642308644
"ita","Italy",2011,2165904335260
"ita","Italy",2012,2109411468663
"ita","Italy",2013,2058898792954
"ita","Italy",2014,2050655597163
"ita","Italy",2015,2077389943598
"ita","Italy",2016,2107143415844
"ita","Italy",2017,2146220812890
"ita","Italy",2018,2166758921414
"ita","Italy",2019,2168690195694
"ita","Italy",2020,2181721073500
"jam","Jamaica",2000,21078821048
"jam","Jamaica",2001,21362372432
"jam","Jamaica",2002,21788992394
"jam","Jamaica",2003,22587871168
"jam","Jamaica",2004,22886880839
"jam","Jamaica",2005,23091401077
"jam","Jamaica",2006,23760936140
"jam","Jamaica",2007,24101137987
"jam","Jamaica",2008,23905422780
"jam","Jamaica",2009,22868802122
"jam","Jamaica",2010,22535425605
"jam","Jamaica",2011,22924325579
"jam","Jamaica",2012,22783303399
"jam","Jamaica",2013,22898129894
"jam","Jamaica",2014,23055695899
"jam","Jamaica",2015,23264330489
"jam","Jamaica",2016,23585539405
"jam","Jamaica",2017,23816263620
"jam","Jamaica",2018,24258382507
"jam","Jamaica",2019,24494727720
"jam","Jamaica",2020,24719526400
"jpn","Japan",2000,4319480537726
"jpn","Japan",2001,4333029107903
"jpn","Japan",2002,4334140727405
"jpn","Japan",2003,4396645066736
"jpn","Japan",2004,4497179919469
"jpn","Japan",2005,4575871686347
"jpn","Japan",2006,4641401403876
"jpn","Japan",2007,4715377106968
"jpn","Japan",2008,4663172418569
"jpn","Japan",2009,4411714899147
"jpn","Japan",2010,4595357699681
"jpn","Japan",2011,4597011536578
"jpn","Japan",2012,4670456682533
"jpn","Japan",2013,4766692834346
"jpn","Japan",2014,4785472819774
"jpn","Japan",2015,4842196584039
"jpn","Japan",2016,4868854411466
"jpn","Japan",2017,4960795576813
"jpn","Japan",2018,4998219299731
"jpn","Japan",2019,5041355880701
"jpn","Japan",2020,5066911085010
"jor","Jordan",2000,36986635736
"jor","Jordan",2001,38935244852
"jor","Jordan",2002,41187571689
"jor","Jordan",2003,42901390091
"jor","Jordan",2004,46576803513
"jor","Jordan",2005,50371283630
"jor","Jordan",2006,54448024263
"jor","Jordan",2007,58899567086
"jor","Jordan",2008,63159275236
"jor","Jordan",2009,66618275609
"jor","Jordan",2010,68158123965
"jor","Jordan",2011,69918717426
"jor","Jordan",2012,71766875036
"jor","Jordan",2013,73792914939
"jor","Jordan",2014,76080073223
"jor","Jordan",2015,77910377441
"jor","Jordan",2016,79494966092
"jor","Jordan",2017,81208242338
"jor","Jordan",2018,82804887562
"jor","Jordan",2019,84370616496
"jor","Jordan",2020,86076074088
"kaz","Kazakhstan",2000,148504441530
"kaz","Kazakhstan",2001,168697821062
"kaz","Kazakhstan",2002,186042167508
"kaz","Kazakhstan",2003,204337300070
"kaz","Kazakhstan",2004,224611635961
"kaz","Kazakhstan",2005,246665229096
"kaz","Kazakhstan",2006,272789770428
"kaz","Kazakhstan",2007,296538204440
"kaz","Kazakhstan",2008,305698286930
"kaz","Kazakhstan",2009,304751426051
"kaz","Kazakhstan",2010,326614775608
"kaz","Kazakhstan",2011,350870876326
"kaz","Kazakhstan",2012,368304327005
"kaz","Kazakhstan",2013,391131321490
"kaz","Kazakhstan",2014,408122714249
"kaz","Kazakhstan",2015,413365025374
"kaz","Kazakhstan",2016,418081439217
"kaz","Kazakhstan",2017,435340650295
"kaz","Kazakhstan",2018,453197307551
"kaz","Kazakhstan",2019,470285119995
"kaz","Kazakhstan",2020,488232410993
"ken","Kenya",2000,67055109891
"ken","Kenya",2001,69589740939
"ken","Kenya",2002,69970302930
"ken","Kenya",2003,72022154169
"ken","Kenya",2004,75698367961
"ken","Kenya",2005,80169631162
"ken","Kenya",2006,85358614910
"ken","Kenya",2007,91206293131
"ken","Kenya",2008,91418151782
"ken","Kenya",2009,94441301775
"ken","Kenya",2010,102379758014
"ken","Kenya",2011,108633395659
"ken","Kenya",2012,113590681625
"ken","Kenya",2013,120268411215
"ken","Kenya",2014,126711293590
"ken","Kenya",2015,133957061133
"ken","Kenya",2016,141831871773
"ken","Kenya",2017,148728002323
"ken","Kenya",2018,158126962684
"ken","Kenya",2019,166209735855
"ken","Kenya",2020,175446271783
"kir","Kiribati",2000,167917911
"kir","Kiribati",2001,165421254
"kir","Kiribati",2002,171702422
"kir","Kiribati",2003,175151169
"kir","Kiribati",2004,172285725
"kir","Kiribati",2005,180806927
"kir","Kiribati",2006,180725711
"kir","Kiribati",2007,184414935
"kir","Kiribati",2008,180548703
"kir","Kiribati",2009,181996297
"kir","Kiribati",2010,180323690
"kir","Kiribati",2011,183205967
"kir","Kiribati",2012,191808389
"kir","Kiribati",2013,199907794
"kir","Kiribati",2014,198511042
"kir","Kiribati",2015,219169013
"kir","Kiribati",2016,230428307
"kir","Kiribati",2017,231164727
"kir","Kiribati",2018,235790567
"kir","Kiribati",2019,240793300
"kir","Kiribati",2020,246069552
"prk","North Korea",2000,37236822672
"prk","North Korea",2001,38655212922
"prk","North Korea",2002,39163602134
"prk","North Korea",2003,39927968064
"prk","North Korea",2004,40820312800
"prk","North Korea",2005,42405992258
"prk","North Korea",2006,41975741170
"prk","North Korea",2007,41458797620
"prk","North Korea",2008,42712921251
"prk","North Korea",2009,42285456540
"prk","North Korea",2010,42052162920
"prk","North Korea",2011,42388887456
"prk","North Korea",2012,42929904378
"prk","North Korea",2013,43377330000
"prk","North Korea",2014,43826079957
"prk","North Korea",2015,43316191040
"prk","North Korea",2016,43497845295
"prk","North Korea",2017,43676303990
"prk","North Korea",2018,43850430811
"prk","North Korea",2019,44018707846
"prk","North Korea",2020,44180021142
"kor","South Korea",2000,983440394104
"kor","South Korea",2001,1027127609836
"kor","South Korea",2002,1103854657171
"kor","South Korea",2003,1136513643014
"kor","South Korea",2004,1193206880819
"kor","South Korea",2005,1242696615394
"kor","South Korea",2006,1304962941086
"kor","South Korea",2007,1373646757542
"kor","South Korea",2008,1406046410970
"kor","South Korea",2009,1413451011237
"kor","South Korea",2010,1503814397902
"kor","South Korea",2011,1554747411435
"kor","South Korea",2012,1590771770557
"kor","South Korea",2013,1638688517702
"kor","South Korea",2014,1691604090064
"kor","South Korea",2015,1737013906601
"kor","South Korea",2016,1785461258926
"kor","South Korea",2017,1836321831805
"kor","South Korea",2018,1881917011819
"kor","South Korea",2019,1912915294634
"kor","South Korea",2020,1949092076286
"kwt","Kuwait",2000,143388170990
"kwt","Kuwait",2001,144432890596
"kwt","Kuwait",2002,148766096215
"kwt","Kuwait",2003,174532874679
"kwt","Kuwait",2004,193316968878
"kwt","Kuwait",2005,212794724233
"kwt","Kuwait",2006,228796559123
"kwt","Kuwait",2007,242507075633
"kwt","Kuwait",2008,248520271222
"kwt","Kuwait",2009,230934307415
"kwt","Kuwait",2010,225468269004
"kwt","Kuwait",2011,247176869040
"kwt","Kuwait",2012,263556188078
"kwt","Kuwait",2013,266584933057
"kwt","Kuwait",2014,267919673955
"kwt","Kuwait",2015,269508498441
"kwt","Kuwait",2016,277394089380
"kwt","Kuwait",2017,267737552053
"kwt","Kuwait",2018,271057639730
"kwt","Kuwait",2019,269721570066
"kwt","Kuwait",2020,274546254768
"kgz","Kyrgyz Republic",2000,10208043062
"kgz","Kyrgyz Republic",2001,10740915103
"kgz","Kyrgyz Republic",2002,10702334047
"kgz","Kyrgyz Republic",2003,11385367164
"kgz","Kyrgyz Republic",2004,12099962348
"kgz","Kyrgyz Republic",2005,12029398535
"kgz","Kyrgyz Republic",2006,12388593471
"kgz","Kyrgyz Republic",2007,13475282091
"kgz","Kyrgyz Republic",2008,14666276381
"kgz","Kyrgyz Republic",2009,15134734206
"kgz","Kyrgyz Republic",2010,15129136811
"kgz","Kyrgyz Republic",2011,16115675308
"kgz","Kyrgyz Republic",2012,16114977229
"kgz","Kyrgyz Republic",2013,17862286700
"kgz","Kyrgyz Republic",2014,18567475155
"kgz","Kyrgyz Republic",2015,19269027994
"kgz","Kyrgyz Republic",2016,20072994344
"kgz","Kyrgyz Republic",2017,21005568898
"kgz","Kyrgyz Republic",2018,21729935975
"kgz","Kyrgyz Republic",2019,22472487831
"kgz","Kyrgyz Republic",2020,23161737053
"lao","Lao",2000,13243456918
"lao","Lao",2001,14005145353
"lao","Lao",2002,14834071224
"lao","Lao",2003,15734051803
"lao","Lao",2004,16734348304
"lao","Lao",2005,17923778925
"lao","Lao",2006,19468683860
"lao","Lao",2007,20947689906
"lao","Lao",2008,22586856028
"lao","Lao",2009,24281223073
"lao","Lao",2010,26351681245
"lao","Lao",2011,28469974252
"lao","Lao",2012,30755002629
"lao","Lao",2013,33223496782
"lao","Lao",2014,35752505835
"lao","Lao",2015,38351503869
"lao","Lao",2016,41045001567
"lao","Lao",2017,43857133592
"lao","Lao",2018,46708195474
"lao","Lao",2019,49757085685
"lao","Lao",2020,53015692641
"lva","Latvia",2000,26643192695
"lva","Latvia",2001,28426542162
"lva","Latvia",2002,30459851048
"lva","Latvia",2003,32967064028
"lva","Latvia",2004,35685362576
"lva","Latvia",2005,39460004129
"lva","Latvia",2006,44025508175
"lva","Latvia",2007,48223949264
"lva","Latvia",2008,46430562391
"lva","Latvia",2009,39912925867
"lva","Latvia",2010,38673171300
"lva","Latvia",2011,41397598614
"lva","Latvia",2012,43093244709
"lva","Latvia",2013,44096650983
"lva","Latvia",2014,44814919764
"lva","Latvia",2015,45984028840
"lva","Latvia",2016,46809153931
"lva","Latvia",2017,48835553165
"lva","Latvia",2018,50983551102
"lva","Latvia",2019,51994769075
"lva","Latvia",2020,52977971032
"lbn","Lebanon",2000,40799033961
"lbn","Lebanon",2001,42365604802
"lbn","Lebanon",2002,43815864887
"lbn","Lebanon",2003,45229876824
"lbn","Lebanon",2004,48076500318
"lbn","Lebanon",2005,49397821780
"lbn","Lebanon",2006,50238388377
"lbn","Lebanon",2007,54931074615
"lbn","Lebanon",2008,60011575663
"lbn","Lebanon",2009,66045370511
"lbn","Lebanon",2010,71353644844
"lbn","Lebanon",2011,72003969638
"lbn","Lebanon",2012,73953609007
"lbn","Lebanon",2013,75883871868
"lbn","Lebanon",2014,77317882362
"lbn","Lebanon",2015,77655725016
"lbn","Lebanon",2016,78939622585
"lbn","Lebanon",2017,79425360702
"lbn","Lebanon",2018,79618354678
"lbn","Lebanon",2019,80097127882
"lbn","Lebanon",2020,81048258919
"lso","Lesotho",2000,3328412900
"lso","Lesotho",2001,3446951979
"lso","Lesotho",2002,3471910799
"lso","Lesotho",2003,3630229408
"lso","Lesotho",2004,3691677595
"lso","Lesotho",2005,3819612822
"lso","Lesotho",2006,3981172069
"lso","Lesotho",2007,4173601657
"lso","Lesotho",2008,4454876217
"lso","Lesotho",2009,4550854843
"lso","Lesotho",2010,4827160277
"lso","Lesotho",2011,5160329716
"lso","Lesotho",2012,5469828189
"lso","Lesotho",2013,5570709174
"lso","Lesotho",2014,5744616083
"lso","Lesotho",2015,5903489610
"lso","Lesotho",2016,6091307747
"lso","Lesotho",2017,5952269003
"lso","Lesotho",2018,6040177509
"lso","Lesotho",2019,6214816641
"lso","Lesotho",2020,6211978926
"lbr","Liberia",2000,3753886560
"lbr","Liberia",2001,3863523810
"lbr","Liberia",2002,4008904909
"lbr","Liberia",2003,2800414330
"lbr","Liberia",2004,2873786472
"lbr","Liberia",2005,3025552455
"lbr","Liberia",2006,3268927089
"lbr","Liberia",2007,3580628436
"lbr","Liberia",2008,3836492198
"lbr","Liberia",2009,4039839314
"lbr","Liberia",2010,4286268216
"lbr","Liberia",2011,4637777307
"lbr","Liberia",2012,5008512571
"lbr","Liberia",2013,5444454806
"lbr","Liberia",2014,5482628171
"lbr","Liberia",2015,5482623172
"lbr","Liberia",2016,5394925211
"lbr","Liberia",2017,5528101040
"lbr","Liberia",2018,5595688511
"lbr","Liberia",2019,5614712783
"lbr","Liberia",2020,5696515372
"lby","Libya",2000,117406417971
"lby","Libya",2001,115336663996
"lby","Libya",2002,114230903342
"lby","Libya",2003,129098966286
"lby","Libya",2004,134859145017
"lby","Libya",2005,150867696788
"lby","Libya",2006,160674949546
"lby","Libya",2007,170881445016
"lby","Libya",2008,175439258846
"lby","Libya",2009,174053354819
"lby","Libya",2010,182793106640
"lby","Libya",2011,69322548918
"lby","Libya",2012,154686076678
"lby","Libya",2013,133648558715
"lby","Libya",2014,101573081146
"lby","Libya",2015,92571605611
"lby","Libya",2016,89983739734
"lby","Libya",2017,113987738181
"lby","Libya",2018,122922355031
"lby","Libya",2019,99973350733
"lby","Libya",2020,100318660834
"ltu","Lithuania",2000,42687296149
"ltu","Lithuania",2001,45479180308
"ltu","Lithuania",2002,48538800641
"ltu","Lithuania",2003,53614175163
"ltu","Lithuania",2004,57208780892
"ltu","Lithuania",2005,61958155622
"ltu","Lithuania",2006,66790351543
"ltu","Lithuania",2007,74074099420
"ltu","Lithuania",2008,75719849268
"ltu","Lithuania",2009,64297138269
"ltu","Lithuania",2010,65820935140
"ltu","Lithuania",2011,70469051614
"ltu","Lithuania",2012,73243730989
"ltu","Lithuania",2013,75656436657
"ltu","Lithuania",2014,78026172383
"ltu","Lithuania",2015,79283625392
"ltu","Lithuania",2016,81000810087
"ltu","Lithuania",2017,84235434187
"ltu","Lithuania",2018,87021630108
"ltu","Lithuania",2019,89349310686
"ltu","Lithuania",2020,91253049061
"lux","Luxembourg",2000,35625419072
"lux","Luxembourg",2001,36433780275
"lux","Luxembourg",2002,37731310144
"lux","Luxembourg",2003,38189393571
"lux","Luxembourg",2004,39403315020
"lux","Luxembourg",2005,40570043996
"lux","Luxembourg",2006,42707788331
"lux","Luxembourg",2007,46477369945
"lux","Luxembourg",2008,46064913001
"lux","Luxembourg",2009,44240729106
"lux","Luxembourg",2010,46595501534
"lux","Luxembourg",2011,47779309303
"lux","Luxembourg",2012,47514261161
"lux","Luxembourg",2013,49185981824
"lux","Luxembourg",2014,51208732097
"lux","Luxembourg",2015,53119115402
"lux","Luxembourg",2016,54416708982
"lux","Luxembourg",2017,55108249943
"lux","Luxembourg",2018,56638378959
"lux","Luxembourg",2019,58078963073
"lux","Luxembourg",2020,59540352742
"mkd","Macedonia, FYR",2000,17541316509
"mkd","Macedonia, FYR",2001,17003262539
"mkd","Macedonia, FYR",2002,17257234350
"mkd","Macedonia, FYR",2003,17640776707
"mkd","Macedonia, FYR",2004,18465349200
"mkd","Macedonia, FYR",2005,19337706314
"mkd","Macedonia, FYR",2006,20331029930
"mkd","Macedonia, FYR",2007,21646957335
"mkd","Macedonia, FYR",2008,22831633941
"mkd","Macedonia, FYR",2009,22749701370
"mkd","Macedonia, FYR",2010,23513864020
"mkd","Macedonia, FYR",2011,24064073294
"mkd","Macedonia, FYR",2012,23954359752
"mkd","Macedonia, FYR",2013,24654971182
"mkd","Macedonia, FYR",2014,25549944298
"mkd","Macedonia, FYR",2015,26535076057
"mkd","Macedonia, FYR",2016,27290833408
"mkd","Macedonia, FYR",2017,27356460450
"mkd","Macedonia, FYR",2018,28085384992
"mkd","Macedonia, FYR",2019,28954996231
"mkd","Macedonia, FYR",2020,29925317402
"mdg","Madagascar",2000,22767731872
"mdg","Madagascar",2001,24137855481
"mdg","Madagascar",2002,21078679807
"mdg","Madagascar",2003,23141196309
"mdg","Madagascar",2004,24357725811
"mdg","Madagascar",2005,25478891941
"mdg","Madagascar",2006,26758593801
"mdg","Madagascar",2007,28428476234
"mdg","Madagascar",2008,30455024251
"mdg","Madagascar",2009,29232594809
"mdg","Madagascar",2010,29309511790
"mdg","Madagascar",2011,29735791136
"mdg","Madagascar",2012,30636040392
"mdg","Madagascar",2013,31326953799
"mdg","Madagascar",2014,32365715164
"mdg","Madagascar",2015,33374404640
"mdg","Madagascar",2016,34769449006
"mdg","Madagascar",2017,36266900812
"mdg","Madagascar",2018,38148288994
"mdg","Madagascar",2019,40110445561
"mdg","Madagascar",2020,42209440609
"mwi","Malawi",2000,9851275257
"mwi","Malawi",2001,9361184571
"mwi","Malawi",2002,9520323064
"mwi","Malawi",2003,10063520908
"mwi","Malawi",2004,10609011196
"mwi","Malawi",2005,10955789840
"mwi","Malawi",2006,11470708474
"mwi","Malawi",2007,12571904186
"mwi","Malawi",2008,13532371417
"mwi","Malawi",2009,14659358847
"mwi","Malawi",2010,15667042909
"mwi","Malawi",2011,16427539783
"mwi","Malawi",2012,16737328971
"mwi","Malawi",2013,17607684369
"mwi","Malawi",2014,18611312654
"mwi","Malawi",2015,19132419948
"mwi","Malawi",2016,19607633663
"mwi","Malawi",2017,20391910341
"mwi","Malawi",2018,21105590902
"mwi","Malawi",2019,22011635439
"mwi","Malawi",2020,23091616504
"mys","Malaysia",2000,378159335582
"mys","Malaysia",2001,380116990943
"mys","Malaysia",2002,400609121033
"mys","Malaysia",2003,423798411451
"mys","Malaysia",2004,452546386339
"mys","Malaysia",2005,476676958204
"mys","Malaysia",2006,503298424524
"mys","Malaysia",2007,535000197734
"mys","Malaysia",2008,560850177376
"mys","Malaysia",2009,552361569882
"mys","Malaysia",2010,593373469003
"mys","Malaysia",2011,624786450962
"mys","Malaysia",2012,658984370261
"mys","Malaysia",2013,689915750014
"mys","Malaysia",2014,731356956004
"mys","Malaysia",2015,768592977056
"mys","Malaysia",2016,801049763721
"mys","Malaysia",2017,848281772415
"mys","Malaysia",2018,888346595340
"mys","Malaysia",2019,928798177616
"mys","Malaysia",2020,969898805833
"mdv","Maldives",2000,2738835789
"mdv","Maldives",2001,2630872519
"mdv","Maldives",2002,2822055334
"mdv","Maldives",2003,3210079049
"mdv","Maldives",2004,3403789815
"mdv","Maldives",2005,2956867425
"mdv","Maldives",2006,3729019113
"mdv","Maldives",2007,4016682120
"mdv","Maldives",2008,4397587202
"mdv","Maldives",2009,4079659299
"mdv","Maldives",2010,4376090632
"mdv","Maldives",2011,4751005645
"mdv","Maldives",2012,4870558732
"mdv","Maldives",2013,5225254067
"mdv","Maldives",2014,5608296794
"mdv","Maldives",2015,5770019427
"mdv","Maldives",2016,6190516351
"mdv","Maldives",2017,6618443945
"mdv","Maldives",2018,7019239383
"mdv","Maldives",2019,7567105290
"mdv","Maldives",2020,8034567110
"mli","Mali",2000,16044854895
"mli","Mali",2001,18511950058
"mli","Mali",2002,19086988140
"mli","Mali",2003,20827528011
"mli","Mali",2004,21152456145
"mli","Mali",2005,22534692028
"mli","Mali",2006,23585314406
"mli","Mali",2007,24409278823
"mli","Mali",2008,25574445795
"mli","Mali",2009,26771085347
"mli","Mali",2010,28220327257
"mli","Mali",2011,29134742925
"mli","Mali",2012,28891107982
"mli","Mali",2013,29556634136
"mli","Mali",2014,31638419315
"mli","Mali",2015,33524888204
"mli","Mali",2016,35469381434
"mli","Mali",2017,37384759211
"mli","Mali",2018,39216670293
"mli","Mali",2019,41216101892
"mli","Mali",2020,43286639767
"mlt","Malta",2000,9684701007
"mlt","Malta",2001,9736423725
"mlt","Malta",2002,10012538334
"mlt","Malta",2003,10254618437
"mlt","Malta",2004,10281218504
"mlt","Malta",2005,10650827834
"mlt","Malta",2006,10850781666
"mlt","Malta",2007,11286232309
"mlt","Malta",2008,11634850502
"mlt","Malta",2009,11319959209
"mlt","Malta",2010,11740020347
"mlt","Malta",2011,11945724208
"mlt","Malta",2012,12275417277
"mlt","Malta",2013,12783848172
"mlt","Malta",2014,13729459162
"mlt","Malta",2015,14951066484
"mlt","Malta",2016,15536877370
"mlt","Malta",2017,16198742008
"mlt","Malta",2018,16756157561
"mlt","Malta",2019,17323890777
"mlt","Malta",2020,17816374726
"mhl","Marshall Islands",2000,150942600
"mhl","Marshall Islands",2001,159001043
"mhl","Marshall Islands",2002,163188955
"mhl","Marshall Islands",2003,163500359
"mhl","Marshall Islands",2004,163666618
"mhl","Marshall Islands",2005,168435195
"mhl","Marshall Islands",2006,170852073
"mhl","Marshall Islands",2007,177084147
"mhl","Marshall Islands",2008,174162067
"mhl","Marshall Islands",2009,171352463
"mhl","Marshall Islands",2010,182378537
"mhl","Marshall Islands",2011,184572489
"mhl","Marshall Islands",2012,190961572
"mhl","Marshall Islands",2013,196423291
"mhl","Marshall Islands",2014,194967237
"mhl","Marshall Islands",2015,194259811
"mhl","Marshall Islands",2016,197912759
"mhl","Marshall Islands",2017,205062525
"mhl","Marshall Islands",2018,210203593
"mhl","Marshall Islands",2019,213255366
"mhl","Marshall Islands",2020,216199708
"mrt","Mauritania",2000,7453862380
"mrt","Mauritania",2001,7603615188
"mrt","Mauritania",2002,7654159873
"mrt","Mauritania",2003,8111756459
"mrt","Mauritania",2004,8577964537
"mrt","Mauritania",2005,9347373946
"mrt","Mauritania",2006,11111131666
"mrt","Mauritania",2007,11424200041
"mrt","Mauritania",2008,11547592176
"mrt","Mauritania",2009,11427256930
"mrt","Mauritania",2010,11972780232
"mrt","Mauritania",2011,12535962875
"mrt","Mauritania",2012,13262442672
"mrt","Mauritania",2013,14070167006
"mrt","Mauritania",2014,14855198912
"mrt","Mauritania",2015,15063190529
"mrt","Mauritania",2016,15364435567
"mrt","Mauritania",2017,15829935269
"mrt","Mauritania",2018,16399756234
"mrt","Mauritania",2019,17580282688
"mrt","Mauritania",2020,18713633070
"mus","Mauritius",2000,13371125663
"mus","Mauritius",2001,13811368593
"mus","Mauritius",2002,14029467778
"mus","Mauritius",2003,14841851865
"mus","Mauritius",2004,15472677103
"mus","Mauritius",2005,15736412954
"mus","Mauritius",2006,16506997184
"mus","Mauritius",2007,17455099545
"mus","Mauritius",2008,18408795068
"mus","Mauritius",2009,19041085460
"mus","Mauritius",2010,19890398067
"mus","Mauritius",2011,20720001071
"mus","Mauritius",2012,21426289766
"mus","Mauritius",2013,22132254873
"mus","Mauritius",2014,22954036354
"mus","Mauritius",2015,23777911949
"mus","Mauritius",2016,24720802085
"mus","Mauritius",2017,25693935551
"mus","Mauritius",2018,26705665885
"mus","Mauritius",2019,27716374622
"mus","Mauritius",2020,28816796154
"mex","Mexico",2000,1595250576963
"mex","Mexico",2001,1588799525293
"mex","Mexico",2002,1588166585906
"mex","Mexico",2003,1611137457326
"mex","Mexico",2004,1674303596459
"mex","Mexico",2005,1712943195748
"mex","Mexico",2006,1789941427505
"mex","Mexico",2007,1830956946360
"mex","Mexico",2008,1851895487545
"mex","Mexico",2009,1754008998968
"mex","Mexico",2010,1843781235851
"mex","Mexico",2011,1911319039626
"mex","Mexico",2012,1980935548984
"mex","Mexico",2013,2007759170206
"mex","Mexico",2014,2064063772756
"mex","Mexico",2015,2131929734320
"mex","Mexico",2016,2194216696168
"mex","Mexico",2017,2239630713734
"mex","Mexico",2018,2284293436867
"mex","Mexico",2019,2296575078629
"mex","Mexico",2020,2329843332445
"fsm","Micronesia, Fed. Sts.",2000,335102170
"fsm","Micronesia, Fed. Sts.",2001,340937986
"fsm","Micronesia, Fed. Sts.",2002,342983258
"fsm","Micronesia, Fed. Sts.",2003,349673627
"fsm","Micronesia, Fed. Sts.",2004,338719842
"fsm","Micronesia, Fed. Sts.",2005,345709255
"fsm","Micronesia, Fed. Sts.",2006,345247669
"fsm","Micronesia, Fed. Sts.",2007,338456390
"fsm","Micronesia, Fed. Sts.",2008,330975876
"fsm","Micronesia, Fed. Sts.",2009,334839689
"fsm","Micronesia, Fed. Sts.",2010,341706622
"fsm","Micronesia, Fed. Sts.",2011,353119788
"fsm","Micronesia, Fed. Sts.",2012,346101234
"fsm","Micronesia, Fed. Sts.",2013,332734266
"fsm","Micronesia, Fed. Sts.",2014,325566553
"fsm","Micronesia, Fed. Sts.",2015,341599994
"fsm","Micronesia, Fed. Sts.",2016,344019635
"fsm","Micronesia, Fed. Sts.",2017,355034570
"fsm","Micronesia, Fed. Sts.",2018,359998595
"fsm","Micronesia, Fed. Sts.",2019,368607575
"fsm","Micronesia, Fed. Sts.",2020,375009298
"mda","Moldova",2000,11808539318
"mda","Moldova",2001,12510412556
"mda","Moldova",2002,13488859862
"mda","Moldova",2003,14402582447
"mda","Moldova",2004,15486952090
"mda","Moldova",2005,16654330046
"mda","Moldova",2006,17447474744
"mda","Moldova",2007,17942499164
"mda","Moldova",2008,19297960358
"mda","Moldova",2009,18095116702
"mda","Moldova",2010,19345142904
"mda","Moldova",2011,20447811984
"mda","Moldova",2012,20313130504
"mda","Moldova",2013,22149528132
"mda","Moldova",2014,23264377808
"mda","Moldova",2015,23185232469
"mda","Moldova",2016,24194204105
"mda","Moldova",2017,25309348668
"mda","Moldova",2018,26296104482
"mda","Moldova",2019,27177585077
"mda","Moldova",2020,28165704690
"mco","Monaco",2000,1613829600
"mco","Monaco",2001,1651465270
"mco","Monaco",2002,1674972240
"mco","Monaco",2003,1699458600
"mco","Monaco",2004,1748513804
"mco","Monaco",2005,1785537762
"mco","Monaco",2006,1867950204
"mco","Monaco",2007,2103547320
"mco","Monaco",2008,2086615020
"mco","Monaco",2009,1892707905
"mco","Monaco",2010,1928084914
"mco","Monaco",2011,2092368025
"mco","Monaco",2012,2117575179
"mco","Monaco",2013,2135935514
"mco","Monaco",2014,2174524440
"mco","Monaco",2015,2217282494
"mco","Monaco",2016,2266383240
"mco","Monaco",2017,2307013672
"mco","Monaco",2018,2348461584
"mco","Monaco",2019,2391443757
"mco","Monaco",2020,2432971024
"mng","Mongolia",2000,11160114116
"mng","Mongolia",2001,11489673266
"mng","Mongolia",2002,12033397936
"mng","Mongolia",2003,12876361837
"mng","Mongolia",2004,14244527364
"mng","Mongolia",2005,15277789598
"mng","Mongolia",2006,16584947364
"mng","Mongolia",2007,18284582725
"mng","Mongolia",2008,19911993107
"mng","Mongolia",2009,19659367599
"mng","Mongolia",2010,20910779902
"mng","Mongolia",2011,24526317976
"mng","Mongolia",2012,27547956133
"mng","Mongolia",2013,30756909288
"mng","Mongolia",2014,33182298425
"mng","Mongolia",2015,33971880001
"mng","Mongolia",2016,34368862752
"mng","Mongolia",2017,36191102359
"mng","Mongolia",2018,38705925061
"mng","Mongolia",2019,41154409684
"mng","Mongolia",2020,43255492639
"mne","Montenegro",2000,6379029804
"mne","Montenegro",2001,6419230125
"mne","Montenegro",2002,6517421320
"mne","Montenegro",2003,6660320273
"mne","Montenegro",2004,6954734018
"mne","Montenegro",2005,7249486779
"mne","Montenegro",2006,7879541799
"mne","Montenegro",2007,8427532875
"mne","Montenegro",2008,9045808040
"mne","Montenegro",2009,8525518497
"mne","Montenegro",2010,8761491211
"mne","Montenegro",2011,9049212935
"mne","Montenegro",2012,8804612995
"mne","Montenegro",2013,9114176671
"mne","Montenegro",2014,9272305845
"mne","Montenegro",2015,9585992336
"mne","Montenegro",2016,9871373532
"mne","Montenegro",2017,10340602180
"mne","Montenegro",2018,10847215438
"mne","Montenegro",2019,11167577266
"mne","Montenegro",2020,11438342174
"mar","Morocco",2000,129353434836
"mar","Morocco",2001,138732993620
"mar","Morocco",2002,142954198919
"mar","Morocco",2003,151355997446
"mar","Morocco",2004,158506003084
"mar","Morocco",2005,163638723122
"mar","Morocco",2006,175978474067
"mar","Morocco",2007,182166850390
"mar","Morocco",2008,192951716526
"mar","Morocco",2009,201142740404
"mar","Morocco",2010,208817245435
"mar","Morocco",2011,219765551739
"mar","Morocco",2012,226371755153
"mar","Morocco",2013,236624798706
"mar","Morocco",2014,242920478725
"mar","Morocco",2015,253910471835
"mar","Morocco",2016,256729586642
"mar","Morocco",2017,267172380115
"mar","Morocco",2018,275619604087
"mar","Morocco",2019,283464667131
"mar","Morocco",2020,294434749632
"moz","Mozambique",2000,10147042300
"moz","Mozambique",2001,11437842864
"moz","Mozambique",2002,12443690777
"moz","Mozambique",2003,13252609763
"moz","Mozambique",2004,14287795841
"moz","Mozambique",2005,15533790919
"moz","Mozambique",2006,17064029994
"moz","Mozambique",2007,18331219546
"moz","Mozambique",2008,19591709151
"moz","Mozambique",2009,20836175970
"moz","Mozambique",2010,22229522850
"moz","Mozambique",2011,23811752732
"moz","Mozambique",2012,25525778890
"moz","Mozambique",2013,27348750574
"moz","Mozambique",2014,29384611938
"moz","Mozambique",2015,31322193408
"moz","Mozambique",2016,32500921055
"moz","Mozambique",2017,33715481441
"moz","Mozambique",2018,34816302165
"moz","Mozambique",2019,35530693804
"moz","Mozambique",2020,37767804481
"mmr","Myanmar",2000,60221100652
"mmr","Myanmar",2001,67052583431
"mmr","Myanmar",2002,75115989853
"mmr","Myanmar",2003,85515068374
"mmr","Myanmar",2004,97114897943
"mmr","Myanmar",2005,110292374326
"mmr","Myanmar",2006,124714296642
"mmr","Myanmar",2007,139669344851
"mmr","Myanmar",2008,153992850293
"mmr","Myanmar",2009,170239106618
"mmr","Myanmar",2010,186640727180
"mmr","Myanmar",2011,197076663903
"mmr","Myanmar",2012,211527679212
"mmr","Myanmar",2013,229351038826
"mmr","Myanmar",2014,247678267302
"mmr","Myanmar",2015,264997957289
"mmr","Myanmar",2016,280533258619
"mmr","Myanmar",2017,299493276121
"mmr","Myanmar",2018,318061913690
"mmr","Myanmar",2019,338712524041
"mmr","Myanmar",2020,359905196811
"nam","Namibia",2000,11733952568
"nam","Namibia",2001,11872060566
"nam","Namibia",2002,12440580565
"nam","Namibia",2003,12968036011
"nam","Namibia",2004,14559125352
"nam","Namibia",2005,14927395675
"nam","Namibia",2006,15983277620
"nam","Namibia",2007,16842234271
"nam","Namibia",2008,17288403050
"nam","Namibia",2009,17339631860
"nam","Namibia",2010,18386885708
"nam","Namibia",2011,19322970006
"nam","Namibia",2012,20301000795
"nam","Namibia",2013,21440875071
"nam","Namibia",2014,22802731124
"nam","Namibia",2015,24190602317
"nam","Namibia",2016,24462366455
"nam","Namibia",2017,24250234189
"nam","Namibia",2018,24232368564
"nam","Namibia",2019,24187806845
"nam","Namibia",2020,24554379464
"nru","Nauru",2000,73679956
"nru","Nauru",2001,67852438
"nru","Nauru",2002,60270809
"nru","Nauru",2003,59633273
"nru","Nauru",2004,56485065
"nru","Nauru",2005,49359365
"nru","Nauru",2006,39566262
"nru","Nauru",2007,39864510
"nru","Nauru",2008,53504253
"nru","Nauru",2009,58237424
"nru","Nauru",2010,66115602
"nru","Nauru",2011,73899456
"nru","Nauru",2012,80125980
"nru","Nauru",2013,102880219
"nru","Nauru",2014,129244721
"nru","Nauru",2015,127292067
"nru","Nauru",2016,135643841
"nru","Nauru",2017,144585615
"nru","Nauru",2018,142796683
"nru","Nauru",2019,146285318
"nru","Nauru",2020,145566969
"npl","Nepal",2000,36554307152
"npl","Nepal",2001,38308903087
"npl","Nepal",2002,38354914490
"npl","Nepal",2003,39868046294
"npl","Nepal",2004,41734883918
"npl","Nepal",2005,43186927982
"npl","Nepal",2006,44639991472
"npl","Nepal",2007,46162931063
"npl","Nepal",2008,48981011323
"npl","Nepal",2009,51201341906
"npl","Nepal",2010,53667408890
"npl","Nepal",2011,55503380314
"npl","Nepal",2012,58156057670
"npl","Nepal",2013,60556325790
"npl","Nepal",2014,64183432145
"npl","Nepal",2015,66318518525
"npl","Nepal",2016,66714542177
"npl","Nepal",2017,71997232436
"npl","Nepal",2018,76531653442
"npl","Nepal",2019,82347790104
"npl","Nepal",2020,87976773928
"nld","Netherlands",2000,669163534948
"nld","Netherlands",2001,683507960950
"nld","Netherlands",2002,684554263540
"nld","Netherlands",2003,686229794396
"nld","Netherlands",2004,701135764198
"nld","Netherlands",2005,717350223455
"nld","Netherlands",2006,744288660062
"nld","Netherlands",2007,773811552269
"nld","Netherlands",2008,790465919172
"nld","Netherlands",2009,760238898087
"nld","Netherlands",2010,769112204938
"nld","Netherlands",2011,779983314421
"nld","Netherlands",2012,771560928986
"nld","Netherlands",2013,770651856452
"nld","Netherlands",2014,781079743441
"nld","Netherlands",2015,795018369348
"nld","Netherlands",2016,810172373058
"nld","Netherlands",2017,830456613620
"nld","Netherlands",2018,849626527866
"nld","Netherlands",2019,864013649323
"nld","Netherlands",2020,877570959505
"nzl","New Zealand",2000,108444745478
"nzl","New Zealand",2001,112962742028
"nzl","New Zealand",2002,117856630840
"nzl","New Zealand",2003,122621112253
"nzl","New Zealand",2004,127508879751
"nzl","New Zealand",2005,132018908245
"nzl","New Zealand",2006,135767378383
"nzl","New Zealand",2007,140121426256
"nzl","New Zealand",2008,139001181444
"nzl","New Zealand",2009,138774678059
"nzl","New Zealand",2010,140858871808
"nzl","New Zealand",2011,144643246071
"nzl","New Zealand",2012,148711514169
"nzl","New Zealand",2013,153069585584
"nzl","New Zealand",2014,158073083135
"nzl","New Zealand",2015,162328987788
"nzl","New Zealand",2016,166349160593
"nzl","New Zealand",2017,169491191423
"nzl","New Zealand",2018,172435553109
"nzl","New Zealand",2019,174450123303
"nzl","New Zealand",2020,177097586121
"nic","Nicaragua",2000,17315129802
"nic","Nicaragua",2001,17827779037
"nic","Nicaragua",2002,17962172340
"nic","Nicaragua",2003,18414954401
"nic","Nicaragua",2004,19393181101
"nic","Nicaragua",2005,20223700646
"nic","Nicaragua",2006,21063372025
"nic","Nicaragua",2007,22132690573
"nic","Nicaragua",2008,22893078281
"nic","Nicaragua",2009,22139316482
"nic","Nicaragua",2010,23115606221
"nic","Nicaragua",2011,24575759261
"nic","Nicaragua",2012,26172269373
"nic","Nicaragua",2013,27461819580
"nic","Nicaragua",2014,28775960739
"nic","Nicaragua",2015,30154947813
"nic","Nicaragua",2016,31530972916
"nic","Nicaragua",2017,33005154701
"nic","Nicaragua",2018,31745779311
"nic","Nicaragua",2019,30204713365
"nic","Nicaragua",2020,30012384612
"ner","Niger",2000,8553687877
"ner","Niger",2001,9161366985
"ner","Niger",2002,9436132235
"ner","Niger",2003,9936242382
"ner","Niger",2004,9946177895
"ner","Niger",2005,10393762824
"ner","Niger",2006,10996593863
"ner","Niger",2007,11342614896
"ner","Niger",2008,12430110143
"ner","Niger",2009,12341517949
"ner","Niger",2010,13373791292
"ner","Niger",2011,13679123276
"ner","Niger",2012,15300082080
"ner","Niger",2013,16106165445
"ner","Niger",2014,17318798131
"ner","Niger",2015,18069903460
"ner","Niger",2016,18959969735
"ner","Niger",2017,19887733394
"ner","Niger",2018,20916438125
"ner","Niger",2019,22230096671
"ner","Niger",2020,23574921246
"nga","Nigeria",2000,375342515903
"nga","Nigeria",2001,397554092605
"nga","Nigeria",2002,458495789300
"nga","Nigeria",2003,492182368583
"nga","Nigeria",2004,537711965002
"nga","Nigeria",2005,572332638942
"nga","Nigeria",2006,607012719265
"nga","Nigeria",2007,647021705987
"nga","Nigeria",2008,690789336881
"nga","Nigeria",2009,746307592481
"nga","Nigeria",2010,806054409578
"nga","Nigeria",2011,848839181471
"nga","Nigeria",2012,884745739679
"nga","Nigeria",2013,943770166904
"nga","Nigeria",2014,1003319282072
"nga","Nigeria",2015,1029934130199
"nga","Nigeria",2016,1013281166278
"nga","Nigeria",2017,1021446968301
"nga","Nigeria",2018,1041235191003
"nga","Nigeria",2019,1065053547352
"nga","Nigeria",2020,1091900201335
"nor","Norway",2000,261166524535
"nor","Norway",2001,266667965697
"nor","Norway",2002,270407846855
"nor","Norway",2003,272736234354
"nor","Norway",2004,283597364270
"nor","Norway",2005,291212305700
"nor","Norway",2006,298389378593
"nor","Norway",2007,307154126347
"nor","Norway",2008,308141412763
"nor","Norway",2009,302635030572
"nor","Norway",2010,304636499964
"nor","Norway",2011,307514407998
"nor","Norway",2012,315881209273
"nor","Norway",2013,319479189504
"nor","Norway",2014,326119176387
"nor","Norway",2015,332936559056
"nor","Norway",2016,337217973625
"nor","Norway",2017,344077733039
"nor","Norway",2018,349323533092
"nor","Norway",2019,356660164824
"nor","Norway",2020,366050292578
"omn","Oman",2000,99714423106
"omn","Oman",2001,104183940158
"omn","Oman",2002,103037550868
"omn","Oman",2003,100287340155
"omn","Oman",2004,101583541391
"omn","Oman",2005,104113263555
"omn","Oman",2006,109705955577
"omn","Oman",2007,114591220924
"omn","Oman",2008,123986850329
"omn","Oman",2009,131565824003
"omn","Oman",2010,137887227332
"omn","Oman",2011,136358112022
"omn","Oman",2012,149084332617
"omn","Oman",2013,155603128698
"omn","Oman",2014,159883621495
"omn","Oman",2015,167464038056
"omn","Oman",2016,175804243353
"omn","Oman",2017,174172430982
"omn","Oman",2018,177873919541
"omn","Oman",2019,177895139185
"omn","Oman",2020,183688339571
"pak","Pakistan",2000,484126657033
"pak","Pakistan",2001,493724393656
"pak","Pakistan",2002,509644153000
"pak","Pakistan",2003,534343155167
"pak","Pakistan",2004,573716623017
"pak","Pakistan",2005,617705214363
"pak","Pakistan",2006,655864213733
"pak","Pakistan",2007,687560941058
"pak","Pakistan",2008,699259128173
"pak","Pakistan",2009,719059771322
"pak","Pakistan",2010,730612850833
"pak","Pakistan",2011,750691288605
"pak","Pakistan",2012,777014478871
"pak","Pakistan",2013,811172439479
"pak","Pakistan",2014,849093911813
"pak","Pakistan",2015,889274002914
"pak","Pakistan",2016,938440645675
"pak","Pakistan",2017,991963197719
"pak","Pakistan",2018,1045844332326
"pak","Pakistan",2019,1082077136070
"pak","Pakistan",2020,1108840771932
"plw","Palau",2000,235935550
"plw","Palau",2001,251673849
"plw","Palau",2002,261659308
"plw","Palau",2003,253166744
"plw","Palau",2004,265313691
"plw","Palau",2005,277360723
"plw","Palau",2006,271289059
"plw","Palau",2007,273747701
"plw","Palau",2008,259129395
"plw","Palau",2009,243777891
"plw","Palau",2010,244713569
"plw","Palau",2011,257953276
"plw","Palau",2012,267111510
"plw","Palau",2013,261521183
"plw","Palau",2014,274039582
"plw","Palau",2015,302641748
"plw","Palau",2016,304115216
"plw","Palau",2017,293388913
"plw","Palau",2018,308109869
"plw","Palau",2019,313724299
"plw","Palau",2020,320985841
"pan","Panama",2000,32196842790
"pan","Panama",2001,32381613703
"pan","Panama",2002,33103596839
"pan","Panama",2003,34495776581
"pan","Panama",2004,37090483909
"pan","Panama",2005,39757823931
"pan","Panama",2006,43197880272
"pan","Panama",2007,48374552068
"pan","Panama",2008,53142242505
"pan","Panama",2009,53802796497
"pan","Panama",2010,56938399588
"pan","Panama",2011,63380119383
"pan","Panama",2012,69578278446
"pan","Panama",2013,74381433593
"pan","Panama",2014,78149865951
"pan","Panama",2015,82630160230
"pan","Panama",2016,86733748412
"pan","Panama",2017,91349008245
"pan","Panama",2018,94707971787
"pan","Panama",2019,99004803775
"pan","Panama",2020,104650039542
"png","Papua New Guinea",2000,15295199364
"png","Papua New Guinea",2001,15276632466
"png","Papua New Guinea",2002,15252362921
"png","Papua New Guinea",2003,15582442193
"png","Papua New Guinea",2004,16006470296
"png","Papua New Guinea",2005,17022040192
"png","Papua New Guinea",2006,17412597336
"png","Papua New Guinea",2007,19344989546
"png","Papua New Guinea",2008,19288090193
"png","Papua New Guinea",2009,20600748800
"png","Papua New Guinea",2010,22686531842
"png","Papua New Guinea",2011,22937714340
"png","Papua New Guinea",2012,24003971793
"png","Papua New Guinea",2013,24923332950
"png","Papua New Guinea",2014,28287957329
"png","Papua New Guinea",2015,30975294018
"png","Papua New Guinea",2016,32245316394
"png","Papua New Guinea",2017,32745072203
"png","Papua New Guinea",2018,32885071320
"png","Papua New Guinea",2019,34498051643
"png","Papua New Guinea",2020,35333977873
"pry","Paraguay",2000,42500296690
"pry","Paraguay",2001,42145797515
"pry","Paraguay",2002,42136761519
"pry","Paraguay",2003,43957415524
"pry","Paraguay",2004,45741007647
"pry","Paraguay",2005,46716822689
"pry","Paraguay",2006,48962588351
"pry","Paraguay",2007,51617154868
"pry","Paraguay",2008,54899524639
"pry","Paraguay",2009,54757881781
"pry","Paraguay",2010,60859945978
"pry","Paraguay",2011,63446033212
"pry","Paraguay",2012,63104298644
"pry","Paraguay",2013,68416089788
"pry","Paraguay",2014,71741732226
"pry","Paraguay",2015,73951668310
"pry","Paraguay",2016,77141201776
"pry","Paraguay",2017,80965783392
"pry","Paraguay",2018,83911203087
"pry","Paraguay",2019,84639561406
"pry","Paraguay",2020,87917743410
"per","Peru",2000,170086294378
"per","Peru",2001,171137270081
"per","Peru",2002,180470237056
"per","Peru",2003,187986830120
"per","Peru",2004,197307756886
"per","Peru",2005,209708532115
"per","Peru",2006,225497308222
"per","Peru",2007,244706034779
"per","Peru",2008,267039354429
"per","Peru",2009,269965672056
"per","Peru",2010,292460430476
"per","Peru",2011,310964857831
"per","Peru",2012,330057311518
"per","Peru",2013,349373940366
"per","Peru",2014,357695978550
"per","Peru",2015,369342065744
"per","Peru",2016,383952787976
"per","Peru",2017,393624872762
"per","Peru",2018,409277460921
"per","Peru",2019,422363574767
"per","Peru",2020,439412958360
"phl","Philippines",2000,329445226558
"phl","Philippines",2001,338979303079
"phl","Philippines",2002,351338187012
"phl","Philippines",2003,368800976772
"phl","Philippines",2004,393501892108
"phl","Philippines",2005,412302100420
"phl","Philippines",2006,433918931066
"phl","Philippines",2007,462629881321
"phl","Philippines",2008,481841785976
"phl","Philippines",2009,487374935554
"phl","Philippines",2010,524572686407
"phl","Philippines",2011,543770731928
"phl","Philippines",2012,580115376607
"phl","Philippines",2013,621094898871
"phl","Philippines",2014,659262989583
"phl","Philippines",2015,699257467127
"phl","Philippines",2016,747393950802
"phl","Philippines",2017,797299866473
"phl","Philippines",2018,847079748093
"phl","Philippines",2019,893508430382
"phl","Philippines",2020,946448614080
"pol","Poland",2000,568037715835
"pol","Poland",2001,574879574856
"pol","Poland",2002,586265079791
"pol","Poland",2003,606820760189
"pol","Poland",2004,637656353537
"pol","Poland",2005,659697971488
"pol","Poland",2006,700643870860
"pol","Poland",2007,750318032771
"pol","Poland",2008,782167814234
"pol","Poland",2009,803579727970
"pol","Poland",2010,834463548991
"pol","Poland",2011,874878387785
"pol","Poland",2012,887559497427
"pol","Poland",2013,898831620085
"pol","Poland",2014,927723638148
"pol","Poland",2015,962537639481
"pol","Poland",2016,991272311363
"pol","Poland",2017,1037878170633
"pol","Poland",2018,1090308088257
"pol","Poland",2019,1133311083675
"pol","Poland",2020,1167714155016
"prt","Portugal",2000,267719797548
"prt","Portugal",2001,272171382287
"prt","Portugal",2002,273940582760
"prt","Portugal",2003,271500083038
"prt","Portugal",2004,276850585400
"prt","Portugal",2005,279455383258
"prt","Portugal",2006,284209966157
"prt","Portugal",2007,291557111375
"prt","Portugal",2008,292328629160
"prt","Portugal",2009,283586636542
"prt","Portugal",2010,288620227401
"prt","Portugal",2011,283050482065
"prt","Portugal",2012,271640323561
"prt","Portugal",2013,268681416881
"prt","Portugal",2014,271120713501
"prt","Portugal",2015,275879216929
"prt","Portugal",2016,280915792508
"prt","Portugal",2017,288434944407
"prt","Portugal",2018,294224341448
"prt","Portugal",2019,299373237344
"prt","Portugal",2020,303745939685
"qat","Qatar",2000,64156565315
"qat","Qatar",2001,66657728851
"qat","Qatar",2002,71445517842
"qat","Qatar",2003,74103125105
"qat","Qatar",2004,88344318695
"qat","Qatar",2005,94963338872
"qat","Qatar",2006,119815488564
"qat","Qatar",2007,141366870867
"qat","Qatar",2008,166336911087
"qat","Qatar",2009,186223762292
"qat","Qatar",2010,222710386575
"qat","Qatar",2011,252496905393
"qat","Qatar",2012,264333739770
"qat","Qatar",2013,275991671495
"qat","Qatar",2014,286972907526
"qat","Qatar",2015,297468255337
"qat","Qatar",2016,303809037836
"qat","Qatar",2017,308608524156
"qat","Qatar",2018,313026930163
"qat","Qatar",2019,320960522176
"qat","Qatar",2020,334669734965
"rou","Romania",2000,230655176544
"rou","Romania",2001,244455320150
"rou","Romania",2002,261541930888
"rou","Romania",2003,267963287857
"rou","Romania",2004,295645038570
"rou","Romania",2005,309045567945
"rou","Romania",2006,332972698361
"rou","Romania",2007,358957947451
"rou","Romania",2008,395078847953
"rou","Romania",2009,372942535126
"rou","Romania",2010,357625972064
"rou","Romania",2011,364182776967
"rou","Romania",2012,371400104036
"rou","Romania",2013,384077007496
"rou","Romania",2014,396749803723
"rou","Romania",2015,411765941154
"rou","Romania",2016,431204511142
"rou","Romania",2017,460720540957
"rou","Romania",2018,478757727458
"rou","Romania",2019,494324407952
"rou","Romania",2020,508304749589
"rus","Russia",2000,2057113344134
"rus","Russia",2001,2162535936184
"rus","Russia",2002,2265967600477
"rus","Russia",2003,2432173104617
"rus","Russia",2004,2607624474886
"rus","Russia",2005,2776598255012
"rus","Russia",2006,3007193552966
"rus","Russia",2007,3266322074196
"rus","Russia",2008,3438829353658
"rus","Russia",2009,3170656628373
"rus","Russia",2010,3346794823598
"rus","Russia",2011,3493426904352
"rus","Russia",2012,3622370859367
"rus","Russia",2013,3687672711741
"rus","Russia",2014,3657790541522
"rus","Russia",2015,3554533441016
"rus","Russia",2016,3547134165752
"rus","Russia",2017,3607785306816
"rus","Russia",2018,3696821446051
"rus","Russia",2019,3742229285891
"rus","Russia",2020,3816738604274
"rwa","Rwanda",2000,6373686939
"rwa","Rwanda",2001,6914453795
"rwa","Rwanda",2002,7826619681
"rwa","Rwanda",2003,7998989423
"rwa","Rwanda",2004,8594723195
"rwa","Rwanda",2005,9400739633
"rwa","Rwanda",2006,10268154349
"rwa","Rwanda",2007,11056905569
"rwa","Rwanda",2008,12291653000
"rwa","Rwanda",2009,13060578172
"rwa","Rwanda",2010,14018988843
"rwa","Rwanda",2011,15110218693
"rwa","Rwanda",2012,16442969722
"rwa","Rwanda",2013,17218025797
"rwa","Rwanda",2014,18530825755
"rwa","Rwanda",2015,20174137239
"rwa","Rwanda",2016,21380845477
"rwa","Rwanda",2017,22676083186
"rwa","Rwanda",2018,24642494113
"rwa","Rwanda",2019,26639076481
"rwa","Rwanda",2020,28865165598
"kna","St. Kitts and Nevis",2000,969372225
"kna","St. Kitts and Nevis",2001,1022714937
"kna","St. Kitts and Nevis",2002,1047972017
"kna","St. Kitts and Nevis",2003,1011876341
"kna","St. Kitts and Nevis",2004,1052845534
"kna","St. Kitts and Nevis",2005,1154823076
"kna","St. Kitts and Nevis",2006,1188493558
"kna","St. Kitts and Nevis",2007,1187812315
"kna","St. Kitts and Nevis",2008,1264930367
"kna","St. Kitts and Nevis",2009,1222499044
"kna","St. Kitts and Nevis",2010,1204453711
"kna","St. Kitts and Nevis",2011,1225941030
"kna","St. Kitts and Nevis",2012,1217879542
"kna","St. Kitts and Nevis",2013,1284526453
"kna","St. Kitts and Nevis",2014,1362446820
"kna","St. Kitts and Nevis",2015,1391666236
"kna","St. Kitts and Nevis",2016,1424000736
"kna","St. Kitts and Nevis",2017,1440308828
"kna","St. Kitts and Nevis",2018,1483710734
"kna","St. Kitts and Nevis",2019,1531590635
"kna","St. Kitts and Nevis",2020,1579798240
"lca","St. Lucia",2000,1671637852
"lca","St. Lucia",2001,1614635983
"lca","St. Lucia",2002,1621308892
"lca","St. Lucia",2003,1690451410
"lca","St. Lucia",2004,1813359456
"lca","St. Lucia",2005,1805763914
"lca","St. Lucia",2006,1917706444
"lca","St. Lucia",2007,1957455039
"lca","St. Lucia",2008,2054817537
"lca","St. Lucia",2009,2024963260
"lca","St. Lucia",2010,2031173550
"lca","St. Lucia",2011,2115094112
"lca","St. Lucia",2012,2108626034
"lca","St. Lucia",2013,2066355326
"lca","St. Lucia",2014,2066673173
"lca","St. Lucia",2015,2072234863
"lca","St. Lucia",2016,2152838341
"lca","St. Lucia",2017,2231837992
"lca","St. Lucia",2018,2245188549
"lca","St. Lucia",2019,2276110523
"lca","St. Lucia",2020,2345281280
"vct","St. Vincent and the Grenadines",2000,815166690
"vct","St. Vincent and the Grenadines",2001,829053909
"vct","St. Vincent and the Grenadines",2002,881471976
"vct","St. Vincent and the Grenadines",2003,949237842
"vct","St. Vincent and the Grenadines",2004,988800268
"vct","St. Vincent and the Grenadines",2005,1013354948
"vct","St. Vincent and the Grenadines",2006,1091225146
"vct","St. Vincent and the Grenadines",2007,1127689602
"vct","St. Vincent and the Grenadines",2008,1145663189
"vct","St. Vincent and the Grenadines",2009,1121594384
"vct","St. Vincent and the Grenadines",2010,1083971431
"vct","St. Vincent and the Grenadines",2011,1079365962
"vct","St. Vincent and the Grenadines",2012,1094297440
"vct","St. Vincent and the Grenadines",2013,1114378285
"vct","St. Vincent and the Grenadines",2014,1127954937
"vct","St. Vincent and the Grenadines",2015,1142878383
"vct","St. Vincent and the Grenadines",2016,1165679459
"vct","St. Vincent and the Grenadines",2017,1175607049
"vct","St. Vincent and the Grenadines",2018,1205677090
"vct","St. Vincent and the Grenadines",2019,1236793365
"vct","St. Vincent and the Grenadines",2020,1268225666
"wsm","Samoa",2000,755333287
"wsm","Samoa",2001,807760859
"wsm","Samoa",2002,842854678
"wsm","Samoa",2003,880883734
"wsm","Samoa",2004,921676327
"wsm","Samoa",2005,959921399
"wsm","Samoa",2006,978836816
"wsm","Samoa",2007,1040730952
"wsm","Samoa",2008,1051278757
"wsm","Samoa",2009,1000675924
"wsm","Samoa",2010,1005460057
"wsm","Samoa",2011,1063589611
"wsm","Samoa",2012,1067871991
"wsm","Samoa",2013,1047187862
"wsm","Samoa",2014,1061836856
"wsm","Samoa",2015,1077233699
"wsm","Samoa",2016,1154512694
"wsm","Samoa",2017,1185745852
"wsm","Samoa",2018,1194282871
"wsm","Samoa",2019,1229594132
"wsm","Samoa",2020,1280969985
"smr","San Marino",2000,2074802075
"smr","San Marino",2001,2190617745
"smr","San Marino",2002,2197625260
"smr","San Marino",2003,2282817381
"smr","San Marino",2004,2387782374
"smr","San Marino",2005,2444465402
"smr","San Marino",2006,2538200584
"smr","San Marino",2007,2720181898
"smr","San Marino",2008,2764609585
"smr","San Marino",2009,2410761254
"smr","San Marino",2010,2297268671
"smr","San Marino",2011,2080542840
"smr","San Marino",2012,1923737255
"smr","San Marino",2013,1865570377
"smr","San Marino",2014,1848330680
"smr","San Marino",2015,1859703998
"smr","San Marino",2016,1900675009
"smr","San Marino",2017,1929242716
"smr","San Marino",2018,1947559809
"smr","San Marino",2019,1957457599
"smr","San Marino",2020,1965326470
"stp","Sao Tome and Principe",2000,278057324
"stp","Sao Tome and Principe",2001,285743617
"stp","Sao Tome and Principe",2002,292531240
"stp","Sao Tome and Principe",2003,311733632
"stp","Sao Tome and Principe",2004,323699388
"stp","Sao Tome and Principe",2005,346664134
"stp","Sao Tome and Principe",2006,378253113
"stp","Sao Tome and Principe",2007,390565008
"stp","Sao Tome and Principe",2008,422549892
"stp","Sao Tome and Principe",2009,432799543
"stp","Sao Tome and Principe",2010,461675800
"stp","Sao Tome and Principe",2011,481970724
"stp","Sao Tome and Principe",2012,497095824
"stp","Sao Tome and Principe",2013,521027784
"stp","Sao Tome and Principe",2014,555186548
"stp","Sao Tome and Principe",2015,576294975
"stp","Sao Tome and Principe",2016,600301384
"stp","Sao Tome and Principe",2017,623549543
"stp","Sao Tome and Principe",2018,640142987
"stp","Sao Tome and Principe",2019,655258814
"stp","Sao Tome and Principe",2020,676329674
"sau","Saudi Arabia",2000,894348892768
"sau","Saudi Arabia",2001,883520913388
"sau","Saudi Arabia",2002,858613110346
"sau","Saudi Arabia",2003,955138358918
"sau","Saudi Arabia",2004,1031152849992
"sau","Saudi Arabia",2005,1088627210457
"sau","Saudi Arabia",2006,1118983028746
"sau","Saudi Arabia",2007,1139651601206
"sau","Saudi Arabia",2008,1210877340482
"sau","Saudi Arabia",2009,1185942403400
"sau","Saudi Arabia",2010,1245708213805
"sau","Saudi Arabia",2011,1370234986147
"sau","Saudi Arabia",2012,1444375379417
"sau","Saudi Arabia",2013,1483354341596
"sau","Saudi Arabia",2014,1537537676984
"sau","Saudi Arabia",2015,1600695958358
"sau","Saudi Arabia",2016,1627481093628
"sau","Saudi Arabia",2017,1615468830597
"sau","Saudi Arabia",2018,1651287071832
"sau","Saudi Arabia",2019,1648836565367
"sau","Saudi Arabia",2020,1678094780144
"sen","Senegal",2000,23689202833
"sen","Senegal",2001,24774388069
"sen","Senegal",2002,24936604511
"sen","Senegal",2003,26603195196
"sen","Senegal",2004,28165007988
"sen","Senegal",2005,29748626180
"sen","Senegal",2006,30480900985
"sen","Senegal",2007,31986179019
"sen","Senegal",2008,33283661544
"sen","Senegal",2009,33980156045
"sen","Senegal",2010,35190745786
"sen","Senegal",2011,35703991413
"sen","Senegal",2012,37531088215
"sen","Senegal",2013,38590283254
"sen","Senegal",2014,41142286786
"sen","Senegal",2015,43761869763
"sen","Senegal",2016,46543533123
"sen","Senegal",2017,49840134670
"sen","Senegal",2018,53212436974
"sen","Senegal",2019,56398531250
"sen","Senegal",2020,60146568807
"srb","Serbia",2000,75306079981
"srb","Serbia",2001,78560484966
"srb","Serbia",2002,83652718038
"srb","Serbia",2003,87024450129
"srb","Serbia",2004,94611200812
"srb","Serbia",2005,99624433273
"srb","Serbia",2006,109149618032
"srb","Serbia",2007,116079926296
"srb","Serbia",2008,122612134475
"srb","Serbia",2009,119256154889
"srb","Serbia",2010,120182850825
"srb","Serbia",2011,123224064377
"srb","Serbia",2012,122655213133
"srb","Serbia",2013,126517699927
"srb","Serbia",2014,124803574088
"srb","Serbia",2015,127341976890
"srb","Serbia",2016,131946597921
"srb","Serbia",2017,134996965834
"srb","Serbia",2018,141155122333
"srb","Serbia",2019,146171207065
"srb","Serbia",2020,152007458110
"syc","Seychelles",2000,1494664985
"syc","Seychelles",2001,1484937324
"syc","Seychelles",2002,1487123802
"syc","Seychelles",2003,1444627170
"syc","Seychelles",2004,1434610421
"syc","Seychelles",2005,1579094242
"syc","Seychelles",2006,1708772026
"syc","Seychelles",2007,1888858895
"syc","Seychelles",2008,1814816152
"syc","Seychelles",2009,1794407306
"syc","Seychelles",2010,1858785500
"syc","Seychelles",2011,2072543920
"syc","Seychelles",2012,2094608891
"syc","Seychelles",2013,2198600918
"syc","Seychelles",2014,2281970893
"syc","Seychelles",2015,2360900906
"syc","Seychelles",2016,2453140908
"syc","Seychelles",2017,2546959251
"syc","Seychelles",2018,2632608220
"syc","Seychelles",2019,2716008816
"syc","Seychelles",2020,2799954824
"sle","Sierra Leone",2000,4166027209
"sle","Sierra Leone",2001,3901672210
"sle","Sierra Leone",2002,4932396396
"sle","Sierra Leone",2003,5391756242
"sle","Sierra Leone",2004,5747501156
"sle","Sierra Leone",2005,6006432480
"sle","Sierra Leone",2006,6260136717
"sle","Sierra Leone",2007,6764593174
"sle","Sierra Leone",2008,7129751035
"sle","Sierra Leone",2009,7357057120
"sle","Sierra Leone",2010,7750400862
"sle","Sierra Leone",2011,8239837087
"sle","Sierra Leone",2012,9490800088
"sle","Sierra Leone",2013,11456875363
"sle","Sierra Leone",2014,11978963184
"sle","Sierra Leone",2015,9511425193
"sle","Sierra Leone",2016,10087405119
"sle","Sierra Leone",2017,10512187083
"sle","Sierra Leone",2018,10904075443
"sle","Sierra Leone",2019,11441415823
"sle","Sierra Leone",2020,11961315403
"sgp","Singapore",2000,210938200238
"sgp","Singapore",2001,205563461444
"sgp","Singapore",2002,213085055453
"sgp","Singapore",2003,227426056463
"sgp","Singapore",2004,249516633890
"sgp","Singapore",2005,267198542698
"sgp","Singapore",2006,291328447944
"sgp","Singapore",2007,316853301066
"sgp","Singapore",2008,319225409003
"sgp","Singapore",2009,322506083342
"sgp","Singapore",2010,374888127103
"sgp","Singapore",2011,400217362150
"sgp","Singapore",2012,416094280935
"sgp","Singapore",2013,435858238574
"sgp","Singapore",2014,452910094165
"sgp","Singapore",2015,466058004673
"sgp","Singapore",2016,478886240274
"sgp","Singapore",2017,500939867321
"sgp","Singapore",2018,518701593131
"sgp","Singapore",2019,522855845347
"sgp","Singapore",2020,529304786504
"svk","Slovak Republic",2000,84255684090
"svk","Slovak Republic",2001,87222183090
"svk","Slovak Republic",2002,91202387467
"svk","Slovak Republic",2003,96202701852
"svk","Slovak Republic",2004,101273649730
"svk","Slovak Republic",2005,108091741380
"svk","Slovak Republic",2006,117216972821
"svk","Slovak Republic",2007,129838476879
"svk","Slovak Republic",2008,137047515542
"svk","Slovak Republic",2009,129486289424
"svk","Slovak Republic",2010,135967026683
"svk","Slovak Republic",2011,139739783951
"svk","Slovak Republic",2012,141970244580
"svk","Slovak Republic",2013,144113236189
"svk","Slovak Republic",2014,148126298866
"svk","Slovak Republic",2015,154357363284
"svk","Slovak Republic",2016,159163377401
"svk","Slovak Republic",2017,164161227894
"svk","Slovak Republic",2018,170822821090
"svk","Slovak Republic",2019,175142021256
"svk","Slovak Republic",2020,179700457212
"svn","Slovenia",2000,45167384400
"svn","Slovenia",2001,46420447880
"svn","Slovenia",2002,48136935377
"svn","Slovenia",2003,49489874809
"svn","Slovenia",2004,51672055550
"svn","Slovenia",2005,53775608366
"svn","Slovenia",2006,56847577325
"svn","Slovenia",2007,60747600390
"svn","Slovenia",2008,62993247342
"svn","Slovenia",2009,57864952444
"svn","Slovenia",2010,58599551217
"svn","Slovenia",2011,59086450523
"svn","Slovenia",2012,57571625775
"svn","Slovenia",2013,56988915008
"svn","Slovenia",2014,58736828779
"svn","Slovenia",2015,60153263460
"svn","Slovenia",2016,62043368261
"svn","Slovenia",2017,65097691375
"svn","Slovenia",2018,68033575663
"svn","Slovenia",2019,70000388180
"svn","Slovenia",2020,72005448075
"slb","Solomon Islands",2000,749610205
"slb","Solomon Islands",2001,689801849
"slb","Solomon Islands",2002,670482552
"slb","Solomon Islands",2003,714059053
"slb","Solomon Islands",2004,749054325
"slb","Solomon Islands",2005,789644787
"slb","Solomon Islands",2006,844512689
"slb","Solomon Islands",2007,906317799
"slb","Solomon Islands",2008,970732790
"slb","Solomon Islands",2009,924726879
"slb","Solomon Islands",2010,987690030
"slb","Solomon Islands",2011,1118024043
"slb","Solomon Islands",2012,1168956492
"slb","Solomon Islands",2013,1204216862
"slb","Solomon Islands",2014,1231325764
"slb","Solomon Islands",2015,1262660426
"slb","Solomon Islands",2016,1306275245
"slb","Solomon Islands",2017,1352424249
"slb","Solomon Islands",2018,1398224184
"slb","Solomon Islands",2019,1441542286
"slb","Solomon Islands",2020,1487867851
"som","Somalia",2000,5349966750
"som","Somalia",2001,5539591557
"som","Somalia",2002,5767310345
"som","Somalia",2003,5997216732
"som","Somalia",2004,6219974114
"som","Somalia",2005,6435263296
"som","Somalia",2006,6619800960
"som","Somalia",2007,6814275030
"som","Somalia",2008,7009270620
"som","Somalia",2009,7206379965
"som","Somalia",2010,7394946004
"som","Somalia",2011,7599051270
"som","Somalia",2012,7832739992
"som","Somalia",2013,8086437109
"som","Somalia",2014,8336037591
"som","Somalia",2015,8595658092
"som","Somalia",2016,8866021875
"som","Somalia",2017,9147406455
"som","Somalia",2018,9440173525
"som","Somalia",2019,9744473686
"som","Somalia",2020,10060407627
"zaf","South Africa",2000,436214544326
"zaf","South Africa",2001,447992243850
"zaf","South Africa",2002,464569690167
"zaf","South Africa",2003,478270289639
"zaf","South Africa",2004,500053287319
"zaf","South Africa",2005,526441314910
"zaf","South Africa",2006,555942147973
"zaf","South Africa",2007,585743315855
"zaf","South Africa",2008,604434584853
"zaf","South Africa",2009,595137852598
"zaf","South Africa",2010,613228452909
"zaf","South Africa",2011,633362839301
"zaf","South Africa",2012,647370054660
"zaf","South Africa",2013,663449314106
"zaf","South Africa",2014,675707350581
"zaf","South Africa",2015,684376055857
"zaf","South Africa",2016,688294037438
"zaf","South Africa",2017,697421318963
"zaf","South Africa",2018,701801950380
"zaf","South Africa",2019,705004339590
"zaf","South Africa",2020,710902881179
"ssd","South Sudan",2000,17365298675
"ssd","South Sudan",2001,18635320593
"ssd","South Sudan",2002,19932959567
"ssd","South Sudan",2003,21538107741
"ssd","South Sudan",2004,22920498256
"ssd","South Sudan",2005,25335718248
"ssd","South Sudan",2006,28521244223
"ssd","South Sudan",2007,32592621303
"ssd","South Sudan",2008,34431154253
"ssd","South Sudan",2009,36167074767
"ssd","South Sudan",2010,38153919056
"ssd","South Sudan",2011,36383414650
"ssd","South Sudan",2012,19617172913
"ssd","South Sudan",2013,22192839921
"ssd","South Sudan",2014,22941744173
"ssd","South Sudan",2015,20465915106
"ssd","South Sudan",2016,18177004461
"ssd","South Sudan",2017,20163110352
"ssd","South Sudan",2018,19452699178
"ssd","South Sudan",2019,20524364555
"ssd","South Sudan",2020,21798470763
"esp","Spain",2000,1223400499723
"esp","Spain",2001,1278860075102
"esp","Spain",2002,1316077192814
"esp","Spain",2003,1355224163380
"esp","Spain",2004,1397189768283
"esp","Spain",2005,1448316480420
"esp","Spain",2006,1507390619539
"esp","Spain",2007,1559563971118
"esp","Spain",2008,1573892389310
"esp","Spain",2009,1521070456308
"esp","Spain",2010,1525590784499
"esp","Spain",2011,1509910228863
"esp","Spain",2012,1464093525103
"esp","Spain",2013,1439778584868
"esp","Spain",2014,1459256389155
"esp","Spain",2015,1510185407631
"esp","Spain",2016,1555538491051
"esp","Spain",2017,1598566029551
"esp","Spain",2018,1636849271002
"esp","Spain",2019,1666601614189
"esp","Spain",2020,1690418322257
"lka","Sri Lanka",2000,104087834221
"lka","Sri Lanka",2001,102479208821
"lka","Sri Lanka",2002,106542160462
"lka","Sri Lanka",2003,112871081130
"lka","Sri Lanka",2004,119016986853
"lka","Sri Lanka",2005,126445727303
"lka","Sri Lanka",2006,136141989329
"lka","Sri Lanka",2007,145395286709
"lka","Sri Lanka",2008,154046434426
"lka","Sri Lanka",2009,159498002262
"lka","Sri Lanka",2010,172283318583
"lka","Sri Lanka",2011,186761669247
"lka","Sri Lanka",2012,204915804249
"lka","Sri Lanka",2013,211563054112
"lka","Sri Lanka",2014,221331176722
"lka","Sri Lanka",2015,231610672187
"lka","Sri Lanka",2016,240638141158
"lka","Sri Lanka",2017,247321395219
"lka","Sri Lanka",2018,253800434018
"lka","Sri Lanka",2019,258926697417
"lka","Sri Lanka",2020,266171663789
"sdn","Sudan",2000,63256987225
"sdn","Sudan",2001,67192369316
"sdn","Sudan",2002,71366970885
"sdn","Sudan",2003,76736135951
"sdn","Sudan",2004,79502525593
"sdn","Sudan",2005,85130582591
"sdn","Sudan",2006,93229459829
"sdn","Sudan",2007,103375153811
"sdn","Sudan",2008,110795585605
"sdn","Sudan",2009,113816386612
"sdn","Sudan",2010,117337083301
"sdn","Sudan",2011,128782127527
"sdn","Sudan",2012,147454278199
"sdn","Sudan",2013,153934497045
"sdn","Sudan",2014,158059023149
"sdn","Sudan",2015,165813452971
"sdn","Sudan",2016,173606663758
"sdn","Sudan",2017,181042401109
"sdn","Sudan",2018,186559852457
"sdn","Sudan",2019,192925167797
"sdn","Sudan",2020,199047930259
"sur","Suriname",2000,4615878434
"sur","Suriname",2001,4809745934
"sur","Suriname",2002,4944398965
"sur","Suriname",2003,5255929262
"sur","Suriname",2004,5702741564
"sur","Suriname",2005,5959317108
"sur","Suriname",2006,6304957915
"sur","Suriname",2007,6626483631
"sur","Suriname",2008,6901425789
"sur","Suriname",2009,7109706726
"sur","Suriname",2010,7476840744
"sur","Suriname",2011,7914233867
"sur","Suriname",2012,8127214866
"sur","Suriname",2013,8365652167
"sur","Suriname",2014,8387041168
"sur","Suriname",2015,8100776528
"sur","Suriname",2016,7650304737
"sur","Suriname",2017,7779508814
"sur","Suriname",2018,7934760598
"sur","Suriname",2019,8087958754
"sur","Suriname",2020,8266128128
"swz","Swaziland",2000,6198176624
"swz","Swaziland",2001,6263565325
"swz","Swaziland",2002,6537890065
"swz","Swaziland",2003,6791567645
"swz","Swaziland",2004,7037736374
"swz","Swaziland",2005,7459878230
"swz","Swaziland",2006,7906940163
"swz","Swaziland",2007,8257610826
"swz","Swaziland",2008,8325492408
"swz","Swaziland",2009,8455726289
"swz","Swaziland",2010,8776590292
"swz","Swaziland",2011,8973761619
"swz","Swaziland",2012,9397136745
"swz","Swaziland",2013,10000595616
"swz","Swaziland",2014,10193679912
"swz","Swaziland",2015,10233485376
"swz","Swaziland",2016,10563408851
"swz","Swaziland",2017,10761696856
"swz","Swaziland",2018,10829116107
"swz","Swaziland",2019,10975711499
"swz","Swaziland",2020,11029179519
"swe","Sweden",2000,327749039808
"swe","Sweden",2001,332617530650
"swe","Sweden",2002,339288224493
"swe","Sweden",2003,347196958915
"swe","Sweden",2004,362322598918
"swe","Sweden",2005,373021004206
"swe","Sweden",2006,390833158899
"swe","Sweden",2007,404112007680
"swe","Sweden",2008,401940542691
"swe","Sweden",2009,380959188467
"swe","Sweden",2010,403671630126
"swe","Sweden",2011,414722156947
"swe","Sweden",2012,413736539355
"swe","Sweden",2013,418598670344
"swe","Sweden",2014,428526962576
"swe","Sweden",2015,446243473665
"swe","Sweden",2016,455791766834
"swe","Sweden",2017,462372101991
"swe","Sweden",2018,470596901597
"swe","Sweden",2019,473825967127
"swe","Sweden",2020,479161825943
"che","Switzerland",2000,362731591835
"che","Switzerland",2001,366984208450
"che","Switzerland",2002,366904613912
"che","Switzerland",2003,366757983922
"che","Switzerland",2004,377209287111
"che","Switzerland",2005,389805849762
"che","Switzerland",2006,406697482264
"che","Switzerland",2007,424099844793
"che","Switzerland",2008,432639878555
"che","Switzerland",2009,422764867694
"che","Switzerland",2010,436241763882
"che","Switzerland",2011,444244890044
"che","Switzerland",2012,449646901161
"che","Switzerland",2013,458441305616
"che","Switzerland",2014,469531308818
"che","Switzerland",2015,475609964198
"che","Switzerland",2016,482766974015
"che","Switzerland",2017,490416299796
"che","Switzerland",2018,503175002867
"che","Switzerland",2019,507265465090
"che","Switzerland",2020,511361558766
"syr","Syria",2000,84236877651
"syr","Syria",2001,87420817770
"syr","Syria",2002,92632853016
"syr","Syria",2003,90872586652
"syr","Syria",2004,97375591074
"syr","Syria",2005,103814100412
"syr","Syria",2006,109609787007
"syr","Syria",2007,116466707763
"syr","Syria",2008,122248442892
"syr","Syria",2009,129843560379
"syr","Syria",2010,134306295267
"syr","Syria",2011,126048165906
"syr","Syria",2012,98699259769
"syr","Syria",2013,80741593784
"syr","Syria",2014,66161074096
"syr","Syria",2015,54874106139
"syr","Syria",2016,53986067597
"syr","Syria",2017,52996573900
"syr","Syria",2018,49140679800
"syr","Syria",2019,49503382800
"syr","Syria",2020,50979413841
"twn","Taiwan",2000,565879727808
"twn","Taiwan",2001,559129402350
"twn","Taiwan",2002,591353395211
"twn","Taiwan",2003,617777175675
"twn","Taiwan",2004,659930925731
"twn","Taiwan",2005,697360747647
"twn","Taiwan",2006,736959163494
"twn","Taiwan",2007,785738825162
"twn","Taiwan",2008,791716930548
"twn","Taiwan",2009,779408619828
"twn","Taiwan",2010,863806023668
"twn","Taiwan",2011,897359729400
"twn","Taiwan",2012,915361829886
"twn","Taiwan",2013,936184054122
"twn","Taiwan",2014,974259228672
"twn","Taiwan",2015,981592784964
"twn","Taiwan",2016,995861445165
"twn","Taiwan",2017,998923793924
"twn","Taiwan",2018,1026712626892
"twn","Taiwan",2019,1048909322055
"twn","Taiwan",2020,1070308165010
"tjk","Tajikistan",2000,7367713980
"tjk","Tajikistan",2001,8073614338
"tjk","Tajikistan",2002,8948619808
"tjk","Tajikistan",2003,9926584306
"tjk","Tajikistan",2004,10956006464
"tjk","Tajikistan",2005,11683947043
"tjk","Tajikistan",2006,12507496198
"tjk","Tajikistan",2007,13478079943
"tjk","Tajikistan",2008,14544265631
"tjk","Tajikistan",2009,15110458400
"tjk","Tajikistan",2010,16095771752
"tjk","Tajikistan",2011,17286948335
"tjk","Tajikistan",2012,18581093899
"tjk","Tajikistan",2013,19956134532
"tjk","Tajikistan",2014,21294339313
"tjk","Tajikistan",2015,22573754164
"tjk","Tajikistan",2016,24125254660
"tjk","Tajikistan",2017,25963012005
"tjk","Tajikistan",2018,27858336292
"tjk","Tajikistan",2019,29363131877
"tjk","Tajikistan",2020,30790362596
"tza","Tanzania",2000,52414521176
"tza","Tanzania",2001,55600240865
"tza","Tanzania",2002,59548106359
"tza","Tanzania",2003,63524929333
"tza","Tanzania",2004,68295296268
"tza","Tanzania",2005,73405120878
"tza","Tanzania",2006,78204206553
"tza","Tanzania",2007,83501872215
"tza","Tanzania",2008,88254776256
"tza","Tanzania",2009,92909905619
"tza","Tanzania",2010,98802408347
"tza","Tanzania",2011,106388720281
"tza","Tanzania",2012,111183132352
"tza","Tanzania",2013,118730147746
"tza","Tanzania",2014,126729968518
"tza","Tanzania",2015,134542522245
"tza","Tanzania",2016,143785155474
"tza","Tanzania",2017,153544681187
"tza","Tanzania",2018,164216914564
"tza","Tanzania",2019,172756183197
"tza","Tanzania",2020,182609891615
"tha","Thailand",2000,578525054045
"tha","Thailand",2001,598450839159
"tha","Thailand",2002,635248981502
"tha","Thailand",2003,680919073662
"tha","Thailand",2004,723744072316
"tha","Thailand",2005,754053232929
"tha","Thailand",2006,791514018456
"tha","Thailand",2007,834533449512
"tha","Thailand",2008,848934712876
"tha","Thailand",2009,843070825374
"tha","Thailand",2010,906415837884
"tha","Thailand",2011,914029268551
"tha","Thailand",2012,980230674937
"tha","Thailand",2013,1006573285075
"tha","Thailand",2014,1016482132902
"tha","Thailand",2015,1048337481913
"tha","Thailand",2016,1083524403912
"tha","Thailand",2017,1127125981826
"tha","Thailand",2018,1173667074030
"tha","Thailand",2019,1208644966555
"tha","Thailand",2020,1246220158571
"tls","Timor-Leste",2000,2887065353
"tls","Timor-Leste",2001,3152752785
"tls","Timor-Leste",2002,2936277878
"tls","Timor-Leste",2003,2901550557
"tls","Timor-Leste",2004,4760871794
"tls","Timor-Leste",2005,6469071906
"tls","Timor-Leste",2006,9165296945
"tls","Timor-Leste",2007,9647802348
"tls","Timor-Leste",2008,10605185658
"tls","Timor-Leste",2009,9964571274
"tls","Timor-Leste",2010,9847643742
"tls","Timor-Leste",2011,10976067547
"tls","Timor-Leste",2012,11527459174
"tls","Timor-Leste",2013,10249365127
"tls","Timor-Leste",2014,7594103493
"tls","Timor-Leste",2015,9160356129
"tls","Timor-Leste",2016,9225162920
"tls","Timor-Leste",2017,8380679140
"tls","Timor-Leste",2018,8616537211
"tls","Timor-Leste",2019,9122275971
"tls","Timor-Leste",2020,9236228630
"tgo","Togo",2000,6083930415
"tgo","Togo",2001,5984956521
"tgo","Togo",2002,5929771767
"tgo","Togo",2003,6223533788
"tgo","Togo",2004,6355431106
"tgo","Togo",2005,6430449790
"tgo","Togo",2006,6691035728
"tgo","Togo",2007,6844290784
"tgo","Togo",2008,7122318465
"tgo","Togo",2009,7516755840
"tgo","Togo",2010,7975209670
"tgo","Togo",2011,8485480921
"tgo","Togo",2012,9040734444
"tgo","Togo",2013,9593335150
"tgo","Togo",2014,10161317055
"tgo","Togo",2015,10744873995
"tgo","Togo",2016,11273339040
"tgo","Togo",2017,11774937350
"tgo","Togo",2018,12350040614
"tgo","Togo",2019,12971599105
"tgo","Togo",2020,13647693774
"ton","Tonga",2000,451297010
"ton","Tonga",2001,467580536
"ton","Tonga",2002,483595972
"ton","Tonga",2003,493797918
"ton","Tonga",2004,492033092
"ton","Tonga",2005,499852695
"ton","Tonga",2006,495817038
"ton","Tonga",2007,475106513
"ton","Tonga",2008,489875327
"ton","Tonga",2009,501106000
"ton","Tonga",2010,519014015
"ton","Tonga",2011,533474359
"ton","Tonga",2012,538239552
"ton","Tonga",2013,521448304
"ton","Tonga",2014,532229538
"ton","Tonga",2015,552006925
"ton","Tonga",2016,570723944
"ton","Tonga",2017,586098524
"ton","Tonga",2018,587845159
"ton","Tonga",2019,616906108
"ton","Tonga",2020,647778863
"tto","Trinidad and Tobago",2000,23234595912
"tto","Trinidad and Tobago",2001,24202925848
"tto","Trinidad and Tobago",2002,26123883165
"tto","Trinidad and Tobago",2003,29896617082
"tto","Trinidad and Tobago",2004,32273087697
"tto","Trinidad and Tobago",2005,34276984024
"tto","Trinidad and Tobago",2006,38804189695
"tto","Trinidad and Tobago",2007,40649272044
"tto","Trinidad and Tobago",2008,42028212440
"tto","Trinidad and Tobago",2009,40181989946
"tto","Trinidad and Tobago",2010,41517516861
"tto","Trinidad and Tobago",2011,41395463684
"tto","Trinidad and Tobago",2012,41930955959
"tto","Trinidad and Tobago",2013,42772440186
"tto","Trinidad and Tobago",2014,42357276831
"tto","Trinidad and Tobago",2015,43110624925
"tto","Trinidad and Tobago",2016,40304318212
"tto","Trinidad and Tobago",2017,39538222066
"tto","Trinidad and Tobago",2018,39814847824
"tto","Trinidad and Tobago",2019,39786753594
"tto","Trinidad and Tobago",2020,40332600103
"tun","Tunisia",2000,73461008797
"tun","Tunisia",2001,76249840719
"tun","Tunisia",2002,77258276976
"tun","Tunisia",2003,80891238043
"tun","Tunisia",2004,85935414276
"tun","Tunisia",2005,88931635994
"tun","Tunisia",2006,93595292217
"tun","Tunisia",2007,99875239477
"tun","Tunisia",2008,104107618960
"tun","Tunisia",2009,107276133031
"tun","Tunisia",2010,111042220314
"tun","Tunisia",2011,108913252298
"tun","Tunisia",2012,113267239445
"tun","Tunisia",2013,116524341326
"tun","Tunisia",2014,119986700512
"tun","Tunisia",2015,121420079353
"tun","Tunisia",2016,122952977023
"tun","Tunisia",2017,125196459201
"tun","Tunisia",2018,128333092390
"tun","Tunisia",2019,130348311573
"tun","Tunisia",2020,133567506192
"tur","Turkey",2000,876637774398
"tur","Turkey",2001,824369880024
"tur","Turkey",2002,877379025623
"tur","Turkey",2003,926584821764
"tur","Turkey",2004,1015947650998
"tur","Turkey",2005,1107482913555
"tur","Turkey",2006,1186221786712
"tur","Turkey",2007,1245894296171
"tur","Turkey",2008,1256425270217
"tur","Turkey",2009,1197317153179
"tur","Turkey",2010,1298937860007
"tur","Turkey",2011,1443283213876
"tur","Turkey",2012,1512388247939
"tur","Turkey",2013,1640785903327
"tur","Turkey",2014,1725571818822
"tur","Turkey",2015,1830650951665
"tur","Turkey",2016,1889081092231
"tur","Turkey",2017,2029859379050
"tur","Turkey",2018,2082099528559
"tur","Turkey",2019,2088952528669
"tur","Turkey",2020,2148444067860
"tkm","Turkmenistan",2000,24084902984
"tkm","Turkmenistan",2001,25131163859
"tkm","Turkmenistan",2002,25195845136
"tkm","Turkmenistan",2003,26019431042
"tkm","Turkmenistan",2004,27320426751
"tkm","Turkmenistan",2005,30881452499
"tkm","Turkmenistan",2006,34270161874
"tkm","Turkmenistan",2007,38060169957
"tkm","Turkmenistan",2008,43654988288
"tkm","Turkmenistan",2009,46317952143
"tkm","Turkmenistan",2010,50579193950
"tkm","Turkmenistan",2011,58014257319
"tkm","Turkmenistan",2012,64454025384
"tkm","Turkmenistan",2013,71028268375
"tkm","Turkmenistan",2014,78344108070
"tkm","Turkmenistan",2015,83436476109
"tkm","Turkmenistan",2016,88609585638
"tkm","Turkmenistan",2017,94369192632
"tkm","Turkmenistan",2018,100220014558
"tkm","Turkmenistan",2019,104572623634
"tkm","Turkmenistan",2020,111441361023
"tuv","Tuvalu",2000,28662821
"tuv","Tuvalu",2001,29118973
"tuv","Tuvalu",2002,31425405
"tuv","Tuvalu",2003,30381079
"tuv","Tuvalu",2004,29982511
"tuv","Tuvalu",2005,28834755
"tuv","Tuvalu",2006,29454528
"tuv","Tuvalu",2007,31325119
"tuv","Tuvalu",2008,33835785
"tuv","Tuvalu",2009,32298641
"tuv","Tuvalu",2010,31423380
"tuv","Tuvalu",2011,33791787
"tuv","Tuvalu",2012,32532166
"tuv","Tuvalu",2013,33980216
"tuv","Tuvalu",2014,34466809
"tuv","Tuvalu",2015,37614645
"tuv","Tuvalu",2016,38780314
"tuv","Tuvalu",2017,40325088
"tuv","Tuvalu",2018,41340619
"tuv","Tuvalu",2019,43415497
"tuv","Tuvalu",2020,45671704
"uga","Uganda",2000,25235902129
"uga","Uganda",2001,26544066899
"uga","Uganda",2002,28862074337
"uga","Uganda",2003,30730380268
"uga","Uganda",2004,32822278949
"uga","Uganda",2005,34900773535
"uga","Uganda",2006,38664725767
"uga","Uganda",2007,41917362932
"uga","Uganda",2008,45567843715
"uga","Uganda",2009,48667151708
"uga","Uganda",2010,51410806201
"uga","Uganda",2011,56238896558
"uga","Uganda",2012,58396504859
"uga","Uganda",2013,60490719644
"uga","Uganda",2014,63579792135
"uga","Uganda",2015,66879331878
"uga","Uganda",2016,70079790347
"uga","Uganda",2017,72791219394
"uga","Uganda",2018,77227226389
"uga","Uganda",2019,82804459362
"uga","Uganda",2020,87790427912
"ukr","Ukraine",2000,234294736216
"ukr","Ukraine",2001,256134709670
"ukr","Ukraine",2002,269900400203
"ukr","Ukraine",2003,295523024334
"ukr","Ukraine",2004,331269537463
"ukr","Ukraine",2005,341330096076
"ukr","Ukraine",2006,366981233670
"ukr","Ukraine",2007,395157011577
"ukr","Ukraine",2008,404636208103
"ukr","Ukraine",2009,345043076859
"ukr","Ukraine",2010,358300106008
"ukr","Ukraine",2011,377817536014
"ukr","Ukraine",2012,378274430280
"ukr","Ukraine",2013,377644345818
"ukr","Ukraine",2014,371875702780
"ukr","Ukraine",2015,335337309967
"ukr","Ukraine",2016,343314251083
"ukr","Ukraine",2017,351743856205
"ukr","Ukraine",2018,362838661590
"ukr","Ukraine",2019,373047631460
"ukr","Ukraine",2020,383544548521
"are","United Arab Emirates",2000,323806005037
"are","United Arab Emirates",2001,328336100804
"are","United Arab Emirates",2002,336324939076
"are","United Arab Emirates",2003,365924095531
"are","United Arab Emirates",2004,400930790084
"are","United Arab Emirates",2005,420395547873
"are","United Arab Emirates",2006,461751329906
"are","United Arab Emirates",2007,476456091558
"are","United Arab Emirates",2008,491663082968
"are","United Arab Emirates",2009,465885401825
"are","United Arab Emirates",2010,473353452227
"are","United Arab Emirates",2011,506157596810
"are","United Arab Emirates",2012,528856929019
"are","United Arab Emirates",2013,555581656207
"are","United Arab Emirates",2014,580020574848
"are","United Arab Emirates",2015,609396159660
"are","United Arab Emirates",2016,627607545144
"are","United Arab Emirates",2017,632568695518
"are","United Arab Emirates",2018,641575727352
"are","United Arab Emirates",2019,641434583327
"are","United Arab Emirates",2020,645898944375
"gbr","United Kingdom",2000,1953405115087
"gbr","United Kingdom",2001,2008003364456
"gbr","United Kingdom",2002,2056506051227
"gbr","United Kingdom",2003,2123693310534
"gbr","United Kingdom",2004,2172518875275
"gbr","United Kingdom",2005,2241025322375
"gbr","United Kingdom",2006,2301481694307
"gbr","United Kingdom",2007,2366163191938
"gbr","United Kingdom",2008,2365758011874
"gbr","United Kingdom",2009,2272952828781
"gbr","United Kingdom",2010,2316839924611
"gbr","United Kingdom",2011,2357307765057
"gbr","United Kingdom",2012,2393521650487
"gbr","United Kingdom",2013,2443449573937
"gbr","United Kingdom",2014,2513459695469
"gbr","United Kingdom",2015,2569185624796
"gbr","United Kingdom",2016,2613809428820
"gbr","United Kingdom",2017,2659913186100
"gbr","United Kingdom",2018,2696274311919
"gbr","United Kingdom",2019,2727651779093
"gbr","United Kingdom",2020,2765706791499
"usa","United States",2000,12863277730510
"usa","United States",2001,12996036192830
"usa","United States",2002,13223236619586
"usa","United States",2003,13604233484143
"usa","United States",2004,14113534235604
"usa","United States",2005,14605992014206
"usa","United States",2006,15018309586592
"usa","United States",2007,15300286823479
"usa","United States",2008,15280434811711
"usa","United States",2009,14900071477939
"usa","United States",2010,15289655319236
"usa","United States",2011,15542782731547
"usa","United States",2012,15900809247327
"usa","United States",2013,16202521165747
"usa","United States",2014,16596764388188
"usa","United States",2015,17066738763555
"usa","United States",2016,17323915391664
"usa","United States",2017,17707625753356
"usa","United States",2018,18213062484329
"usa","United States",2019,18643947705723
"usa","United States",2020,19042613653340
"ury","Uruguay",2000,42760222330
"ury","Uruguay",2001,41116463852
"ury","Uruguay",2002,37937427155
"ury","Uruguay",2003,38242781623
"ury","Uruguay",2004,40156717217
"ury","Uruguay",2005,43152279489
"ury","Uruguay",2006,44920990157
"ury","Uruguay",2007,47859530275
"ury","Uruguay",2008,51293937821
"ury","Uruguay",2009,53470593086
"ury","Uruguay",2010,57643088198
"ury","Uruguay",2011,60618593233
"ury","Uruguay",2012,62763555007
"ury","Uruguay",2013,65674161560
"ury","Uruguay",2014,67801370242
"ury","Uruguay",2015,68052717616
"ury","Uruguay",2016,69202731531
"ury","Uruguay",2017,70995842890
"ury","Uruguay",2018,72145867665
"ury","Uruguay",2019,72436053587
"ury","Uruguay",2020,74098584763
"uzb","Uzbekistan",2000,62408464789
"uzb","Uzbekistan",2001,65066721883
"uzb","Uzbekistan",2002,67687772929
"uzb","Uzbekistan",2003,70608489308
"uzb","Uzbekistan",2004,75954619254
"uzb","Uzbekistan",2005,81372105922
"uzb","Uzbekistan",2006,87604881457
"uzb","Uzbekistan",2007,95961426640
"uzb","Uzbekistan",2008,104557894760
"uzb","Uzbekistan",2009,112848606144
"uzb","Uzbekistan",2010,120919833460
"uzb","Uzbekistan",2011,129527143927
"uzb","Uzbekistan",2012,140325526715
"uzb","Uzbekistan",2013,151687611908
"uzb","Uzbekistan",2014,162495329631
"uzb","Uzbekistan",2015,174417116853
"uzb","Uzbekistan",2016,184868363980
"uzb","Uzbekistan",2017,193021176935
"uzb","Uzbekistan",2018,202661608273
"uzb","Uzbekistan",2019,214137938164
"uzb","Uzbekistan",2020,227160895674
"vut","Vanuatu",2000,522394917
"vut","Vanuatu",2001,504166290
"vut","Vanuatu",2002,478439803
"vut","Vanuatu",2003,498965783
"vut","Vanuatu",2004,518835571
"vut","Vanuatu",2005,546359361
"vut","Vanuatu",2006,592634435
"vut","Vanuatu",2007,623245570
"vut","Vanuatu",2008,663448067
"vut","Vanuatu",2009,685430150
"vut","Vanuatu",2010,696620188
"vut","Vanuatu",2011,705141028
"vut","Vanuatu",2012,717516960
"vut","Vanuatu",2013,731634024
"vut","Vanuatu",2014,748682624
"vut","Vanuatu",2015,742679493
"vut","Vanuatu",2016,772385536
"vut","Vanuatu",2017,807128642
"vut","Vanuatu",2018,832974621
"vut","Vanuatu",2019,865999345
"vut","Vanuatu",2020,893922845
"ven","Venezuela",2000,352952038749
"ven","Venezuela",2001,364932004231
"ven","Venezuela",2002,332614913103
"ven","Venezuela",2003,306819640806
"ven","Venezuela",2004,362926541765
"ven","Venezuela",2005,400372959223
"ven","Venezuela",2006,439898342499
"ven","Venezuela",2007,478405103835
"ven","Venezuela",2008,503654702573
"ven","Venezuela",2009,487526260245
"ven","Venezuela",2010,480268028578
"ven","Venezuela",2011,500317438764
"ven","Venezuela",2012,528444963023
"ven","Venezuela",2013,535526656261
"ven","Venezuela",2014,514677794303
"ven","Venezuela",2015,468716338819
"ven","Venezuela",2016,454306158531
"ven","Venezuela",2017,426512374880
"ven","Venezuela",2018,360163367283
"ven","Venezuela",2019,277296708757
"ven","Venezuela",2020,257445586959
"vnm","Vietnam",2000,205700026422
"vnm","Vietnam",2001,218438815039
"vnm","Vietnam",2002,232245935781
"vnm","Vietnam",2003,248268715293
"vnm","Vietnam",2004,266979278133
"vnm","Vietnam",2005,287128875973
"vnm","Vietnam",2006,307164613676
"vnm","Vietnam",2007,329063897580
"vnm","Vietnam",2008,347694799148
"vnm","Vietnam",2009,366462953011
"vnm","Vietnam",2010,390001768150
"vnm","Vietnam",2011,414338215155
"vnm","Vietnam",2012,436078206871
"vnm","Vietnam",2013,459720276218
"vnm","Vietnam",2014,487229111171
"vnm","Vietnam",2015,519776806380
"vnm","Vietnam",2016,552069216597
"vnm","Vietnam",2017,589691693417
"vnm","Vietnam",2018,631427096617
"vnm","Vietnam",2019,672382190013
"vnm","Vietnam",2020,715753394944
"pse","Palestine",2000,11891248129
"pse","Palestine",2001,10792102918
"pse","Palestine",2002,9401383688
"pse","Palestine",2003,10639386614
"pse","Palestine",2004,11654608543
"pse","Palestine",2005,12848208051
"pse","Palestine",2006,12319672655
"pse","Palestine",2007,13128983937
"pse","Palestine",2008,13910701751
"pse","Palestine",2009,15103175440
"pse","Palestine",2010,16301552260
"pse","Palestine",2011,18282456681
"pse","Palestine",2012,19377660155
"pse","Palestine",2013,19756662034
"pse","Palestine",2014,19686639804
"pse","Palestine",2015,20352288088
"pse","Palestine",2016,21327139669
"pse","Palestine",2017,22082815992
"pse","Palestine",2018,22696773741
"pse","Palestine",2019,23266778903
"pse","Palestine",2020,23888873455
"yem","Yemen",2000,69601007056
"yem","Yemen",2001,72248370909
"yem","Yemen",2002,75091499827
"yem","Yemen",2003,77905510999
"yem","Yemen",2004,81000447874
"yem","Yemen",2005,85529827389
"yem","Yemen",2006,88241450853
"yem","Yemen",2007,91187315017
"yem","Yemen",2008,94513453072
"yem","Yemen",2009,98167564078
"yem","Yemen",2010,105728707928
"yem","Yemen",2011,92285407959
"yem","Yemen",2012,94493788952
"yem","Yemen",2013,99051734790
"yem","Yemen",2014,98864833533
"yem","Yemen",2015,82375664283
"yem","Yemen",2016,71154918891
"yem","Yemen",2017,66926642223
"yem","Yemen",2018,67158026888
"yem","Yemen",2019,68328504560
"yem","Yemen",2020,69464791855
"zmb","Zambia",2000,22146976264
"zmb","Zambia",2001,23324515023
"zmb","Zambia",2002,24375525212
"zmb","Zambia",2003,26068377893
"zmb","Zambia",2004,27901614247
"zmb","Zambia",2005,29920458189
"zmb","Zambia",2006,32285298559
"zmb","Zambia",2007,34981896043
"zmb","Zambia",2008,37701355130
"zmb","Zambia",2009,41177557569
"zmb","Zambia",2010,45418103578
"zmb","Zambia",2011,47945464062
"zmb","Zambia",2012,51588250995
"zmb","Zambia",2013,54198364273
"zmb","Zambia",2014,56743394073
"zmb","Zambia",2015,58400115126
"zmb","Zambia",2016,60594062172
"zmb","Zambia",2017,62656105092
"zmb","Zambia",2018,64864620091
"zmb","Zambia",2019,66080388742
"zmb","Zambia",2020,67113069256
"zwe","Zimbabwe",2000,35002765317
"zwe","Zimbabwe",2001,35506631747
"zwe","Zimbabwe",2002,32348693350
"zwe","Zimbabwe",2003,26850990810
"zwe","Zimbabwe",2004,25291617750
"zwe","Zimbabwe",2005,23847190331
"zwe","Zimbabwe",2006,23021734266
"zwe","Zimbabwe",2007,22180662322
"zwe","Zimbabwe",2008,18261581891
"zwe","Zimbabwe",2009,20456530528
"zwe","Zimbabwe",2010,24481436471
"zwe","Zimbabwe",2011,27956314422
"zwe","Zimbabwe",2012,32615381146
"zwe","Zimbabwe",2013,33264270955
"zwe","Zimbabwe",2014,34054955736
"zwe","Zimbabwe",2015,34661049233
"zwe","Zimbabwe",2016,34922879149
"zwe","Zimbabwe",2017,36565424263
"zwe","Zimbabwe",2018,37844743959
"zwe","Zimbabwe",2019,35038939800
"zwe","Zimbabwe",2020,35844282181
