"geo","name","year","population"
"afg","Afghanistan",2000,20779957
"afg","Afghanistan",2001,21606992
"afg","Afghanistan",2002,22600774
"afg","Afghanistan",2003,23680871
"afg","Afghanistan",2004,24726689
"afg","Afghanistan",2005,25654274
"afg","Afghanistan",2006,26433058
"afg","Afghanistan",2007,27100542
"afg","Afghanistan",2008,27722281
"afg","Afghanistan",2009,28394806
"afg","Afghanistan",2010,29185511
"afg","Afghanistan",2011,30117411
"afg","Afghanistan",2012,31161378
"afg","Afghanistan",2013,32269592
"afg","Afghanistan",2014,33370804
"afg","Afghanistan",2015,34413603
"afg","Afghanistan",2016,35383028
"afg","Afghanistan",2017,36296111
"afg","Afghanistan",2018,37171922
"afg","Afghanistan",2019,38041757
"afg","Afghanistan",2020,38928341
"alb","Albania",2000,3129246
"alb","Albania",2001,3129701
"alb","Albania",2002,3126183
"alb","Albania",2003,3118017
"alb","Albania",2004,3104893
"alb","Albania",2005,3086810
"alb","Albania",2006,3063021
"alb","Albania",2007,3033993
"alb","Albania",2008,3002683
"alb","Albania",2009,2973044
"alb","Albania",2010,2948029
"alb","Albania",2011,2928601
"alb","Albania",2012,2914091
"alb","Albania",2013,2903788
"alb","Albania",2014,2896307
"alb","Albania",2015,2890524
"alb","Albania",2016,2886427
"alb","Albania",2017,2884169
"alb","Albania",2018,2882735
"alb","Albania",2019,2880913
"alb","Albania",2020,2877800
"dza","Algeria",2000,31042238
"dza","Algeria",2001,31451513
"dza","Algeria",2002,31855110
"dza","Algeria",2003,32264159
"dza","Algeria",2004,32692153
"dza","Algeria",2005,33149720
"dza","Algeria",2006,33641007
"dza","Algeria",2007,34166976
"dza","Algeria",2008,34730604
"dza","Algeria",2009,35333882
"dza","Algeria",2010,35977451
"dza","Algeria",2011,36661438
"dza","Algeria",2012,37383899
"dza","Algeria",2013,38140135
"dza","Algeria",2014,38923688
"dza","Algeria",2015,39728020
"dza","Algeria",2016,40551398
"dza","Algeria",2017,41389174
"dza","Algeria",2018,42228415
"dza","Algeria",2019,43053054
"dza","Algeria",2020,43851043
"and","Andorra",2000,65390
"and","Andorra",2001,67344
"and","Andorra",2002,70048
"and","Andorra",2003,73180
"and","Andorra",2004,76250
"and","Andorra",2005,78871
"and","Andorra",2006,80995
"and","Andorra",2007,82682
"and","Andorra",2008,83860
"and","Andorra",2009,84461
"and","Andorra",2010,84454
"and","Andorra",2011,83748
"and","Andorra",2012,82427
"and","Andorra",2013,80770
"and","Andorra",2014,79213
"and","Andorra",2015,77993
"and","Andorra",2016,77295
"and","Andorra",2017,76997
"and","Andorra",2018,77008
"and","Andorra",2019,77146
"and","Andorra",2020,77265
"ago","Angola",2000,16395477
"ago","Angola",2001,16945753
"ago","Angola",2002,17519418
"ago","Angola",2003,18121477
"ago","Angola",2004,18758138
"ago","Angola",2005,19433604
"ago","Angola",2006,20149905
"ago","Angola",2007,20905360
"ago","Angola",2008,21695636
"ago","Angola",2009,22514275
"ago","Angola",2010,23356247
"ago","Angola",2011,24220660
"ago","Angola",2012,25107925
"ago","Angola",2013,26015786
"ago","Angola",2014,26941773
"ago","Angola",2015,27884380
"ago","Angola",2016,28842482
"ago","Angola",2017,29816769
"ago","Angola",2018,30809787
"ago","Angola",2019,31825299
"ago","Angola",2020,32866268
"atg","Antigua and Barbuda",2000,76007
"atg","Antigua and Barbuda",2001,77212
"atg","Antigua and Barbuda",2002,78298
"atg","Antigua and Barbuda",2003,79311
"atg","Antigua and Barbuda",2004,80347
"atg","Antigua and Barbuda",2005,81462
"atg","Antigua and Barbuda",2006,82715
"atg","Antigua and Barbuda",2007,84029
"atg","Antigua and Barbuda",2008,85394
"atg","Antigua and Barbuda",2009,86743
"atg","Antigua and Barbuda",2010,88030
"atg","Antigua and Barbuda",2011,89250
"atg","Antigua and Barbuda",2012,90407
"atg","Antigua and Barbuda",2013,91510
"atg","Antigua and Barbuda",2014,92562
"atg","Antigua and Barbuda",2015,93571
"atg","Antigua and Barbuda",2016,94520
"atg","Antigua and Barbuda",2017,95425
"atg","Antigua and Barbuda",2018,96282
"atg","Antigua and Barbuda",2019,97115
"atg","Antigua and Barbuda",2020,97928
"arg","Argentina",2000,36870796
"arg","Argentina",2001,37275644
"arg","Argentina",2002,37681743
"arg","Argentina",2003,38087866
"arg","Argentina",2004,38491970
"arg","Argentina",2005,38892924
"arg","Argentina",2006,39289876
"arg","Argentina",2007,39684303
"arg","Argentina",2008,40080159
"arg","Argentina",2009,40482786
"arg","Argentina",2010,40895751
"arg","Argentina",2011,41320497
"arg","Argentina",2012,41755188
"arg","Argentina",2013,42196034
"arg","Argentina",2014,42637508
"arg","Argentina",2015,43075416
"arg","Argentina",2016,43508459
"arg","Argentina",2017,43937143
"arg","Argentina",2018,44361150
"arg","Argentina",2019,44780675
"arg","Argentina",2020,45195777
"arm","Armenia",2000,3069597
"arm","Armenia",2001,3050686
"arm","Armenia",2002,3033976
"arm","Armenia",2003,3017938
"arm","Armenia",2004,3000715
"arm","Armenia",2005,2981262
"arm","Armenia",2006,2958301
"arm","Armenia",2007,2932615
"arm","Armenia",2008,2907615
"arm","Armenia",2009,2888094
"arm","Armenia",2010,2877314
"arm","Armenia",2011,2876536
"arm","Armenia",2012,2884239
"arm","Armenia",2013,2897593
"arm","Armenia",2014,2912403
"arm","Armenia",2015,2925559
"arm","Armenia",2016,2936147
"arm","Armenia",2017,2944789
"arm","Armenia",2018,2951741
"arm","Armenia",2019,2957728
"arm","Armenia",2020,2963234
"aus","Australia",2000,18991434
"aus","Australia",2001,19194676
"aus","Australia",2002,19401366
"aus","Australia",2003,19624163
"aus","Australia",2004,19879654
"aus","Australia",2005,20178543
"aus","Australia",2006,20526300
"aus","Australia",2007,20916339
"aus","Australia",2008,21332293
"aus","Australia",2009,21750852
"aus","Australia",2010,22154687
"aus","Australia",2011,22538002
"aus","Australia",2012,22903951
"aus","Australia",2013,23254912
"aus","Australia",2014,23596426
"aus","Australia",2015,23932499
"aus","Australia",2016,24262710
"aus","Australia",2017,24584619
"aus","Australia",2018,24898153
"aus","Australia",2019,25203200
"aus","Australia",2020,25499881
"aut","Austria",2000,8069276
"aut","Austria",2001,8097755
"aut","Austria",2002,8134403
"aut","Austria",2003,8175855
"aut","Austria",2004,8216810
"aut","Austria",2005,8253656
"aut","Austria",2006,8285345
"aut","Austria",2007,8313731
"aut","Austria",2008,8341525
"aut","Austria",2009,8372658
"aut","Austria",2010,8409945
"aut","Austria",2011,8453501
"aut","Austria",2012,8502230
"aut","Austria",2013,8556191
"aut","Austria",2014,8615205
"aut","Austria",2015,8678667
"aut","Austria",2016,8747306
"aut","Austria",2017,8819902
"aut","Austria",2018,8891383
"aut","Austria",2019,8955108
"aut","Austria",2020,9006400
"aze","Azerbaijan",2000,8122743
"aze","Azerbaijan",2001,8197295
"aze","Azerbaijan",2002,8277065
"aze","Azerbaijan",2003,8361433
"aze","Azerbaijan",2004,8448938
"aze","Azerbaijan",2005,8538610
"aze","Azerbaijan",2006,8630153
"aze","Azerbaijan",2007,8724237
"aze","Azerbaijan",2008,8821869
"aze","Azerbaijan",2009,8924383
"aze","Azerbaijan",2010,9032465
"aze","Azerbaijan",2011,9146277
"aze","Azerbaijan",2012,9264684
"aze","Azerbaijan",2013,9385467
"aze","Azerbaijan",2014,9505616
"aze","Azerbaijan",2015,9622741
"aze","Azerbaijan",2016,9736041
"aze","Azerbaijan",2017,9845316
"aze","Azerbaijan",2018,9949537
"aze","Azerbaijan",2019,10047719
"aze","Azerbaijan",2020,10139175
"bhs","Bahamas",2000,298045
"bhs","Bahamas",2001,302618
"bhs","Bahamas",2002,307657
"bhs","Bahamas",2003,313123
"bhs","Bahamas",2004,318893
"bhs","Bahamas",2005,324848
"bhs","Bahamas",2006,331032
"bhs","Bahamas",2007,337387
"bhs","Bahamas",2008,343680
"bhs","Bahamas",2009,349600
"bhs","Bahamas",2010,354936
"bhs","Bahamas",2011,359583
"bhs","Bahamas",2012,363581
"bhs","Bahamas",2013,367162
"bhs","Bahamas",2014,370625
"bhs","Bahamas",2015,374200
"bhs","Bahamas",2016,377923
"bhs","Bahamas",2017,381749
"bhs","Bahamas",2018,385635
"bhs","Bahamas",2019,389486
"bhs","Bahamas",2020,393248
"bhr","Bahrain",2000,664610
"bhr","Bahrain",2001,697550
"bhr","Bahrain",2002,735140
"bhr","Bahrain",2003,778708
"bhr","Bahrain",2004,829846
"bhr","Bahrain",2005,889157
"bhr","Bahrain",2006,958423
"bhr","Bahrain",2007,1035924
"bhr","Bahrain",2008,1114645
"bhr","Bahrain",2009,1185075
"bhr","Bahrain",2010,1240864
"bhr","Bahrain",2011,1278153
"bhr","Bahrain",2012,1299942
"bhr","Bahrain",2013,1315029
"bhr","Bahrain",2014,1336073
"bhr","Bahrain",2015,1371853
"bhr","Bahrain",2016,1425793
"bhr","Bahrain",2017,1494077
"bhr","Bahrain",2018,1569440
"bhr","Bahrain",2019,1641164
"bhr","Bahrain",2020,1701583
"bgd","Bangladesh",2000,127657862
"bgd","Bangladesh",2001,130088709
"bgd","Bangladesh",2002,132478077
"bgd","Bangladesh",2003,134791598
"bgd","Bangladesh",2004,136986429
"bgd","Bangladesh",2005,139035505
"bgd","Bangladesh",2006,140921154
"bgd","Bangladesh",2007,142660381
"bgd","Bangladesh",2008,144304164
"bgd","Bangladesh",2009,145924795
"bgd","Bangladesh",2010,147575433
"bgd","Bangladesh",2011,149273134
"bgd","Bangladesh",2012,151005733
"bgd","Bangladesh",2013,152761413
"bgd","Bangladesh",2014,154517385
"bgd","Bangladesh",2015,156256287
"bgd","Bangladesh",2016,157977151
"bgd","Bangladesh",2017,159685421
"bgd","Bangladesh",2018,161376713
"bgd","Bangladesh",2019,163046173
"bgd","Bangladesh",2020,164689383
"brb","Barbados",2000,271511
"brb","Barbados",2001,272494
"brb","Barbados",2002,273423
"brb","Barbados",2003,274331
"brb","Barbados",2004,275283
"brb","Barbados",2005,276320
"brb","Barbados",2006,277475
"brb","Barbados",2007,278701
"brb","Barbados",2008,279946
"brb","Barbados",2009,281107
"brb","Barbados",2010,282131
"brb","Barbados",2011,282987
"brb","Barbados",2012,283698
"brb","Barbados",2013,284294
"brb","Barbados",2014,284825
"brb","Barbados",2015,285327
"brb","Barbados",2016,285798
"brb","Barbados",2017,286229
"brb","Barbados",2018,286640
"brb","Barbados",2019,287021
"brb","Barbados",2020,287371
"blr","Belarus",2000,9871635
"blr","Belarus",2001,9811399
"blr","Belarus",2002,9745932
"blr","Belarus",2003,9679235
"blr","Belarus",2004,9616628
"blr","Belarus",2005,9562083
"blr","Belarus",2006,9516884
"blr","Belarus",2007,9480514
"blr","Belarus",2008,9452855
"blr","Belarus",2009,9433159
"blr","Belarus",2010,9420576
"blr","Belarus",2011,9415316
"blr","Belarus",2012,9417045
"blr","Belarus",2013,9423502
"blr","Belarus",2014,9431742
"blr","Belarus",2015,9439424
"blr","Belarus",2016,9445638
"blr","Belarus",2017,9450233
"blr","Belarus",2018,9452615
"blr","Belarus",2019,9452409
"blr","Belarus",2020,9449321
"bel","Belgium",2000,10282046
"bel","Belgium",2001,10319026
"bel","Belgium",2002,10364879
"bel","Belgium",2003,10419029
"bel","Belgium",2004,10480118
"bel","Belgium",2005,10546885
"bel","Belgium",2006,10619484
"bel","Belgium",2007,10697576
"bel","Belgium",2008,10778764
"bel","Belgium",2009,10859934
"bel","Belgium",2010,10938735
"bel","Belgium",2011,11013860
"bel","Belgium",2012,11085355
"bel","Belgium",2013,11154008
"bel","Belgium",2014,11221225
"bel","Belgium",2015,11287931
"bel","Belgium",2016,11354407
"bel","Belgium",2017,11419752
"bel","Belgium",2018,11482180
"bel","Belgium",2019,11539326
"bel","Belgium",2020,11589616
"blz","Belize",2000,247310
"blz","Belize",2001,255068
"blz","Belize",2002,262387
"blz","Belize",2003,269428
"blz","Belize",2004,276516
"blz","Belize",2005,283798
"blz","Belize",2006,291338
"blz","Belize",2007,299031
"blz","Belize",2008,306822
"blz","Belize",2009,314655
"blz","Belize",2010,322465
"blz","Belize",2011,330236
"blz","Belize",2012,338001
"blz","Belize",2013,345707
"blz","Belize",2014,353366
"blz","Belize",2015,360926
"blz","Belize",2016,368399
"blz","Belize",2017,375775
"blz","Belize",2018,383071
"blz","Belize",2019,390351
"blz","Belize",2020,397621
"ben","Benin",2000,6865946
"ben","Benin",2001,7076728
"ben","Benin",2002,7295400
"ben","Benin",2003,7520556
"ben","Benin",2004,7750003
"ben","Benin",2005,7982223
"ben","Benin",2006,8216893
"ben","Benin",2007,8454790
"ben","Benin",2008,8696915
"ben","Benin",2009,8944713
"ben","Benin",2010,9199254
"ben","Benin",2011,9460829
"ben","Benin",2012,9729254
"ben","Benin",2013,10004594
"ben","Benin",2014,10286839
"ben","Benin",2015,10575962
"ben","Benin",2016,10872072
"ben","Benin",2017,11175192
"ben","Benin",2018,11485035
"ben","Benin",2019,11801151
"ben","Benin",2020,12123198
"btn","Bhutan",2000,591014
"btn","Bhutan",2001,603643
"btn","Bhutan",2002,616025
"btn","Bhutan",2003,627840
"btn","Bhutan",2004,638809
"btn","Bhutan",2005,648744
"btn","Bhutan",2006,657404
"btn","Bhutan",2007,664873
"btn","Bhutan",2008,671611
"btn","Bhutan",2009,678329
"btn","Bhutan",2010,685502
"btn","Bhutan",2011,693297
"btn","Bhutan",2012,701582
"btn","Bhutan",2013,710235
"btn","Bhutan",2014,719053
"btn","Bhutan",2015,727885
"btn","Bhutan",2016,736706
"btn","Bhutan",2017,745563
"btn","Bhutan",2018,754396
"btn","Bhutan",2019,763094
"btn","Bhutan",2020,771612
"bol","Bolivia",2000,8418270
"bol","Bolivia",2001,8580244
"bol","Bolivia",2002,8742822
"bol","Bolivia",2003,8905820
"bol","Bolivia",2004,9069044
"bol","Bolivia",2005,9232301
"bol","Bolivia",2006,9395449
"bol","Bolivia",2007,9558438
"bol","Bolivia",2008,9721457
"bol","Bolivia",2009,9884790
"bol","Bolivia",2010,10048597
"bol","Bolivia",2011,10212951
"bol","Bolivia",2012,10377677
"bol","Bolivia",2013,10542375
"bol","Bolivia",2014,10706517
"bol","Bolivia",2015,10869732
"bol","Bolivia",2016,11031822
"bol","Bolivia",2017,11192853
"bol","Bolivia",2018,11353140
"bol","Bolivia",2019,11513102
"bol","Bolivia",2020,11673029
"bih","Bosnia and Herzegovina",2000,3751176
"bih","Bosnia and Herzegovina",2001,3755514
"bih","Bosnia and Herzegovina",2002,3759389
"bih","Bosnia and Herzegovina",2003,3762179
"bih","Bosnia and Herzegovina",2004,3764194
"bih","Bosnia and Herzegovina",2005,3765332
"bih","Bosnia and Herzegovina",2006,3765422
"bih","Bosnia and Herzegovina",2007,3762791
"bih","Bosnia and Herzegovina",2008,3754261
"bih","Bosnia and Herzegovina",2009,3735945
"bih","Bosnia and Herzegovina",2010,3705478
"bih","Bosnia and Herzegovina",2011,3661173
"bih","Bosnia and Herzegovina",2012,3604972
"bih","Bosnia and Herzegovina",2013,3542598
"bih","Bosnia and Herzegovina",2014,3482106
"bih","Bosnia and Herzegovina",2015,3429362
"bih","Bosnia and Herzegovina",2016,3386263
"bih","Bosnia and Herzegovina",2017,3351534
"bih","Bosnia and Herzegovina",2018,3323929
"bih","Bosnia and Herzegovina",2019,3300998
"bih","Bosnia and Herzegovina",2020,3280815
"bwa","Botswana",2000,1643333
"bwa","Botswana",2001,1674674
"bwa","Botswana",2002,1704637
"bwa","Botswana",2003,1734387
"bwa","Botswana",2004,1765533
"bwa","Botswana",2005,1799077
"bwa","Botswana",2006,1835911
"bwa","Botswana",2007,1875458
"bwa","Botswana",2008,1915636
"bwa","Botswana",2009,1953495
"bwa","Botswana",2010,1987106
"bwa","Botswana",2011,2015406
"bwa","Botswana",2012,2039551
"bwa","Botswana",2013,2062551
"bwa","Botswana",2014,2088619
"bwa","Botswana",2015,2120716
"bwa","Botswana",2016,2159925
"bwa","Botswana",2017,2205076
"bwa","Botswana",2018,2254067
"bwa","Botswana",2019,2303703
"bwa","Botswana",2020,2351625
"bra","Brazil",2000,174790339
"bra","Brazil",2001,177196051
"bra","Brazil",2002,179537523
"bra","Brazil",2003,181809244
"bra","Brazil",2004,184006479
"bra","Brazil",2005,186127108
"bra","Brazil",2006,188167353
"bra","Brazil",2007,190130445
"bra","Brazil",2008,192030362
"bra","Brazil",2009,193886505
"bra","Brazil",2010,195713637
"bra","Brazil",2011,197514541
"bra","Brazil",2012,199287292
"bra","Brazil",2013,201035904
"bra","Brazil",2014,202763744
"bra","Brazil",2015,204471759
"bra","Brazil",2016,206163056
"bra","Brazil",2017,207833825
"bra","Brazil",2018,209469320
"bra","Brazil",2019,211049519
"bra","Brazil",2020,212559409
"brn","Brunei",2000,333166
"brn","Brunei",2001,340037
"brn","Brunei",2002,346777
"brn","Brunei",2003,353295
"brn","Brunei",2004,359434
"brn","Brunei",2005,365112
"brn","Brunei",2006,370262
"brn","Brunei",2007,374967
"brn","Brunei",2008,379418
"brn","Brunei",2009,383902
"brn","Brunei",2010,388634
"brn","Brunei",2011,393687
"brn","Brunei",2012,398997
"brn","Brunei",2013,404414
"brn","Brunei",2014,409778
"brn","Brunei",2015,414914
"brn","Brunei",2016,419791
"brn","Brunei",2017,424481
"brn","Brunei",2018,428960
"brn","Brunei",2019,433296
"brn","Brunei",2020,437483
"bgr","Bulgaria",2000,7997951
"bgr","Bulgaria",2001,7930700
"bgr","Bulgaria",2002,7866242
"bgr","Bulgaria",2003,7804306
"bgr","Bulgaria",2004,7744630
"bgr","Bulgaria",2005,7686964
"bgr","Bulgaria",2006,7631020
"bgr","Bulgaria",2007,7576675
"bgr","Bulgaria",2008,7524084
"bgr","Bulgaria",2009,7473509
"bgr","Bulgaria",2010,7425011
"bgr","Bulgaria",2011,7378652
"bgr","Bulgaria",2012,7334007
"bgr","Bulgaria",2013,7290092
"bgr","Bulgaria",2014,7245648
"bgr","Bulgaria",2015,7199739
"bgr","Bulgaria",2016,7151948
"bgr","Bulgaria",2017,7102452
"bgr","Bulgaria",2018,7051610
"bgr","Bulgaria",2019,7000117
"bgr","Bulgaria",2020,6948445
"bfa","Burkina Faso",2000,11607951
"bfa","Burkina Faso",2001,11944589
"bfa","Burkina Faso",2002,12293097
"bfa","Burkina Faso",2003,12654624
"bfa","Burkina Faso",2004,13030576
"bfa","Burkina Faso",2005,13421935
"bfa","Burkina Faso",2006,13829173
"bfa","Burkina Faso",2007,14252029
"bfa","Burkina Faso",2008,14689725
"bfa","Burkina Faso",2009,15141098
"bfa","Burkina Faso",2010,15605211
"bfa","Burkina Faso",2011,16081915
"bfa","Burkina Faso",2012,16571252
"bfa","Burkina Faso",2013,17072791
"bfa","Burkina Faso",2014,17586029
"bfa","Burkina Faso",2015,18110616
"bfa","Burkina Faso",2016,18646350
"bfa","Burkina Faso",2017,19193236
"bfa","Burkina Faso",2018,19751466
"bfa","Burkina Faso",2019,20321383
"bfa","Burkina Faso",2020,20903278
"bdi","Burundi",2000,6378871
"bdi","Burundi",2001,6525546
"bdi","Burundi",2002,6704118
"bdi","Burundi",2003,6909161
"bdi","Burundi",2004,7131688
"bdi","Burundi",2005,7364857
"bdi","Burundi",2006,7607850
"bdi","Burundi",2007,7862226
"bdi","Burundi",2008,8126104
"bdi","Burundi",2009,8397661
"bdi","Burundi",2010,8675606
"bdi","Burundi",2011,8958406
"bdi","Burundi",2012,9245992
"bdi","Burundi",2013,9540302
"bdi","Burundi",2014,9844301
"bdi","Burundi",2015,10160034
"bdi","Burundi",2016,10488002
"bdi","Burundi",2017,10827010
"bdi","Burundi",2018,11175379
"bdi","Burundi",2019,11530577
"bdi","Burundi",2020,11890781
"khm","Cambodia",2000,12155241
"khm","Cambodia",2001,12405411
"khm","Cambodia",2002,12637719
"khm","Cambodia",2003,12856171
"khm","Cambodia",2004,13066475
"khm","Cambodia",2005,13273355
"khm","Cambodia",2006,13477705
"khm","Cambodia",2007,13679953
"khm","Cambodia",2008,13883835
"khm","Cambodia",2009,14093605
"khm","Cambodia",2010,14312205
"khm","Cambodia",2011,14541421
"khm","Cambodia",2012,14780454
"khm","Cambodia",2013,15026330
"khm","Cambodia",2014,15274506
"khm","Cambodia",2015,15521435
"khm","Cambodia",2016,15766290
"khm","Cambodia",2017,16009413
"khm","Cambodia",2018,16249795
"khm","Cambodia",2019,16486542
"khm","Cambodia",2020,16718971
"cmr","Cameroon",2000,15513944
"cmr","Cameroon",2001,15928910
"cmr","Cameroon",2002,16357605
"cmr","Cameroon",2003,16800869
"cmr","Cameroon",2004,17259322
"cmr","Cameroon",2005,17733408
"cmr","Cameroon",2006,18223677
"cmr","Cameroon",2007,18730283
"cmr","Cameroon",2008,19252674
"cmr","Cameroon",2009,19789922
"cmr","Cameroon",2010,20341236
"cmr","Cameroon",2011,20906392
"cmr","Cameroon",2012,21485267
"cmr","Cameroon",2013,22077300
"cmr","Cameroon",2014,22681853
"cmr","Cameroon",2015,23298376
"cmr","Cameroon",2016,23926549
"cmr","Cameroon",2017,24566070
"cmr","Cameroon",2018,25216261
"cmr","Cameroon",2019,25876387
"cmr","Cameroon",2020,26545864
"can","Canada",2000,30588379
"can","Canada",2001,30880072
"can","Canada",2002,31178260
"can","Canada",2003,31488046
"can","Canada",2004,31815490
"can","Canada",2005,32164313
"can","Canada",2006,32536994
"can","Canada",2007,32930795
"can","Canada",2008,33337638
"can","Canada",2009,33746093
"can","Canada",2010,34147566
"can","Canada",2011,34539156
"can","Canada",2012,34922031
"can","Canada",2013,35296535
"can","Canada",2014,35664338
"can","Canada",2015,36026668
"can","Canada",2016,36382942
"can","Canada",2017,36732091
"can","Canada",2018,37074558
"can","Canada",2019,37411038
"can","Canada",2020,37742157
"cpv","Cape Verde",2000,428178
"cpv","Cape Verde",2001,435701
"cpv","Cape Verde",2002,442955
"cpv","Cape Verde",2003,449925
"cpv","Cape Verde",2004,456619
"cpv","Cape Verde",2005,463034
"cpv","Cape Verde",2006,469171
"cpv","Cape Verde",2007,475067
"cpv","Cape Verde",2008,480846
"cpv","Cape Verde",2009,486667
"cpv","Cape Verde",2010,492644
"cpv","Cape Verde",2011,498858
"cpv","Cape Verde",2012,505241
"cpv","Cape Verde",2013,511740
"cpv","Cape Verde",2014,518276
"cpv","Cape Verde",2015,524740
"cpv","Cape Verde",2016,531140
"cpv","Cape Verde",2017,537499
"cpv","Cape Verde",2018,543764
"cpv","Cape Verde",2019,549936
"cpv","Cape Verde",2020,555988
"caf","Central African Republic",2000,3640421
"caf","Central African Republic",2001,3722016
"caf","Central African Republic",2002,3802129
"caf","Central African Republic",2003,3881185
"caf","Central African Republic",2004,3959883
"caf","Central African Republic",2005,4038380
"caf","Central African Republic",2006,4118075
"caf","Central African Republic",2007,4198004
"caf","Central African Republic",2008,4273368
"caf","Central African Republic",2009,4337623
"caf","Central African Republic",2010,4386765
"caf","Central African Republic",2011,4418639
"caf","Central African Republic",2012,4436411
"caf","Central African Republic",2013,4447945
"caf","Central African Republic",2014,4464171
"caf","Central African Republic",2015,4493171
"caf","Central African Republic",2016,4537683
"caf","Central African Republic",2017,4596023
"caf","Central African Republic",2018,4666375
"caf","Central African Republic",2019,4745179
"caf","Central African Republic",2020,4829764
"tcd","Chad",2000,8355654
"tcd","Chad",2001,8678049
"tcd","Chad",2002,9019226
"tcd","Chad",2003,9373913
"tcd","Chad",2004,9734761
"tcd","Chad",2005,10096630
"tcd","Chad",2006,10457122
"tcd","Chad",2007,10818031
"tcd","Chad",2008,11183589
"tcd","Chad",2009,11560142
"tcd","Chad",2010,11952134
"tcd","Chad",2011,12360986
"tcd","Chad",2012,12784748
"tcd","Chad",2013,13220433
"tcd","Chad",2014,13663562
"tcd","Chad",2015,14110971
"tcd","Chad",2016,14561658
"tcd","Chad",2017,15016761
"tcd","Chad",2018,15477727
"tcd","Chad",2019,15946882
"tcd","Chad",2020,16425859
"chl","Chile",2000,15342350
"chl","Chile",2001,15516112
"chl","Chile",2002,15684413
"chl","Chile",2003,15849649
"chl","Chile",2004,16014972
"chl","Chile",2005,16182713
"chl","Chile",2006,16354507
"chl","Chile",2007,16530201
"chl","Chile",2008,16708255
"chl","Chile",2009,16886184
"chl","Chile",2010,17062531
"chl","Chile",2011,17233584
"chl","Chile",2012,17400359
"chl","Chile",2013,17571511
"chl","Chile",2014,17758969
"chl","Chile",2015,17969356
"chl","Chile",2016,18209072
"chl","Chile",2017,18470435
"chl","Chile",2018,18729166
"chl","Chile",2019,18952035
"chl","Chile",2020,19116209
"chn","China",2000,1290550767
"chn","China",2001,1299129747
"chn","China",2002,1307352256
"chn","China",2003,1315303522
"chn","China",2004,1323084639
"chn","China",2005,1330776380
"chn","China",2006,1338408644
"chn","China",2007,1345993891
"chn","China",2008,1353569480
"chn","China",2009,1361169410
"chn","China",2010,1368810604
"chn","China",2011,1376497633
"chn","China",2012,1384206408
"chn","China",2013,1391883335
"chn","China",2014,1399453966
"chn","China",2015,1406847868
"chn","China",2016,1414049353
"chn","China",2017,1421021794
"chn","China",2018,1427647789
"chn","China",2019,1433783692
"chn","China",2020,1439323774
"col","Colombia",2000,39629965
"col","Colombia",2001,40255956
"col","Colombia",2002,40875363
"col","Colombia",2003,41483872
"col","Colombia",2004,42075953
"col","Colombia",2005,42647731
"col","Colombia",2006,43200901
"col","Colombia",2007,43737512
"col","Colombia",2008,44254972
"col","Colombia",2009,44750054
"col","Colombia",2010,45222699
"col","Colombia",2011,45662747
"col","Colombia",2012,46075721
"col","Colombia",2013,46495492
"col","Colombia",2014,46967706
"col","Colombia",2015,47520667
"col","Colombia",2016,48175048
"col","Colombia",2017,48909844
"col","Colombia",2018,49661056
"col","Colombia",2019,50339443
"col","Colombia",2020,50882884
"com","Comoros",2000,542358
"com","Comoros",2001,555895
"com","Comoros",2002,569480
"com","Comoros",2003,583213
"com","Comoros",2004,597230
"com","Comoros",2005,611625
"com","Comoros",2006,626427
"com","Comoros",2007,641624
"com","Comoros",2008,657227
"com","Comoros",2009,673251
"com","Comoros",2010,689696
"com","Comoros",2011,706578
"com","Comoros",2012,723865
"com","Comoros",2013,741511
"com","Comoros",2014,759390
"com","Comoros",2015,777435
"com","Comoros",2016,795597
"com","Comoros",2017,813890
"com","Comoros",2018,832322
"com","Comoros",2019,850891
"com","Comoros",2020,869595
"cod","Congo, Dem. Rep.",2000,47105830
"cod","Congo, Dem. Rep.",2001,48428534
"cod","Congo, Dem. Rep.",2002,49871670
"cod","Congo, Dem. Rep.",2003,51425583
"cod","Congo, Dem. Rep.",2004,53068869
"cod","Congo, Dem. Rep.",2005,54785894
"cod","Congo, Dem. Rep.",2006,56578046
"cod","Congo, Dem. Rep.",2007,58453687
"cod","Congo, Dem. Rep.",2008,60411195
"cod","Congo, Dem. Rep.",2009,62448572
"cod","Congo, Dem. Rep.",2010,64563853
"cod","Congo, Dem. Rep.",2011,66755151
"cod","Congo, Dem. Rep.",2012,69020749
"cod","Congo, Dem. Rep.",2013,71358804
"cod","Congo, Dem. Rep.",2014,73767445
"cod","Congo, Dem. Rep.",2015,76244532
"cod","Congo, Dem. Rep.",2016,78789130
"cod","Congo, Dem. Rep.",2017,81398765
"cod","Congo, Dem. Rep.",2018,84068092
"cod","Congo, Dem. Rep.",2019,86790568
"cod","Congo, Dem. Rep.",2020,89561404
"cog","Congo, Rep.",2000,3127420
"cog","Congo, Rep.",2001,3217930
"cog","Congo, Rep.",2002,3310376
"cog","Congo, Rep.",2003,3406915
"cog","Congo, Rep.",2004,3510468
"cog","Congo, Rep.",2005,3622775
"cog","Congo, Rep.",2006,3745143
"cog","Congo, Rep.",2007,3876123
"cog","Congo, Rep.",2008,4011487
"cog","Congo, Rep.",2009,4145400
"cog","Congo, Rep.",2010,4273738
"cog","Congo, Rep.",2011,4394842
"cog","Congo, Rep.",2012,4510197
"cog","Congo, Rep.",2013,4622757
"cog","Congo, Rep.",2014,4736965
"cog","Congo, Rep.",2015,4856093
"cog","Congo, Rep.",2016,4980996
"cog","Congo, Rep.",2017,5110701
"cog","Congo, Rep.",2018,5244363
"cog","Congo, Rep.",2019,5380504
"cog","Congo, Rep.",2020,5518092
"cri","Costa Rica",2000,3962369
"cri","Costa Rica",2001,4034074
"cri","Costa Rica",2002,4100922
"cri","Costa Rica",2003,4164053
"cri","Costa Rica",2004,4225156
"cri","Costa Rica",2005,4285504
"cri","Costa Rica",2006,4345421
"cri","Costa Rica",2007,4404626
"cri","Costa Rica",2008,4463123
"cri","Costa Rica",2009,4520739
"cri","Costa Rica",2010,4577371
"cri","Costa Rica",2011,4633086
"cri","Costa Rica",2012,4688003
"cri","Costa Rica",2013,4742111
"cri","Costa Rica",2014,4795390
"cri","Costa Rica",2015,4847805
"cri","Costa Rica",2016,4899336
"cri","Costa Rica",2017,4949955
"cri","Costa Rica",2018,4999443
"cri","Costa Rica",2019,5047561
"cri","Costa Rica",2020,5094114
"civ","Cote d'Ivoire",2000,16454660
"civ","Cote d'Ivoire",2001,16853027
"civ","Cote d'Ivoire",2002,17231539
"civ","Cote d'Ivoire",2003,17599613
"civ","Cote d'Ivoire",2004,17970493
"civ","Cote d'Ivoire",2005,18354513
"civ","Cote d'Ivoire",2006,18754914
"civ","Cote d'Ivoire",2007,19171250
"civ","Cote d'Ivoire",2008,19605568
"civ","Cote d'Ivoire",2009,20059147
"civ","Cote d'Ivoire",2010,20532944
"civ","Cote d'Ivoire",2011,21028652
"civ","Cote d'Ivoire",2012,21547188
"civ","Cote d'Ivoire",2013,22087506
"civ","Cote d'Ivoire",2014,22647672
"civ","Cote d'Ivoire",2015,23226148
"civ","Cote d'Ivoire",2016,23822726
"civ","Cote d'Ivoire",2017,24437475
"civ","Cote d'Ivoire",2018,25069226
"civ","Cote d'Ivoire",2019,25716554
"civ","Cote d'Ivoire",2020,26378275
"hrv","Croatia",2000,4428075
"hrv","Croatia",2001,4408073
"hrv","Croatia",2002,4395802
"hrv","Croatia",2003,4388909
"hrv","Croatia",2004,4383877
"hrv","Croatia",2005,4378066
"hrv","Croatia",2006,4370782
"hrv","Croatia",2007,4362427
"hrv","Croatia",2008,4352639
"hrv","Croatia",2009,4341261
"hrv","Croatia",2010,4328163
"hrv","Croatia",2011,4313098
"hrv","Croatia",2012,4295869
"hrv","Croatia",2013,4276593
"hrv","Croatia",2014,4255518
"hrv","Croatia",2015,4232874
"hrv","Croatia",2016,4208611
"hrv","Croatia",2017,4182847
"hrv","Croatia",2018,4156407
"hrv","Croatia",2019,4130299
"hrv","Croatia",2020,4105268
"cub","Cuba",2000,11126423
"cub","Cuba",2001,11164676
"cub","Cuba",2002,11199664
"cub","Cuba",2003,11229185
"cub","Cuba",2004,11250369
"cub","Cuba",2005,11261586
"cub","Cuba",2006,11261241
"cub","Cuba",2007,11251117
"cub","Cuba",2008,11236975
"cub","Cuba",2009,11226711
"cub","Cuba",2010,11225833
"cub","Cuba",2011,11236671
"cub","Cuba",2012,11257112
"cub","Cuba",2013,11282722
"cub","Cuba",2014,11306909
"cub","Cuba",2015,11324777
"cub","Cuba",2016,11335108
"cub","Cuba",2017,11339255
"cub","Cuba",2018,11338146
"cub","Cuba",2019,11333484
"cub","Cuba",2020,11326616
"cyp","Cyprus",2000,943288
"cyp","Cyprus",2001,960274
"cyp","Cyprus",2002,976968
"cyp","Cyprus",2003,993562
"cyp","Cyprus",2004,1010410
"cyp","Cyprus",2005,1027657
"cyp","Cyprus",2006,1045508
"cyp","Cyprus",2007,1063708
"cyp","Cyprus",2008,1081568
"cyp","Cyprus",2009,1098089
"cyp","Cyprus",2010,1112617
"cyp","Cyprus",2011,1124837
"cyp","Cyprus",2012,1135046
"cyp","Cyprus",2013,1143866
"cyp","Cyprus",2014,1152297
"cyp","Cyprus",2015,1160987
"cyp","Cyprus",2016,1170189
"cyp","Cyprus",2017,1179685
"cyp","Cyprus",2018,1189262
"cyp","Cyprus",2019,1198574
"cyp","Cyprus",2020,1207361
"cze","Czech Republic",2000,10289374
"cze","Czech Republic",2001,10271019
"cze","Czech Republic",2002,10252264
"cze","Czech Republic",2003,10239131
"cze","Czech Republic",2004,10239444
"cze","Czech Republic",2005,10258165
"cze","Czech Republic",2006,10298609
"cze","Czech Republic",2007,10357535
"cze","Czech Republic",2008,10425267
"cze","Czech Republic",2009,10488155
"cze","Czech Republic",2010,10536514
"cze","Czech Republic",2011,10566512
"cze","Czech Republic",2012,10581302
"cze","Czech Republic",2013,10586529
"cze","Czech Republic",2014,10591104
"cze","Czech Republic",2015,10601390
"cze","Czech Republic",2016,10618868
"cze","Czech Republic",2017,10641032
"cze","Czech Republic",2018,10665679
"cze","Czech Republic",2019,10689213
"cze","Czech Republic",2020,10708982
"dnk","Denmark",2000,5341192
"dnk","Denmark",2001,5358059
"dnk","Denmark",2002,5372798
"dnk","Denmark",2003,5386968
"dnk","Denmark",2004,5402754
"dnk","Denmark",2005,5421701
"dnk","Denmark",2006,5444293
"dnk","Denmark",2007,5469920
"dnk","Denmark",2008,5497731
"dnk","Denmark",2009,5526389
"dnk","Denmark",2010,5554849
"dnk","Denmark",2011,5582980
"dnk","Denmark",2012,5610909
"dnk","Denmark",2013,5638152
"dnk","Denmark",2014,5664199
"dnk","Denmark",2015,5688695
"dnk","Denmark",2016,5711346
"dnk","Denmark",2017,5732277
"dnk","Denmark",2018,5752131
"dnk","Denmark",2019,5771877
"dnk","Denmark",2020,5792203
"dji","Djibouti",2000,717577
"dji","Djibouti",2001,733019
"dji","Djibouti",2002,746947
"dji","Djibouti",2003,759639
"dji","Djibouti",2004,771599
"dji","Djibouti",2005,783248
"dji","Djibouti",2006,794554
"dji","Djibouti",2007,805456
"dji","Djibouti",2008,816361
"dji","Djibouti",2009,827820
"dji","Djibouti",2010,840194
"dji","Djibouti",2011,853671
"dji","Djibouti",2012,868136
"dji","Djibouti",2013,883296
"dji","Djibouti",2014,898707
"dji","Djibouti",2015,913998
"dji","Djibouti",2016,929117
"dji","Djibouti",2017,944100
"dji","Djibouti",2018,958923
"dji","Djibouti",2019,973557
"dji","Djibouti",2020,988002
"dma","Dominica",2000,69650
"dma","Dominica",2001,69671
"dma","Dominica",2002,69840
"dma","Dominica",2003,70102
"dma","Dominica",2004,70387
"dma","Dominica",2005,70580
"dma","Dominica",2006,70718
"dma","Dominica",2007,70797
"dma","Dominica",2008,70829
"dma","Dominica",2009,70848
"dma","Dominica",2010,70877
"dma","Dominica",2011,70912
"dma","Dominica",2012,70954
"dma","Dominica",2013,71019
"dma","Dominica",2014,71091
"dma","Dominica",2015,71175
"dma","Dominica",2016,71307
"dma","Dominica",2017,71460
"dma","Dominica",2018,71626
"dma","Dominica",2019,71808
"dma","Dominica",2020,71991
"dom","Dominican Republic",2000,8471317
"dom","Dominican Republic",2001,8598599
"dom","Dominican Republic",2002,8724974
"dom","Dominican Republic",2003,8850317
"dom","Dominican Republic",2004,8974444
"dom","Dominican Republic",2005,9097262
"dom","Dominican Republic",2006,9218681
"dom","Dominican Republic",2007,9338856
"dom","Dominican Republic",2008,9458079
"dom","Dominican Republic",2009,9576736
"dom","Dominican Republic",2010,9695117
"dom","Dominican Republic",2011,9813219
"dom","Dominican Republic",2012,9930916
"dom","Dominican Republic",2013,10048226
"dom","Dominican Republic",2014,10165182
"dom","Dominican Republic",2015,10281675
"dom","Dominican Republic",2016,10397738
"dom","Dominican Republic",2017,10513111
"dom","Dominican Republic",2018,10627147
"dom","Dominican Republic",2019,10738957
"dom","Dominican Republic",2020,10847904
"ecu","Ecuador",2000,12681123
"ecu","Ecuador",2001,12914660
"ecu","Ecuador",2002,13143465
"ecu","Ecuador",2003,13369678
"ecu","Ecuador",2004,13596390
"ecu","Ecuador",2005,13825839
"ecu","Ecuador",2006,14059379
"ecu","Ecuador",2007,14296554
"ecu","Ecuador",2008,14535740
"ecu","Ecuador",2009,14774412
"ecu","Ecuador",2010,15011114
"ecu","Ecuador",2011,15243885
"ecu","Ecuador",2012,15474099
"ecu","Ecuador",2013,15707473
"ecu","Ecuador",2014,15951832
"ecu","Ecuador",2015,16212022
"ecu","Ecuador",2016,16491116
"ecu","Ecuador",2017,16785356
"ecu","Ecuador",2018,17084359
"ecu","Ecuador",2019,17373657
"ecu","Ecuador",2020,17643060
"egy","Egypt",2000,68831561
"egy","Egypt",2001,70152662
"egy","Egypt",2002,71485044
"egy","Egypt",2003,72826102
"egy","Egypt",2004,74172073
"egy","Egypt",2005,75523576
"egy","Egypt",2006,76873670
"egy","Egypt",2007,78232124
"egy","Egypt",2008,79636081
"egy","Egypt",2009,81134789
"egy","Egypt",2010,82761244
"egy","Egypt",2011,84529251
"egy","Egypt",2012,86422240
"egy","Egypt",2013,88404652
"egy","Egypt",2014,90424668
"egy","Egypt",2015,92442549
"egy","Egypt",2016,94447071
"egy","Egypt",2017,96442590
"egy","Egypt",2018,98423602
"egy","Egypt",2019,100388076
"egy","Egypt",2020,102334403
"slv","El Salvador",2000,5887930
"slv","El Salvador",2001,5927001
"slv","El Salvador",2002,5962139
"slv","El Salvador",2003,5994075
"slv","El Salvador",2004,6023801
"slv","El Salvador",2005,6052124
"slv","El Salvador",2006,6079395
"slv","El Salvador",2007,6105810
"slv","El Salvador",2008,6131767
"slv","El Salvador",2009,6157678
"slv","El Salvador",2010,6183877
"slv","El Salvador",2011,6210567
"slv","El Salvador",2012,6237922
"slv","El Salvador",2013,6266076
"slv","El Salvador",2014,6295124
"slv","El Salvador",2015,6325121
"slv","El Salvador",2016,6356137
"slv","El Salvador",2017,6388124
"slv","El Salvador",2018,6420740
"slv","El Salvador",2019,6453550
"slv","El Salvador",2020,6486201
"gnq","Equatorial Guinea",2000,606180
"gnq","Equatorial Guinea",2001,631662
"gnq","Equatorial Guinea",2002,658388
"gnq","Equatorial Guinea",2003,686670
"gnq","Equatorial Guinea",2004,716949
"gnq","Equatorial Guinea",2005,749527
"gnq","Equatorial Guinea",2006,784494
"gnq","Equatorial Guinea",2007,821686
"gnq","Equatorial Guinea",2008,860839
"gnq","Equatorial Guinea",2009,901589
"gnq","Equatorial Guinea",2010,943640
"gnq","Equatorial Guinea",2011,986861
"gnq","Equatorial Guinea",2012,1031191
"gnq","Equatorial Guinea",2013,1076412
"gnq","Equatorial Guinea",2014,1122273
"gnq","Equatorial Guinea",2015,1168575
"gnq","Equatorial Guinea",2016,1215181
"gnq","Equatorial Guinea",2017,1262008
"gnq","Equatorial Guinea",2018,1308966
"gnq","Equatorial Guinea",2019,1355982
"gnq","Equatorial Guinea",2020,1402985
"eri","Eritrea",2000,2292413
"eri","Eritrea",2001,2374721
"eri","Eritrea",2002,2481059
"eri","Eritrea",2003,2600972
"eri","Eritrea",2004,2719809
"eri","Eritrea",2005,2826653
"eri","Eritrea",2006,2918209
"eri","Eritrea",2007,2996540
"eri","Eritrea",2008,3062782
"eri","Eritrea",2009,3119920
"eri","Eritrea",2010,3170437
"eri","Eritrea",2011,3213969
"eri","Eritrea",2012,3250104
"eri","Eritrea",2013,3281453
"eri","Eritrea",2014,3311444
"eri","Eritrea",2015,3342818
"eri","Eritrea",2016,3376558
"eri","Eritrea",2017,3412894
"eri","Eritrea",2018,3452797
"eri","Eritrea",2019,3497117
"eri","Eritrea",2020,3546427
"est","Estonia",2000,1399111
"est","Estonia",2001,1391739
"est","Estonia",2002,1382737
"est","Estonia",2003,1372904
"est","Estonia",2004,1363570
"est","Estonia",2005,1355650
"est","Estonia",2006,1349373
"est","Estonia",2007,1344295
"est","Estonia",2008,1340067
"est","Estonia",2009,1336140
"est","Estonia",2010,1332103
"est","Estonia",2011,1327701
"est","Estonia",2012,1323163
"est","Estonia",2013,1319068
"est","Estonia",2014,1316273
"est","Estonia",2015,1315330
"est","Estonia",2016,1316507
"est","Estonia",2017,1319389
"est","Estonia",2018,1322913
"est","Estonia",2019,1325649
"est","Estonia",2020,1326539
"eth","Ethiopia",2000,66224809
"eth","Ethiopia",2001,68159422
"eth","Ethiopia",2002,70142090
"eth","Ethiopia",2003,72170581
"eth","Ethiopia",2004,74239508
"eth","Ethiopia",2005,76346310
"eth","Ethiopia",2006,78489205
"eth","Ethiopia",2007,80674343
"eth","Ethiopia",2008,82916236
"eth","Ethiopia",2009,85233923
"eth","Ethiopia",2010,87639962
"eth","Ethiopia",2011,90139928
"eth","Ethiopia",2012,92726982
"eth","Ethiopia",2013,95385793
"eth","Ethiopia",2014,98094264
"eth","Ethiopia",2015,100835453
"eth","Ethiopia",2016,103603461
"eth","Ethiopia",2017,106399926
"eth","Ethiopia",2018,109224410
"eth","Ethiopia",2019,112078727
"eth","Ethiopia",2020,114963583
"fji","Fiji",2000,811011
"fji","Fiji",2001,813923
"fji","Fiji",2002,815257
"fji","Fiji",2003,816078
"fji","Fiji",2004,817864
"fji","Fiji",2005,821606
"fji","Fiji",2006,827869
"fji","Fiji",2007,836185
"fji","Fiji",2008,845356
"fji","Fiji",2009,853636
"fji","Fiji",2010,859816
"fji","Fiji",2011,863451
"fji","Fiji",2012,865065
"fji","Fiji",2013,865602
"fji","Fiji",2014,866447
"fji","Fiji",2015,868632
"fji","Fiji",2016,872406
"fji","Fiji",2017,877460
"fji","Fiji",2018,883490
"fji","Fiji",2019,889955
"fji","Fiji",2020,896444
"fin","Finland",2000,5187953
"fin","Finland",2001,5200475
"fin","Finland",2002,5213368
"fin","Finland",2003,5227106
"fin","Finland",2004,5242175
"fin","Finland",2005,5258933
"fin","Finland",2006,5277490
"fin","Finland",2007,5297741
"fin","Finland",2008,5319452
"fin","Finland",2009,5342266
"fin","Finland",2010,5365784
"fin","Finland",2011,5390036
"fin","Finland",2012,5414769
"fin","Finland",2013,5438984
"fin","Finland",2014,5461410
"fin","Finland",2015,5481128
"fin","Finland",2016,5497714
"fin","Finland",2017,5511372
"fin","Finland",2018,5522585
"fin","Finland",2019,5532159
"fin","Finland",2020,5540718
"fra","France",2000,59015092
"fra","France",2001,59384126
"fra","France",2002,59803434
"fra","France",2003,60251591
"fra","France",2004,60697977
"fra","France",2005,61120128
"fra","France",2006,61508924
"fra","France",2007,61869229
"fra","France",2008,62209207
"fra","France",2009,62542883
"fra","France",2010,62879535
"fra","France",2011,63222229
"fra","France",2012,63564224
"fra","France",2013,63893521
"fra","France",2014,64193550
"fra","France",2015,64453194
"fra","France",2016,64667590
"fra","France",2017,64842513
"fra","France",2018,64990512
"fra","France",2019,65129731
"fra","France",2020,65273512
"gab","Gabon",2000,1228359
"gab","Gabon",2001,1258008
"gab","Gabon",2002,1288310
"gab","Gabon",2003,1319946
"gab","Gabon",2004,1353788
"gab","Gabon",2005,1390550
"gab","Gabon",2006,1430144
"gab","Gabon",2007,1472565
"gab","Gabon",2008,1518538
"gab","Gabon",2009,1568925
"gab","Gabon",2010,1624146
"gab","Gabon",2011,1684629
"gab","Gabon",2012,1749677
"gab","Gabon",2013,1817070
"gab","Gabon",2014,1883801
"gab","Gabon",2015,1947690
"gab","Gabon",2016,2007882
"gab","Gabon",2017,2064812
"gab","Gabon",2018,2119275
"gab","Gabon",2019,2172578
"gab","Gabon",2020,2225728
"gmb","Gambia",2000,1317708
"gmb","Gambia",2001,1360070
"gmb","Gambia",2002,1404263
"gmb","Gambia",2003,1449925
"gmb","Gambia",2004,1496524
"gmb","Gambia",2005,1543745
"gmb","Gambia",2006,1591444
"gmb","Gambia",2007,1639846
"gmb","Gambia",2008,1689288
"gmb","Gambia",2009,1740277
"gmb","Gambia",2010,1793199
"gmb","Gambia",2011,1848142
"gmb","Gambia",2012,1905020
"gmb","Gambia",2013,1963708
"gmb","Gambia",2014,2024037
"gmb","Gambia",2015,2085860
"gmb","Gambia",2016,2149134
"gmb","Gambia",2017,2213900
"gmb","Gambia",2018,2280092
"gmb","Gambia",2019,2347696
"gmb","Gambia",2020,2416664
"geo","Georgia",2000,4362184
"geo","Georgia",2001,4296981
"geo","Georgia",2002,4258573
"geo","Georgia",2003,4238930
"geo","Georgia",2004,4225811
"geo","Georgia",2005,4210158
"geo","Georgia",2006,4189722
"geo","Georgia",2007,4166860
"geo","Georgia",2008,4142648
"geo","Georgia",2009,4119490
"geo","Georgia",2010,4099096
"geo","Georgia",2011,4081012
"geo","Georgia",2012,4064097
"geo","Georgia",2013,4048701
"geo","Georgia",2014,4035310
"geo","Georgia",2015,4024180
"geo","Georgia",2016,4015457
"geo","Georgia",2017,4008723
"geo","Georgia",2018,4002946
"geo","Georgia",2019,3996762
"geo","Georgia",2020,3989175
"deu","Germany",2000,81400883
"deu","Germany",2001,81453894
"deu","Germany",2002,81535124
"deu","Germany",2003,81614371
"deu","Germany",2004,81646474
"deu","Germany",2005,81602739
"deu","Germany",2006,81472235
"deu","Germany",2007,81277836
"deu","Germany",2008,81065751
"deu","Germany",2009,80899961
"deu","Germany",2010,80827001
"deu","Germany",2011,80855629
"deu","Germany",2012,80972629
"deu","Germany",2013,81174373
"deu","Germany",2014,81450370
"deu","Germany",2015,81787411
"deu","Germany",2016,82193770
"deu","Germany",2017,82658409
"deu","Germany",2018,83124413
"deu","Germany",2019,83517046
"deu","Germany",2020,83783945
"gha","Ghana",2000,19278850
"gha","Ghana",2001,19756929
"gha","Ghana",2002,20246376
"gha","Ghana",2003,20750308
"gha","Ghana",2004,21272328
"gha","Ghana",2005,21814648
"gha","Ghana",2006,22379057
"gha","Ghana",2007,22963946
"gha","Ghana",2008,23563832
"gha","Ghana",2009,24170943
"gha","Ghana",2010,24779614
"gha","Ghana",2011,25387713
"gha","Ghana",2012,25996454
"gha","Ghana",2013,26607641
"gha","Ghana",2014,27224480
"gha","Ghana",2015,27849203
"gha","Ghana",2016,28481947
"gha","Ghana",2017,29121464
"gha","Ghana",2018,29767108
"gha","Ghana",2019,30417858
"gha","Ghana",2020,31072945
"grc","Greece",2000,11082103
"grc","Greece",2001,11134447
"grc","Greece",2002,11182308
"grc","Greece",2003,11218879
"grc","Greece",2004,11234993
"grc","Greece",2005,11224800
"grc","Greece",2006,11185231
"grc","Greece",2007,11120371
"grc","Greece",2008,11040312
"grc","Greece",2009,10959268
"grc","Greece",2010,10887640
"grc","Greece",2011,10829074
"grc","Greece",2012,10781119
"grc","Greece",2013,10740501
"grc","Greece",2014,10701460
"grc","Greece",2015,10659737
"grc","Greece",2016,10615183
"grc","Greece",2017,10569449
"grc","Greece",2018,10522244
"grc","Greece",2019,10473452
"grc","Greece",2020,10423056
"grd","Grenada",2000,102837
"grd","Grenada",2001,103242
"grd","Grenada",2002,103636
"grd","Grenada",2003,104003
"grd","Grenada",2004,104346
"grd","Grenada",2005,104658
"grd","Grenada",2006,104938
"grd","Grenada",2007,105183
"grd","Grenada",2008,105457
"grd","Grenada",2009,105787
"grd","Grenada",2010,106227
"grd","Grenada",2011,106786
"grd","Grenada",2012,107452
"grd","Grenada",2013,108172
"grd","Grenada",2014,108900
"grd","Grenada",2015,109603
"grd","Grenada",2016,110263
"grd","Grenada",2017,110874
"grd","Grenada",2018,111449
"grd","Grenada",2019,112002
"grd","Grenada",2020,112519
"gtm","Guatemala",2000,11650744
"gtm","Guatemala",2001,11924941
"gtm","Guatemala",2002,12208854
"gtm","Guatemala",2003,12500479
"gtm","Guatemala",2004,12796926
"gtm","Guatemala",2005,13096028
"gtm","Guatemala",2006,13397022
"gtm","Guatemala",2007,13700326
"gtm","Guatemala",2008,14006420
"gtm","Guatemala",2009,14316251
"gtm","Guatemala",2010,14630420
"gtm","Guatemala",2011,14948792
"gtm","Guatemala",2012,15270774
"gtm","Guatemala",2013,15595821
"gtm","Guatemala",2014,15923238
"gtm","Guatemala",2015,16252425
"gtm","Guatemala",2016,16583079
"gtm","Guatemala",2017,16914979
"gtm","Guatemala",2018,17247855
"gtm","Guatemala",2019,17581476
"gtm","Guatemala",2020,17915567
"gin","Guinea",2000,8240735
"gin","Guinea",2001,8417082
"gin","Guinea",2002,8586077
"gin","Guinea",2003,8753097
"gin","Guinea",2004,8925729
"gin","Guinea",2005,9109585
"gin","Guinea",2006,9307421
"gin","Guinea",2007,9518159
"gin","Guinea",2008,9738796
"gin","Guinea",2009,9964470
"gin","Guinea",2010,10192168
"gin","Guinea",2011,10420459
"gin","Guinea",2012,10652032
"gin","Guinea",2013,10892821
"gin","Guinea",2014,11150970
"gin","Guinea",2015,11432096
"gin","Guinea",2016,11738434
"gin","Guinea",2017,12067516
"gin","Guinea",2018,12414292
"gin","Guinea",2019,12771246
"gin","Guinea",2020,13132792
"gnb","Guinea-Bissau",2000,1201305
"gnb","Guinea-Bissau",2001,1227105
"gnb","Guinea-Bissau",2002,1254454
"gnb","Guinea-Bissau",2003,1283297
"gnb","Guinea-Bissau",2004,1313492
"gnb","Guinea-Bissau",2005,1344931
"gnb","Guinea-Bissau",2006,1377582
"gnb","Guinea-Bissau",2007,1411545
"gnb","Guinea-Bissau",2008,1446936
"gnb","Guinea-Bissau",2009,1483920
"gnb","Guinea-Bissau",2010,1522603
"gnb","Guinea-Bissau",2011,1562996
"gnb","Guinea-Bissau",2012,1604981
"gnb","Guinea-Bissau",2013,1648259
"gnb","Guinea-Bissau",2014,1692433
"gnb","Guinea-Bissau",2015,1737207
"gnb","Guinea-Bissau",2016,1782434
"gnb","Guinea-Bissau",2017,1828146
"gnb","Guinea-Bissau",2018,1874304
"gnb","Guinea-Bissau",2019,1920917
"gnb","Guinea-Bissau",2020,1967998
"guy","Guyana",2000,746718
"guy","Guyana",2001,745206
"guy","Guyana",2002,744789
"guy","Guyana",2003,745142
"guy","Guyana",2004,745737
"guy","Guyana",2005,746156
"guy","Guyana",2006,746335
"guy","Guyana",2007,746477
"guy","Guyana",2008,746815
"guy","Guyana",2009,747718
"guy","Guyana",2010,749430
"guy","Guyana",2011,752029
"guy","Guyana",2012,755388
"guy","Guyana",2013,759281
"guy","Guyana",2014,763371
"guy","Guyana",2015,767433
"guy","Guyana",2016,771363
"guy","Guyana",2017,775218
"guy","Guyana",2018,779007
"guy","Guyana",2019,782775
"guy","Guyana",2020,786559
"hti","Haiti",2000,8463802
"hti","Haiti",2001,8608810
"hti","Haiti",2002,8754148
"hti","Haiti",2003,8900108
"hti","Haiti",2004,9047082
"hti","Haiti",2005,9195289
"hti","Haiti",2006,9344784
"hti","Haiti",2007,9495336
"hti","Haiti",2008,9646570
"hti","Haiti",2009,9798046
"hti","Haiti",2010,9949318
"hti","Haiti",2011,10100320
"hti","Haiti",2012,10250922
"hti","Haiti",2013,10400672
"hti","Haiti",2014,10549007
"hti","Haiti",2015,10695540
"hti","Haiti",2016,10839976
"hti","Haiti",2017,10982367
"hti","Haiti",2018,11123183
"hti","Haiti",2019,11263079
"hti","Haiti",2020,11402533
"hos","Holy See",2000,790
"hos","Holy See",2001,792
"hos","Holy See",2002,792
"hos","Holy See",2003,792
"hos","Holy See",2004,795
"hos","Holy See",2005,798
"hos","Holy See",2006,795
"hos","Holy See",2007,794
"hos","Holy See",2008,792
"hos","Holy See",2009,787
"hos","Holy See",2010,783
"hos","Holy See",2011,786
"hos","Holy See",2012,786
"hos","Holy See",2013,786
"hos","Holy See",2014,785
"hos","Holy See",2015,790
"hos","Holy See",2016,791
"hos","Holy See",2017,798
"hos","Holy See",2018,810
"hos","Holy See",2019,815
"hos","Holy See",2020,809
"hnd","Honduras",2000,6574510
"hnd","Honduras",2001,6751912
"hnd","Honduras",2002,6929267
"hnd","Honduras",2003,7106323
"hnd","Honduras",2004,7282953
"hnd","Honduras",2005,7458982
"hnd","Honduras",2006,7634295
"hnd","Honduras",2007,7808520
"hnd","Honduras",2008,7980955
"hnd","Honduras",2009,8150780
"hnd","Honduras",2010,8317467
"hnd","Honduras",2011,8480670
"hnd","Honduras",2012,8640692
"hnd","Honduras",2013,8798524
"hnd","Honduras",2014,8955579
"hnd","Honduras",2015,9112904
"hnd","Honduras",2016,9270794
"hnd","Honduras",2017,9429016
"hnd","Honduras",2018,9587523
"hnd","Honduras",2019,9746115
"hnd","Honduras",2020,9904608
"hkg","Hong Kong, China",2000,6606328
"hkg","Hong Kong, China",2001,6664775
"hkg","Hong Kong, China",2002,6701771
"hkg","Hong Kong, China",2003,6724687
"hkg","Hong Kong, China",2004,6744563
"hkg","Hong Kong, China",2005,6769579
"hkg","Hong Kong, China",2006,6802083
"hkg","Hong Kong, China",2007,6840017
"hkg","Hong Kong, China",2008,6881861
"hkg","Hong Kong, China",2009,6924642
"hkg","Hong Kong, China",2010,6966324
"hkg","Hong Kong, China",2011,7006598
"hkg","Hong Kong, China",2012,7046847
"hkg","Hong Kong, China",2013,7088780
"hkg","Hong Kong, China",2014,7134668
"hkg","Hong Kong, China",2015,7185992
"hkg","Hong Kong, China",2016,7243541
"hkg","Hong Kong, China",2017,7306315
"hkg","Hong Kong, China",2018,7371728
"hkg","Hong Kong, China",2019,7436157
"hkg","Hong Kong, China",2020,7496988
"hun","Hungary",2000,10220509
"hun","Hungary",2001,10193451
"hun","Hungary",2002,10167286
"hun","Hungary",2003,10141341
"hun","Hungary",2004,10114481
"hun","Hungary",2005,10085942
"hun","Hungary",2006,10055657
"hun","Hungary",2007,10024158
"hun","Hungary",2008,9991867
"hun","Hungary",2009,9959439
"hun","Hungary",2010,9927380
"hun","Hungary",2011,9895689
"hun","Hungary",2012,9864363
"hun","Hungary",2013,9833923
"hun","Hungary",2014,9804991
"hun","Hungary",2015,9777925
"hun","Hungary",2016,9752970
"hun","Hungary",2017,9729822
"hun","Hungary",2018,9707502
"hun","Hungary",2019,9684680
"hun","Hungary",2020,9660350
"isl","Iceland",2000,280439
"isl","Iceland",2001,282910
"isl","Iceland",2002,285329
"isl","Iceland",2003,287955
"isl","Iceland",2004,291102
"isl","Iceland",2005,294976
"isl","Iceland",2006,299727
"isl","Iceland",2007,305181
"isl","Iceland",2008,310855
"isl","Iceland",2009,316057
"isl","Iceland",2010,320342
"isl","Iceland",2011,323471
"isl","Iceland",2012,325642
"isl","Iceland",2013,327194
"isl","Iceland",2014,328592
"isl","Iceland",2015,330237
"isl","Iceland",2016,332209
"isl","Iceland",2017,334395
"isl","Iceland",2018,336712
"isl","Iceland",2019,339037
"isl","Iceland",2020,341250
"ind","India",2000,1056575548
"ind","India",2001,1075000094
"ind","India",2002,1093317187
"ind","India",2003,1111523146
"ind","India",2004,1129623466
"ind","India",2005,1147609924
"ind","India",2006,1165486291
"ind","India",2007,1183209471
"ind","India",2008,1200669762
"ind","India",2009,1217726217
"ind","India",2010,1234281163
"ind","India",2011,1250287939
"ind","India",2012,1265780243
"ind","India",2013,1280842119
"ind","India",2014,1295600768
"ind","India",2015,1310152392
"ind","India",2016,1324517250
"ind","India",2017,1338676779
"ind","India",2018,1352642283
"ind","India",2019,1366417756
"ind","India",2020,1380004385
"idn","Indonesia",2000,211513822
"idn","Indonesia",2001,214427419
"idn","Indonesia",2002,217357790
"idn","Indonesia",2003,220309473
"idn","Indonesia",2004,223285666
"idn","Indonesia",2005,226289468
"idn","Indonesia",2006,229318262
"idn","Indonesia",2007,232374239
"idn","Indonesia",2008,235469755
"idn","Indonesia",2009,238620554
"idn","Indonesia",2010,241834226
"idn","Indonesia",2011,245115988
"idn","Indonesia",2012,248451714
"idn","Indonesia",2013,251805314
"idn","Indonesia",2014,255128076
"idn","Indonesia",2015,258383257
"idn","Indonesia",2016,261556386
"idn","Indonesia",2017,264650969
"idn","Indonesia",2018,267670549
"idn","Indonesia",2019,270625567
"idn","Indonesia",2020,273523621
"irn","Iran",2000,65623397
"irn","Iran",2001,66449111
"irn","Iran",2002,67284801
"irn","Iran",2003,68122947
"irn","Iran",2004,68951279
"irn","Iran",2005,69762345
"irn","Iran",2006,70554756
"irn","Iran",2007,71336476
"irn","Iran",2008,72120608
"irn","Iran",2009,72924833
"irn","Iran",2010,73762519
"irn","Iran",2011,74634959
"irn","Iran",2012,75539881
"irn","Iran",2013,76481963
"irn","Iran",2014,77465769
"irn","Iran",2015,78492208
"irn","Iran",2016,79563991
"irn","Iran",2017,80673888
"irn","Iran",2018,81800204
"irn","Iran",2019,82913893
"irn","Iran",2020,83992953
"irq","Iraq",2000,23497589
"irq","Iraq",2001,24208178
"irq","Iraq",2002,24931922
"irq","Iraq",2003,25644503
"irq","Iraq",2004,26313838
"irq","Iraq",2005,26922279
"irq","Iraq",2006,27448124
"irq","Iraq",2007,27911242
"irq","Iraq",2008,28385739
"irq","Iraq",2009,28973157
"irq","Iraq",2010,29741977
"irq","Iraq",2011,30725305
"irq","Iraq",2012,31890012
"irq","Iraq",2013,33157061
"irq","Iraq",2014,34411949
"irq","Iraq",2015,35572269
"irq","Iraq",2016,36610632
"irq","Iraq",2017,37552789
"irq","Iraq",2018,38433604
"irq","Iraq",2019,39309789
"irq","Iraq",2020,40222503
"irl","Ireland",2000,3783095
"irl","Ireland",2001,3842253
"irl","Ireland",2002,3907995
"irl","Ireland",2003,3980077
"irl","Ireland",2004,4058131
"irl","Ireland",2005,4141218
"irl","Ireland",2006,4230619
"irl","Ireland",2007,4324649
"irl","Ireland",2008,4415871
"irl","Ireland",2009,4494572
"irl","Ireland",2010,4554330
"irl","Ireland",2011,4591115
"irl","Ireland",2012,4608199
"irl","Ireland",2013,4615426
"irl","Ireland",2014,4626852
"irl","Ireland",2015,4652420
"irl","Ireland",2016,4695790
"irl","Ireland",2017,4753281
"irl","Ireland",2018,4818694
"irl","Ireland",2019,4882498
"irl","Ireland",2020,4937796
"isr","Israel",2000,5945949
"isr","Israel",2001,6060679
"isr","Israel",2002,6169311
"isr","Israel",2003,6278374
"isr","Israel",2004,6396511
"isr","Israel",2005,6529470
"isr","Israel",2006,6680641
"isr","Israel",2007,6847148
"isr","Israel",2008,7020832
"isr","Israel",2009,7190037
"isr","Israel",2010,7346446
"isr","Israel",2011,7487095
"isr","Israel",2012,7614946
"isr","Israel",2013,7734834
"isr","Israel",2014,7854216
"isr","Israel",2015,7978496
"isr","Israel",2016,8108984
"isr","Israel",2017,8243849
"isr","Israel",2018,8381507
"isr","Israel",2019,8519373
"isr","Israel",2020,8655541
"ita","Italy",2000,56692178
"ita","Italy",2001,56875148
"ita","Italy",2002,57182521
"ita","Italy",2003,57564589
"ita","Italy",2004,57948421
"ita","Italy",2005,58281209
"ita","Italy",2006,58542619
"ita","Italy",2007,58747862
"ita","Italy",2008,58922116
"ita","Italy",2009,59105622
"ita","Italy",2010,59325232
"ita","Italy",2011,59589070
"ita","Italy",2012,59879469
"ita","Italy",2013,60166828
"ita","Italy",2014,60409622
"ita","Italy",2015,60578489
"ita","Italy",2016,60663068
"ita","Italy",2017,60673694
"ita","Italy",2018,60627291
"ita","Italy",2019,60550092
"ita","Italy",2020,60461828
"jam","Jamaica",2000,2654698
"jam","Jamaica",2001,2674706
"jam","Jamaica",2002,2692843
"jam","Jamaica",2003,2709438
"jam","Jamaica",2004,2725017
"jam","Jamaica",2005,2740000
"jam","Jamaica",2006,2754414
"jam","Jamaica",2007,2768229
"jam","Jamaica",2008,2781869
"jam","Jamaica",2009,2795839
"jam","Jamaica",2010,2810464
"jam","Jamaica",2011,2825932
"jam","Jamaica",2012,2842128
"jam","Jamaica",2013,2858710
"jam","Jamaica",2014,2875137
"jam","Jamaica",2015,2891024
"jam","Jamaica",2016,2906242
"jam","Jamaica",2017,2920848
"jam","Jamaica",2018,2934853
"jam","Jamaica",2019,2948277
"jam","Jamaica",2020,2961161
"jpn","Japan",2000,127524168
"jpn","Japan",2001,127713824
"jpn","Japan",2002,127893075
"jpn","Japan",2003,128058368
"jpn","Japan",2004,128204183
"jpn","Japan",2005,128326115
"jpn","Japan",2006,128422740
"jpn","Japan",2007,128494050
"jpn","Japan",2008,128538644
"jpn","Japan",2009,128555196
"jpn","Japan",2010,128542349
"jpn","Japan",2011,128498966
"jpn","Japan",2012,128423571
"jpn","Japan",2013,128314189
"jpn","Japan",2014,128168630
"jpn","Japan",2015,127985139
"jpn","Japan",2016,127763267
"jpn","Japan",2017,127502728
"jpn","Japan",2018,127202190
"jpn","Japan",2019,126860299
"jpn","Japan",2020,126476458
"jor","Jordan",2000,5122495
"jor","Jordan",2001,5217328
"jor","Jordan",2002,5317514
"jor","Jordan",2003,5434036
"jor","Jordan",2004,5580241
"jor","Jordan",2005,5765639
"jor","Jordan",2006,5991547
"jor","Jordan",2007,6255290
"jor","Jordan",2008,6556473
"jor","Jordan",2009,6893258
"jor","Jordan",2010,7261541
"jor","Jordan",2011,7662858
"jor","Jordan",2012,8089963
"jor","Jordan",2013,8518992
"jor","Jordan",2014,8918822
"jor","Jordan",2015,9266573
"jor","Jordan",2016,9554286
"jor","Jordan",2017,9785840
"jor","Jordan",2018,9965322
"jor","Jordan",2019,10101697
"jor","Jordan",2020,10203140
"kaz","Kazakhstan",2000,14922724
"kaz","Kazakhstan",2001,14910207
"kaz","Kazakhstan",2002,14976184
"kaz","Kazakhstan",2003,15100045
"kaz","Kazakhstan",2004,15250016
"kaz","Kazakhstan",2005,15402803
"kaz","Kazakhstan",2006,15551263
"kaz","Kazakhstan",2007,15702112
"kaz","Kazakhstan",2008,15862126
"kaz","Kazakhstan",2009,16043015
"kaz","Kazakhstan",2010,16252273
"kaz","Kazakhstan",2011,16490669
"kaz","Kazakhstan",2012,16751523
"kaz","Kazakhstan",2013,17026118
"kaz","Kazakhstan",2014,17302619
"kaz","Kazakhstan",2015,17572010
"kaz","Kazakhstan",2016,17830902
"kaz","Kazakhstan",2017,18080023
"kaz","Kazakhstan",2018,18319616
"kaz","Kazakhstan",2019,18551428
"kaz","Kazakhstan",2020,18776707
"ken","Kenya",2000,31964557
"ken","Kenya",2001,32848569
"ken","Kenya",2002,33751746
"ken","Kenya",2003,34678781
"ken","Kenya",2004,35635267
"ken","Kenya",2005,36624897
"ken","Kenya",2006,37649039
"ken","Kenya",2007,38705934
"ken","Kenya",2008,39791984
"ken","Kenya",2009,40901798
"ken","Kenya",2010,42030684
"ken","Kenya",2011,43178270
"ken","Kenya",2012,44343469
"ken","Kenya",2013,45519986
"ken","Kenya",2014,46700063
"ken","Kenya",2015,47878339
"ken","Kenya",2016,49051531
"ken","Kenya",2017,50221146
"ken","Kenya",2018,51392570
"ken","Kenya",2019,52573967
"ken","Kenya",2020,53771300
"kir","Kiribati",2000,84405
"kir","Kiribati",2001,85844
"kir","Kiribati",2002,87308
"kir","Kiribati",2003,88840
"kir","Kiribati",2004,90498
"kir","Kiribati",2005,92319
"kir","Kiribati",2006,94341
"kir","Kiribati",2007,96531
"kir","Kiribati",2008,98760
"kir","Kiribati",2009,100928
"kir","Kiribati",2010,102930
"kir","Kiribati",2011,104735
"kir","Kiribati",2012,106359
"kir","Kiribati",2013,107887
"kir","Kiribati",2014,109387
"kir","Kiribati",2015,110927
"kir","Kiribati",2016,112529
"kir","Kiribati",2017,114153
"kir","Kiribati",2018,115842
"kir","Kiribati",2019,117608
"kir","Kiribati",2020,119446
"prk","North Korea",2000,22929078
"prk","North Korea",2001,23132982
"prk","North Korea",2002,23339453
"prk","North Korea",2003,23542434
"prk","North Korea",2004,23732740
"prk","North Korea",2005,23904167
"prk","North Korea",2006,24054866
"prk","North Korea",2007,24188330
"prk","North Korea",2008,24310143
"prk","North Korea",2009,24428340
"prk","North Korea",2010,24548840
"prk","North Korea",2011,24673392
"prk","North Korea",2012,24800638
"prk","North Korea",2013,24929500
"prk","North Korea",2014,25057793
"prk","North Korea",2015,25183832
"prk","North Korea",2016,25307665
"prk","North Korea",2017,25429816
"prk","North Korea",2018,25549606
"prk","North Korea",2019,25666158
"prk","North Korea",2020,25778815
"kor","South Korea",2000,47379237
"kor","South Korea",2001,47706226
"kor","South Korea",2002,47999551
"kor","South Korea",2003,48260901
"kor","South Korea",2004,48493434
"kor","South Korea",2005,48701069
"kor","South Korea",2006,48880449
"kor","South Korea",2007,49034813
"kor","South Korea",2008,49182458
"kor","South Korea",2009,49347450
"kor","South Korea",2010,49545638
"kor","South Korea",2011,49786153
"kor","South Korea",2012,50060639
"kor","South Korea",2013,50345720
"kor","South Korea",2014,50607904
"kor","South Korea",2015,50823087
"kor","South Korea",2016,50983446
"kor","South Korea",2017,51096408
"kor","South Korea",2018,51171700
"kor","South Korea",2019,51225321
"kor","South Korea",2020,51269183
"kwt","Kuwait",2000,2045123
"kwt","Kuwait",2001,2103273
"kwt","Kuwait",2002,2136991
"kwt","Kuwait",2003,2161626
"kwt","Kuwait",2004,2200498
"kwt","Kuwait",2005,2270196
"kwt","Kuwait",2006,2373661
"kwt","Kuwait",2007,2504026
"kwt","Kuwait",2008,2656010
"kwt","Kuwait",2009,2821041
"kwt","Kuwait",2010,2991884
"kwt","Kuwait",2011,3168054
"kwt","Kuwait",2012,3348852
"kwt","Kuwait",2013,3526382
"kwt","Kuwait",2014,3690939
"kwt","Kuwait",2015,3835588
"kwt","Kuwait",2016,3956862
"kwt","Kuwait",2017,4056102
"kwt","Kuwait",2018,4137314
"kwt","Kuwait",2019,4207077
"kwt","Kuwait",2020,4270563
"kgz","Kyrgyz Republic",2000,4920712
"kgz","Kyrgyz Republic",2001,4962839
"kgz","Kyrgyz Republic",2002,4991478
"kgz","Kyrgyz Republic",2003,5013538
"kgz","Kyrgyz Republic",2004,5038995
"kgz","Kyrgyz Republic",2005,5075340
"kgz","Kyrgyz Republic",2006,5124379
"kgz","Kyrgyz Republic",2007,5184384
"kgz","Kyrgyz Republic",2008,5254969
"kgz","Kyrgyz Republic",2009,5334708
"kgz","Kyrgyz Republic",2010,5422298
"kgz","Kyrgyz Republic",2011,5517927
"kgz","Kyrgyz Republic",2012,5621583
"kgz","Kyrgyz Republic",2013,5731312
"kgz","Kyrgyz Republic",2014,5844521
"kgz","Kyrgyz Republic",2015,5959126
"kgz","Kyrgyz Republic",2016,6074327
"kgz","Kyrgyz Republic",2017,6189727
"kgz","Kyrgyz Republic",2018,6304025
"kgz","Kyrgyz Republic",2019,6415851
"kgz","Kyrgyz Republic",2020,6524191
"lao","Lao",2000,5323701
"lao","Lao",2001,5409584
"lao","Lao",2002,5493247
"lao","Lao",2003,5576640
"lao","Lao",2004,5662199
"lao","Lao",2005,5751675
"lao","Lao",2006,5846075
"lao","Lao",2007,5944950
"lao","Lao",2008,6046630
"lao","Lao",2009,6148621
"lao","Lao",2010,6249168
"lao","Lao",2011,6347564
"lao","Lao",2012,6444527
"lao","Lao",2013,6541302
"lao","Lao",2014,6639763
"lao","Lao",2015,6741160
"lao","Lao",2016,6845848
"lao","Lao",2017,6953031
"lao","Lao",2018,7061498
"lao","Lao",2019,7169456
"lao","Lao",2020,7275556
"lva","Latvia",2000,2384150
"lva","Latvia",2001,2358689
"lva","Latvia",2002,2332528
"lva","Latvia",2003,2305845
"lva","Latvia",2004,2278922
"lva","Latvia",2005,2251996
"lva","Latvia",2006,2225063
"lva","Latvia",2007,2198089
"lva","Latvia",2008,2171248
"lva","Latvia",2009,2144784
"lva","Latvia",2010,2118855
"lva","Latvia",2011,2093606
"lva","Latvia",2012,2069018
"lva","Latvia",2013,2044950
"lva","Latvia",2014,2021220
"lva","Latvia",2015,1997675
"lva","Latvia",2016,1974265
"lva","Latvia",2017,1951097
"lva","Latvia",2018,1928461
"lva","Latvia",2019,1906740
"lva","Latvia",2020,1886202
"lbn","Lebanon",2000,3842774
"lbn","Lebanon",2001,3990999
"lbn","Lebanon",2002,4182205
"lbn","Lebanon",2003,4388378
"lbn","Lebanon",2004,4569377
"lbn","Lebanon",2005,4698761
"lbn","Lebanon",2006,4759760
"lbn","Lebanon",2007,4767347
"lbn","Lebanon",2008,4764745
"lbn","Lebanon",2009,4813026
"lbn","Lebanon",2010,4953064
"lbn","Lebanon",2011,5202022
"lbn","Lebanon",2012,5537620
"lbn","Lebanon",2013,5913016
"lbn","Lebanon",2014,6261046
"lbn","Lebanon",2015,6532681
"lbn","Lebanon",2016,6714281
"lbn","Lebanon",2017,6819373
"lbn","Lebanon",2018,6859408
"lbn","Lebanon",2019,6855709
"lbn","Lebanon",2020,6825442
"lso","Lesotho",2000,2032805
"lso","Lesotho",2001,2035738
"lso","Lesotho",2002,2029832
"lso","Lesotho",2003,2018355
"lso","Lesotho",2004,2005953
"lso","Lesotho",2005,1996115
"lso","Lesotho",2006,1989933
"lso","Lesotho",2007,1986926
"lso","Lesotho",2008,1987130
"lso","Lesotho",2009,1990135
"lso","Lesotho",2010,1995575
"lso","Lesotho",2011,2003793
"lso","Lesotho",2012,2014988
"lso","Lesotho",2013,2028528
"lso","Lesotho",2014,2043448
"lso","Lesotho",2015,2059011
"lso","Lesotho",2016,2075041
"lso","Lesotho",2017,2091532
"lso","Lesotho",2018,2108327
"lso","Lesotho",2019,2125267
"lso","Lesotho",2020,2142252
"lbr","Liberia",2000,2848447
"lbr","Liberia",2001,2953928
"lbr","Liberia",2002,3024727
"lbr","Liberia",2003,3077055
"lbr","Liberia",2004,3135654
"lbr","Liberia",2005,3218114
"lbr","Liberia",2006,3329211
"lbr","Liberia",2007,3461911
"lbr","Liberia",2008,3607863
"lbr","Liberia",2009,3754129
"lbr","Liberia",2010,3891357
"lbr","Liberia",2011,4017446
"lbr","Liberia",2012,4135662
"lbr","Liberia",2013,4248337
"lbr","Liberia",2014,4359508
"lbr","Liberia",2015,4472229
"lbr","Liberia",2016,4586788
"lbr","Liberia",2017,4702224
"lbr","Liberia",2018,4818976
"lbr","Liberia",2019,4937374
"lbr","Liberia",2020,5057677
"lby","Libya",2000,5357893
"lby","Libya",2001,5443249
"lby","Libya",2002,5531097
"lby","Libya",2003,5620545
"lby","Libya",2004,5710163
"lby","Libya",2005,5798615
"lby","Libya",2006,5886874
"lby","Libya",2007,5974786
"lby","Libya",2008,6058740
"lby","Libya",2009,6133987
"lby","Libya",2010,6197667
"lby","Libya",2011,6247438
"lby","Libya",2012,6285751
"lby","Libya",2013,6320350
"lby","Libya",2014,6362039
"lby","Libya",2015,6418315
"lby","Libya",2016,6492160
"lby","Libya",2017,6580723
"lby","Libya",2018,6678565
"lby","Libya",2019,6777453
"lby","Libya",2020,6871287
"lie","Liechtenstein",2000,33184
"lie","Liechtenstein",2001,33543
"lie","Liechtenstein",2002,33885
"lie","Liechtenstein",2003,34172
"lie","Liechtenstein",2004,34444
"lie","Liechtenstein",2005,34718
"lie","Liechtenstein",2006,34975
"lie","Liechtenstein",2007,35217
"lie","Liechtenstein",2008,35469
"lie","Liechtenstein",2009,35723
"lie","Liechtenstein",2010,35996
"lie","Liechtenstein",2011,36299
"lie","Liechtenstein",2012,36615
"lie","Liechtenstein",2013,36940
"lie","Liechtenstein",2014,37219
"lie","Liechtenstein",2015,37465
"lie","Liechtenstein",2016,37655
"lie","Liechtenstein",2017,37805
"lie","Liechtenstein",2018,37918
"lie","Liechtenstein",2019,38020
"lie","Liechtenstein",2020,38137
"ltu","Lithuania",2000,3501842
"ltu","Lithuania",2001,3473623
"ltu","Lithuania",2002,3444777
"ltu","Lithuania",2003,3414367
"ltu","Lithuania",2004,3381134
"ltu","Lithuania",2005,3344259
"ltu","Lithuania",2006,3303329
"ltu","Lithuania",2007,3258984
"ltu","Lithuania",2008,3212867
"ltu","Lithuania",2009,3167270
"ltu","Lithuania",2010,3123825
"ltu","Lithuania",2011,3083402
"ltu","Lithuania",2012,3045561
"ltu","Lithuania",2013,3008938
"ltu","Lithuania",2014,2971498
"ltu","Lithuania",2015,2931872
"ltu","Lithuania",2016,2889555
"ltu","Lithuania",2017,2845419
"ltu","Lithuania",2018,2801270
"ltu","Lithuania",2019,2759631
"ltu","Lithuania",2020,2722291
"lux","Luxembourg",2000,436106
"lux","Luxembourg",2001,440197
"lux","Luxembourg",2002,443727
"lux","Luxembourg",2003,447317
"lux","Luxembourg",2004,451822
"lux","Luxembourg",2005,457848
"lux","Luxembourg",2006,465611
"lux","Luxembourg",2007,474917
"lux","Luxembourg",2008,485403
"lux","Luxembourg",2009,496536
"lux","Luxembourg",2010,507890
"lux","Luxembourg",2011,519312
"lux","Luxembourg",2012,530855
"lux","Luxembourg",2013,542554
"lux","Luxembourg",2014,554512
"lux","Luxembourg",2015,566741
"lux","Luxembourg",2016,579266
"lux","Luxembourg",2017,591914
"lux","Luxembourg",2018,604244
"lux","Luxembourg",2019,615730
"lux","Luxembourg",2020,625976
"mkd","Macedonia, FYR",2000,2034823
"mkd","Macedonia, FYR",2001,2042844
"mkd","Macedonia, FYR",2002,2048930
"mkd","Macedonia, FYR",2003,2053426
"mkd","Macedonia, FYR",2004,2057044
"mkd","Macedonia, FYR",2005,2060280
"mkd","Macedonia, FYR",2006,2063132
"mkd","Macedonia, FYR",2007,2065408
"mkd","Macedonia, FYR",2008,2067309
"mkd","Macedonia, FYR",2009,2069030
"mkd","Macedonia, FYR",2010,2070737
"mkd","Macedonia, FYR",2011,2072484
"mkd","Macedonia, FYR",2012,2074275
"mkd","Macedonia, FYR",2013,2076065
"mkd","Macedonia, FYR",2014,2077780
"mkd","Macedonia, FYR",2015,2079335
"mkd","Macedonia, FYR",2016,2080746
"mkd","Macedonia, FYR",2017,2081996
"mkd","Macedonia, FYR",2018,2082957
"mkd","Macedonia, FYR",2019,2083458
"mkd","Macedonia, FYR",2020,2083380
"mdg","Madagascar",2000,15766806
"mdg","Madagascar",2001,16260933
"mdg","Madagascar",2002,16765122
"mdg","Madagascar",2003,17279139
"mdg","Madagascar",2004,17802992
"mdg","Madagascar",2005,18336722
"mdg","Madagascar",2006,18880265
"mdg","Madagascar",2007,19433520
"mdg","Madagascar",2008,19996476
"mdg","Madagascar",2009,20569115
"mdg","Madagascar",2010,21151640
"mdg","Madagascar",2011,21743970
"mdg","Madagascar",2012,22346641
"mdg","Madagascar",2013,22961259
"mdg","Madagascar",2014,23589897
"mdg","Madagascar",2015,24234080
"mdg","Madagascar",2016,24894370
"mdg","Madagascar",2017,25570511
"mdg","Madagascar",2018,26262313
"mdg","Madagascar",2019,26969306
"mdg","Madagascar",2020,27691019
"mwi","Malawi",2000,11148751
"mwi","Malawi",2001,11432001
"mwi","Malawi",2002,11713663
"mwi","Malawi",2003,12000183
"mwi","Malawi",2004,12301837
"mwi","Malawi",2005,12625950
"mwi","Malawi",2006,12973693
"mwi","Malawi",2007,13341808
"mwi","Malawi",2008,13727899
"mwi","Malawi",2009,14128161
"mwi","Malawi",2010,14539609
"mwi","Malawi",2011,14962118
"mwi","Malawi",2012,15396010
"mwi","Malawi",2013,15839287
"mwi","Malawi",2014,16289550
"mwi","Malawi",2015,16745305
"mwi","Malawi",2016,17205253
"mwi","Malawi",2017,17670193
"mwi","Malawi",2018,18143215
"mwi","Malawi",2019,18628749
"mwi","Malawi",2020,19129955
"mys","Malaysia",2000,23194252
"mys","Malaysia",2001,23709115
"mys","Malaysia",2002,24208391
"mys","Malaysia",2003,24698821
"mys","Malaysia",2004,25190647
"mys","Malaysia",2005,25690615
"mys","Malaysia",2006,26201954
"mys","Malaysia",2007,26720367
"mys","Malaysia",2008,27236003
"mys","Malaysia",2009,27735038
"mys","Malaysia",2010,28208028
"mys","Malaysia",2011,28650962
"mys","Malaysia",2012,29068189
"mys","Malaysia",2013,29468923
"mys","Malaysia",2014,29866606
"mys","Malaysia",2015,30270965
"mys","Malaysia",2016,30684652
"mys","Malaysia",2017,31104655
"mys","Malaysia",2018,31528033
"mys","Malaysia",2019,31949789
"mys","Malaysia",2020,32365998
"mdv","Maldives",2000,279396
"mdv","Maldives",2001,286309
"mdv","Maldives",2002,294185
"mdv","Maldives",2003,302681
"mdv","Maldives",2004,311265
"mdv","Maldives",2005,319604
"mdv","Maldives",2006,327489
"mdv","Maldives",2007,335172
"mdv","Maldives",2008,343448
"mdv","Maldives",2009,353391
"mdv","Maldives",2010,365730
"mdv","Maldives",2011,380493
"mdv","Maldives",2012,397231
"mdv","Maldives",2013,415592
"mdv","Maldives",2014,435018
"mdv","Maldives",2015,454914
"mdv","Maldives",2016,475505
"mdv","Maldives",2017,496398
"mdv","Maldives",2018,515704
"mdv","Maldives",2019,530957
"mdv","Maldives",2020,540542
"mli","Mali",2000,10946448
"mli","Mali",2001,11271603
"mli","Mali",2002,11616890
"mli","Mali",2003,11982692
"mli","Mali",2004,12369078
"mli","Mali",2005,12775509
"mli","Mali",2006,13203378
"mli","Mali",2007,13651455
"mli","Mali",2008,14113578
"mli","Mali",2009,14581427
"mli","Mali",2010,15049352
"mli","Mali",2011,15514593
"mli","Mali",2012,15979492
"mli","Mali",2013,16449854
"mli","Mali",2014,16934213
"mli","Mali",2015,17438772
"mli","Mali",2016,17965448
"mli","Mali",2017,18512429
"mli","Mali",2018,19077755
"mli","Mali",2019,19658023
"mli","Mali",2020,20250834
"mlt","Malta",2000,393649
"mlt","Malta",2001,396324
"mlt","Malta",2002,398720
"mlt","Malta",2003,400858
"mlt","Malta",2004,402820
"mlt","Malta",2005,404659
"mlt","Malta",2006,406330
"mlt","Malta",2007,407854
"mlt","Malta",2008,409493
"mlt","Malta",2009,411559
"mlt","Malta",2010,414257
"mlt","Malta",2011,417720
"mlt","Malta",2012,421809
"mlt","Malta",2013,426144
"mlt","Malta",2014,430190
"mlt","Malta",2015,433559
"mlt","Malta",2016,436099
"mlt","Malta",2017,437935
"mlt","Malta",2018,439255
"mlt","Malta",2019,440377
"mlt","Malta",2020,441539
"mhl","Marshall Islands",2000,50754
"mhl","Marshall Islands",2001,51411
"mhl","Marshall Islands",2002,52368
"mhl","Marshall Islands",2003,53465
"mhl","Marshall Islands",2004,54476
"mhl","Marshall Islands",2005,55257
"mhl","Marshall Islands",2006,55765
"mhl","Marshall Islands",2007,56046
"mhl","Marshall Islands",2008,56166
"mhl","Marshall Islands",2009,56255
"mhl","Marshall Islands",2010,56361
"mhl","Marshall Islands",2011,56524
"mhl","Marshall Islands",2012,56712
"mhl","Marshall Islands",2013,56933
"mhl","Marshall Islands",2014,57183
"mhl","Marshall Islands",2015,57444
"mhl","Marshall Islands",2016,57723
"mhl","Marshall Islands",2017,58053
"mhl","Marshall Islands",2018,58412
"mhl","Marshall Islands",2019,58791
"mhl","Marshall Islands",2020,59194
"mrt","Mauritania",2000,2630217
"mrt","Mauritania",2001,2702405
"mrt","Mauritania",2002,2778097
"mrt","Mauritania",2003,2857150
"mrt","Mauritania",2004,2939246
"mrt","Mauritania",2005,3024198
"mrt","Mauritania",2006,3111908
"mrt","Mauritania",2007,3202512
"mrt","Mauritania",2008,3296237
"mrt","Mauritania",2009,3393408
"mrt","Mauritania",2010,3494200
"mrt","Mauritania",2011,3598646
"mrt","Mauritania",2012,3706555
"mrt","Mauritania",2013,3817497
"mrt","Mauritania",2014,3930894
"mrt","Mauritania",2015,4046304
"mrt","Mauritania",2016,4163532
"mrt","Mauritania",2017,4282582
"mrt","Mauritania",2018,4403312
"mrt","Mauritania",2019,4525698
"mrt","Mauritania",2020,4649660
"mus","Mauritius",2000,1185147
"mus","Mauritius",2001,1193911
"mus","Mauritius",2002,1201805
"mus","Mauritius",2003,1208992
"mus","Mauritius",2004,1215668
"mus","Mauritius",2005,1222010
"mus","Mauritius",2006,1228089
"mus","Mauritius",2007,1233890
"mus","Mauritius",2008,1239262
"mus","Mauritius",2009,1243996
"mus","Mauritius",2010,1247953
"mus","Mauritius",2011,1251074
"mus","Mauritius",2012,1253489
"mus","Mauritius",2013,1255458
"mus","Mauritius",2014,1257351
"mus","Mauritius",2015,1259457
"mus","Mauritius",2016,1261870
"mus","Mauritius",2017,1264497
"mus","Mauritius",2018,1267184
"mus","Mauritius",2019,1269670
"mus","Mauritius",2020,1271767
"mex","Mexico",2000,98899845
"mex","Mexico",2001,100298152
"mex","Mexico",2002,101684764
"mex","Mexico",2003,103081020
"mex","Mexico",2004,104514934
"mex","Mexico",2005,106005199
"mex","Mexico",2006,107560155
"mex","Mexico",2007,109170503
"mex","Mexico",2008,110815272
"mex","Mexico",2009,112463886
"mex","Mexico",2010,114092961
"mex","Mexico",2011,115695468
"mex","Mexico",2012,117274156
"mex","Mexico",2013,118827158
"mex","Mexico",2014,120355137
"mex","Mexico",2015,121858251
"mex","Mexico",2016,123333379
"mex","Mexico",2017,124777326
"mex","Mexico",2018,126190782
"mex","Mexico",2019,127575529
"mex","Mexico",2020,128932753
"fsm","Micronesia, Fed. Sts.",2000,107405
"fsm","Micronesia, Fed. Sts.",2001,107170
"fsm","Micronesia, Fed. Sts.",2002,107027
"fsm","Micronesia, Fed. Sts.",2003,106902
"fsm","Micronesia, Fed. Sts.",2004,106624
"fsm","Micronesia, Fed. Sts.",2005,106135
"fsm","Micronesia, Fed. Sts.",2006,105374
"fsm","Micronesia, Fed. Sts.",2007,104442
"fsm","Micronesia, Fed. Sts.",2008,103549
"fsm","Micronesia, Fed. Sts.",2009,102971
"fsm","Micronesia, Fed. Sts.",2010,102916
"fsm","Micronesia, Fed. Sts.",2011,103448
"fsm","Micronesia, Fed. Sts.",2012,104506
"fsm","Micronesia, Fed. Sts.",2013,105922
"fsm","Micronesia, Fed. Sts.",2014,107444
"fsm","Micronesia, Fed. Sts.",2015,108886
"fsm","Micronesia, Fed. Sts.",2016,110215
"fsm","Micronesia, Fed. Sts.",2017,111461
"fsm","Micronesia, Fed. Sts.",2018,112640
"fsm","Micronesia, Fed. Sts.",2019,113811
"fsm","Micronesia, Fed. Sts.",2020,115021
"mda","Moldova",2000,4202659
"mda","Moldova",2001,4187097
"mda","Moldova",2002,4178228
"mda","Moldova",2003,4173276
"mda","Moldova",2004,4167962
"mda","Moldova",2005,4159296
"mda","Moldova",2006,4146264
"mda","Moldova",2007,4130129
"mda","Moldova",2008,4112886
"mda","Moldova",2009,4097515
"mda","Moldova",2010,4086090
"mda","Moldova",2011,4079167
"mda","Moldova",2012,4075804
"mda","Moldova",2013,4074585
"mda","Moldova",2014,4073407
"mda","Moldova",2015,4070705
"mda","Moldova",2016,4066013
"mda","Moldova",2017,4059687
"mda","Moldova",2018,4051950
"mda","Moldova",2019,4043258
"mda","Moldova",2020,4033963
"mco","Monaco",2000,32148
"mco","Monaco",2001,32474
"mco","Monaco",2002,32804
"mco","Monaco",2003,33144
"mco","Monaco",2004,33499
"mco","Monaco",2005,33842
"mco","Monaco",2006,34189
"mco","Monaco",2007,34524
"mco","Monaco",2008,34860
"mco","Monaco",2009,35223
"mco","Monaco",2010,35609
"mco","Monaco",2011,36025
"mco","Monaco",2012,36459
"mco","Monaco",2013,36899
"mco","Monaco",2014,37320
"mco","Monaco",2015,37723
"mco","Monaco",2016,38070
"mco","Monaco",2017,38392
"mco","Monaco",2018,38682
"mco","Monaco",2019,38967
"mco","Monaco",2020,39244
"mng","Mongolia",2000,2397417
"mng","Mongolia",2001,2419594
"mng","Mongolia",2002,2443261
"mng","Mongolia",2003,2468765
"mng","Mongolia",2004,2496394
"mng","Mongolia",2005,2526429
"mng","Mongolia",2006,2558854
"mng","Mongolia",2007,2593819
"mng","Mongolia",2008,2631899
"mng","Mongolia",2009,2673794
"mng","Mongolia",2010,2719902
"mng","Mongolia",2011,2770357
"mng","Mongolia",2012,2824698
"mng","Mongolia",2013,2881783
"mng","Mongolia",2014,2940111
"mng","Mongolia",2015,2998433
"mng","Mongolia",2016,3056358
"mng","Mongolia",2017,3113788
"mng","Mongolia",2018,3170214
"mng","Mongolia",2019,3225166
"mng","Mongolia",2020,3278292
"mne","Montenegro",2000,613558
"mne","Montenegro",2001,613170
"mne","Montenegro",2002,613371
"mne","Montenegro",2003,614081
"mne","Montenegro",2004,615137
"mne","Montenegro",2005,616388
"mne","Montenegro",2006,617863
"mne","Montenegro",2007,619554
"mne","Montenegro",2008,621312
"mne","Montenegro",2009,622933
"mne","Montenegro",2010,624279
"mne","Montenegro",2011,625271
"mne","Montenegro",2012,625931
"mne","Montenegro",2013,626342
"mne","Montenegro",2014,626650
"mne","Montenegro",2015,626957
"mne","Montenegro",2016,627271
"mne","Montenegro",2017,627563
"mne","Montenegro",2018,627803
"mne","Montenegro",2019,627988
"mne","Montenegro",2020,628062
"mar","Morocco",2000,28793672
"mar","Morocco",2001,29126323
"mar","Morocco",2002,29454765
"mar","Morocco",2003,29782884
"mar","Morocco",2004,30115196
"mar","Morocco",2005,30455563
"mar","Morocco",2006,30804689
"mar","Morocco",2007,31163670
"mar","Morocco",2008,31536807
"mar","Morocco",2009,31929087
"mar","Morocco",2010,32343384
"mar","Morocco",2011,32781860
"mar","Morocco",2012,33241898
"mar","Morocco",2013,33715705
"mar","Morocco",2014,34192358
"mar","Morocco",2015,34663608
"mar","Morocco",2016,35126274
"mar","Morocco",2017,35581257
"mar","Morocco",2018,36029089
"mar","Morocco",2019,36471766
"mar","Morocco",2020,36910558
"moz","Mozambique",2000,17711925
"moz","Mozambique",2001,18221884
"moz","Mozambique",2002,18764147
"moz","Mozambique",2003,19331097
"moz","Mozambique",2004,19910549
"moz","Mozambique",2005,20493927
"moz","Mozambique",2006,21080108
"moz","Mozambique",2007,21673319
"moz","Mozambique",2008,22276596
"moz","Mozambique",2009,22894718
"moz","Mozambique",2010,23531567
"moz","Mozambique",2011,24187500
"moz","Mozambique",2012,24862673
"moz","Mozambique",2013,25560752
"moz","Mozambique",2014,26286192
"moz","Mozambique",2015,27042001
"moz","Mozambique",2016,27829930
"moz","Mozambique",2017,28649007
"moz","Mozambique",2018,29496009
"moz","Mozambique",2019,30366043
"moz","Mozambique",2020,31255435
"mmr","Myanmar",2000,46719698
"mmr","Myanmar",2001,47225119
"mmr","Myanmar",2002,47702163
"mmr","Myanmar",2003,48148907
"mmr","Myanmar",2004,48564489
"mmr","Myanmar",2005,48949931
"mmr","Myanmar",2006,49301049
"mmr","Myanmar",2007,49621479
"mmr","Myanmar",2008,49929642
"mmr","Myanmar",2009,50250366
"mmr","Myanmar",2010,50600827
"mmr","Myanmar",2011,50990612
"mmr","Myanmar",2012,51413703
"mmr","Myanmar",2013,51852464
"mmr","Myanmar",2014,52280816
"mmr","Myanmar",2015,52680724
"mmr","Myanmar",2016,53045199
"mmr","Myanmar",2017,53382521
"mmr","Myanmar",2018,53708318
"mmr","Myanmar",2019,54045422
"mmr","Myanmar",2020,54409794
"nam","Namibia",2000,1794583
"nam","Namibia",2001,1823667
"nam","Namibia",2002,1851519
"nam","Namibia",2003,1879113
"nam","Namibia",2004,1907737
"nam","Namibia",2005,1938316
"nam","Namibia",2006,1971318
"nam","Namibia",2007,2006516
"nam","Namibia",2008,2043382
"nam","Namibia",2009,2081039
"nam","Namibia",2010,2118877
"nam","Namibia",2011,2156698
"nam","Namibia",2012,2194777
"nam","Namibia",2013,2233506
"nam","Namibia",2014,2273426
"nam","Namibia",2015,2314901
"nam","Namibia",2016,2358044
"nam","Namibia",2017,2402623
"nam","Namibia",2018,2448300
"nam","Namibia",2019,2494524
"nam","Namibia",2020,2540916
"nru","Nauru",2000,10335
"nru","Nauru",2001,10219
"nru","Nauru",2002,10102
"nru","Nauru",2003,9990
"nru","Nauru",2004,9906
"nru","Nauru",2005,9848
"nru","Nauru",2006,9827
"nru","Nauru",2007,9846
"nru","Nauru",2008,9880
"nru","Nauru",2009,9945
"nru","Nauru",2010,10009
"nru","Nauru",2011,10069
"nru","Nauru",2012,10136
"nru","Nauru",2013,10208
"nru","Nauru",2014,10289
"nru","Nauru",2015,10374
"nru","Nauru",2016,10474
"nru","Nauru",2017,10577
"nru","Nauru",2018,10678
"nru","Nauru",2019,10764
"nru","Nauru",2020,10834
"npl","Nepal",2000,23941099
"npl","Nepal",2001,24347113
"npl","Nepal",2002,24725625
"npl","Nepal",2003,25080880
"npl","Nepal",2004,25419337
"npl","Nepal",2005,25744500
"npl","Nepal",2006,26066687
"npl","Nepal",2007,26382586
"npl","Nepal",2008,26666581
"npl","Nepal",2009,26883531
"npl","Nepal",2010,27013207
"npl","Nepal",2011,27041220
"npl","Nepal",2012,26989160
"npl","Nepal",2013,26916795
"npl","Nepal",2014,26905982
"npl","Nepal",2015,27015033
"npl","Nepal",2016,27263430
"npl","Nepal",2017,27632682
"npl","Nepal",2018,28095712
"npl","Nepal",2019,28608715
"npl","Nepal",2020,29136808
"nld","Netherlands",2000,15926188
"nld","Netherlands",2001,16018112
"nld","Netherlands",2002,16110355
"nld","Netherlands",2003,16200948
"nld","Netherlands",2004,16287183
"nld","Netherlands",2005,16367153
"nld","Netherlands",2006,16440091
"nld","Netherlands",2007,16506652
"nld","Netherlands",2008,16568105
"nld","Netherlands",2009,16626379
"nld","Netherlands",2010,16682927
"nld","Netherlands",2011,16738191
"nld","Netherlands",2012,16791850
"nld","Netherlands",2013,16843512
"nld","Netherlands",2014,16892517
"nld","Netherlands",2015,16938492
"nld","Netherlands",2016,16981285
"nld","Netherlands",2017,17021343
"nld","Netherlands",2018,17059560
"nld","Netherlands",2019,17097123
"nld","Netherlands",2020,17134873
"nzl","New Zealand",2000,3858992
"nzl","New Zealand",2001,3907941
"nzl","New Zealand",2002,3963202
"nzl","New Zealand",2003,4022074
"nzl","New Zealand",2004,4080421
"nzl","New Zealand",2005,4135353
"nzl","New Zealand",2006,4185882
"nzl","New Zealand",2007,4233046
"nzl","New Zealand",2008,4278156
"nzl","New Zealand",2009,4323338
"nzl","New Zealand",2010,4370060
"nzl","New Zealand",2011,4418674
"nzl","New Zealand",2012,4468462
"nzl","New Zealand",2013,4518519
"nzl","New Zealand",2014,4567522
"nzl","New Zealand",2015,4614527
"nzl","New Zealand",2016,4659265
"nzl","New Zealand",2017,4702029
"nzl","New Zealand",2018,4743131
"nzl","New Zealand",2019,4783062
"nzl","New Zealand",2020,4822233
"nic","Nicaragua",2000,5069310
"nic","Nicaragua",2001,5145367
"nic","Nicaragua",2002,5219324
"nic","Nicaragua",2003,5292115
"nic","Nicaragua",2004,5364930
"nic","Nicaragua",2005,5438692
"nic","Nicaragua",2006,5513757
"nic","Nicaragua",2007,5590066
"nic","Nicaragua",2008,5667436
"nic","Nicaragua",2009,5745538
"nic","Nicaragua",2010,5824058
"nic","Nicaragua",2011,5903035
"nic","Nicaragua",2012,5982530
"nic","Nicaragua",2013,6062462
"nic","Nicaragua",2014,6142734
"nic","Nicaragua",2015,6223234
"nic","Nicaragua",2016,6303970
"nic","Nicaragua",2017,6384843
"nic","Nicaragua",2018,6465502
"nic","Nicaragua",2019,6545503
"nic","Nicaragua",2020,6624554
"ner","Niger",2000,11331561
"ner","Niger",2001,11751364
"ner","Niger",2002,12189988
"ner","Niger",2003,12647983
"ner","Niger",2004,13125914
"ner","Niger",2005,13624474
"ner","Niger",2006,14143969
"ner","Niger",2007,14685404
"ner","Niger",2008,15250913
"ner","Niger",2009,15843131
"ner","Niger",2010,16464025
"ner","Niger",2011,17114770
"ner","Niger",2012,17795209
"ner","Niger",2013,18504287
"ner","Niger",2014,19240182
"ner","Niger",2015,20001663
"ner","Niger",2016,20788789
"ner","Niger",2017,21602388
"ner","Niger",2018,22442831
"ner","Niger",2019,23310719
"ner","Niger",2020,24206636
"nga","Nigeria",2000,122283853
"nga","Nigeria",2001,125394046
"nga","Nigeria",2002,128596079
"nga","Nigeria",2003,131900634
"nga","Nigeria",2004,135320420
"nga","Nigeria",2005,138865014
"nga","Nigeria",2006,142538305
"nga","Nigeria",2007,146339971
"nga","Nigeria",2008,150269622
"nga","Nigeria",2009,154324939
"nga","Nigeria",2010,158503203
"nga","Nigeria",2011,162805080
"nga","Nigeria",2012,167228803
"nga","Nigeria",2013,171765819
"nga","Nigeria",2014,176404931
"nga","Nigeria",2015,181137454
"nga","Nigeria",2016,185960244
"nga","Nigeria",2017,190873247
"nga","Nigeria",2018,195874685
"nga","Nigeria",2019,200963603
"nga","Nigeria",2020,206139587
"nor","Norway",2000,4499375
"nor","Norway",2001,4523139
"nor","Norway",2002,4546017
"nor","Norway",2003,4570096
"nor","Norway",2004,4598210
"nor","Norway",2005,4632359
"nor","Norway",2006,4672986
"nor","Norway",2007,4719403
"nor","Norway",2008,4771014
"nor","Norway",2009,4826847
"nor","Norway",2010,4885878
"nor","Norway",2011,4948335
"nor","Norway",2012,5013716
"nor","Norway",2013,5079460
"nor","Norway",2014,5142269
"nor","Norway",2015,5199827
"nor","Norway",2016,5250950
"nor","Norway",2017,5296324
"nor","Norway",2018,5337960
"nor","Norway",2019,5378859
"nor","Norway",2020,5421242
"omn","Oman",2000,2267973
"omn","Oman",2001,2294959
"omn","Oman",2002,2334860
"omn","Oman",2003,2386164
"omn","Oman",2004,2445524
"omn","Oman",2005,2511254
"omn","Oman",2006,2580753
"omn","Oman",2007,2657162
"omn","Oman",2008,2750956
"omn","Oman",2009,2876186
"omn","Oman",2010,3041435
"omn","Oman",2011,3251102
"omn","Oman",2012,3498031
"omn","Oman",2013,3764805
"omn","Oman",2014,4027255
"omn","Oman",2015,4267341
"omn","Oman",2016,4479217
"omn","Oman",2017,4665926
"omn","Oman",2018,4829476
"omn","Oman",2019,4974992
"omn","Oman",2020,5106622
"pak","Pakistan",2000,142343583
"pak","Pakistan",2001,145978408
"pak","Pakistan",2002,149549695
"pak","Pakistan",2003,153093371
"pak","Pakistan",2004,156664698
"pak","Pakistan",2005,160304007
"pak","Pakistan",2006,164022626
"pak","Pakistan",2007,167808106
"pak","Pakistan",2008,171648984
"pak","Pakistan",2009,175525610
"pak","Pakistan",2010,179424643
"pak","Pakistan",2011,183340168
"pak","Pakistan",2012,187280125
"pak","Pakistan",2013,191260799
"pak","Pakistan",2014,195305012
"pak","Pakistan",2015,199426953
"pak","Pakistan",2016,203631356
"pak","Pakistan",2017,207906210
"pak","Pakistan",2018,212228288
"pak","Pakistan",2019,216565317
"pak","Pakistan",2020,220892331
"plw","Palau",2000,19104
"plw","Palau",2001,19390
"plw","Palau",2002,19642
"plw","Palau",2003,19812
"plw","Palau",2004,19861
"plw","Palau",2005,19784
"plw","Palau",2006,19545
"plw","Palau",2007,19159
"plw","Palau",2008,18708
"plw","Palau",2009,18290
"plw","Palau",2010,17954
"plw","Palau",2011,17748
"plw","Palau",2012,17635
"plw","Palau",2013,17603
"plw","Palau",2014,17625
"plw","Palau",2015,17665
"plw","Palau",2016,17718
"plw","Palau",2017,17809
"plw","Palau",2018,17911
"plw","Palau",2019,18001
"plw","Palau",2020,18092
"pan","Panama",2000,3030333
"pan","Panama",2001,3089641
"pan","Panama",2002,3149195
"pan","Panama",2003,3209056
"pan","Panama",2004,3269356
"pan","Panama",2005,3330222
"pan","Panama",2006,3391673
"pan","Panama",2007,3453671
"pan","Panama",2008,3516204
"pan","Panama",2009,3579215
"pan","Panama",2010,3642691
"pan","Panama",2011,3706479
"pan","Panama",2012,3770635
"pan","Panama",2013,3835447
"pan","Panama",2014,3901311
"pan","Panama",2015,3968490
"pan","Panama",2016,4037073
"pan","Panama",2017,4106764
"pan","Panama",2018,4176868
"pan","Panama",2019,4246440
"pan","Panama",2020,4314768
"png","Papua New Guinea",2000,5847590
"png","Papua New Guinea",2001,5974627
"png","Papua New Guinea",2002,6098621
"png","Papua New Guinea",2003,6223378
"png","Papua New Guinea",2004,6354247
"png","Papua New Guinea",2005,6494902
"png","Papua New Guinea",2006,6646891
"png","Papua New Guinea",2007,6808503
"png","Papua New Guinea",2008,6976200
"png","Papua New Guinea",2009,7144774
"png","Papua New Guinea",2010,7310512
"png","Papua New Guinea",2011,7472196
"png","Papua New Guinea",2012,7631003
"png","Papua New Guinea",2013,7788388
"png","Papua New Guinea",2014,7946733
"png","Papua New Guinea",2015,8107772
"png","Papua New Guinea",2016,8271766
"png","Papua New Guinea",2017,8438038
"png","Papua New Guinea",2018,8606324
"png","Papua New Guinea",2019,8776119
"png","Papua New Guinea",2020,8947027
"pry","Paraguay",2000,5323202
"pry","Paraguay",2001,5428442
"pry","Paraguay",2002,5531958
"pry","Paraguay",2003,5632983
"pry","Paraguay",2004,5730556
"pry","Paraguay",2005,5824095
"pry","Paraguay",2006,5913212
"pry","Paraguay",2007,5998430
"pry","Paraguay",2008,6081296
"pry","Paraguay",2009,6163970
"pry","Paraguay",2010,6248017
"pry","Paraguay",2011,6333981
"pry","Paraguay",2012,6421510
"pry","Paraguay",2013,6510273
"pry","Paraguay",2014,6599524
"pry","Paraguay",2015,6688746
"pry","Paraguay",2016,6777878
"pry","Paraguay",2017,6867058
"pry","Paraguay",2018,6956069
"pry","Paraguay",2019,7044639
"pry","Paraguay",2020,7132530
"per","Peru",2000,26459944
"per","Peru",2001,26799289
"per","Peru",2002,27100964
"per","Peru",2003,27372217
"per","Peru",2004,27624226
"per","Peru",2005,27866140
"per","Peru",2006,28102055
"per","Peru",2007,28333050
"per","Peru",2008,28562321
"per","Peru",2009,28792663
"per","Peru",2010,29027680
"per","Peru",2011,29264314
"per","Peru",2012,29506790
"per","Peru",2013,29773986
"per","Peru",2014,30090372
"per","Peru",2015,30470739
"per","Peru",2016,30926036
"per","Peru",2017,31444299
"per","Peru",2018,31989265
"per","Peru",2019,32510462
"per","Peru",2020,32971846
"phl","Philippines",2000,77991757
"phl","Philippines",2001,79672869
"phl","Philippines",2002,81365260
"phl","Philippines",2003,83051970
"phl","Philippines",2004,84710544
"phl","Philippines",2005,86326251
"phl","Philippines",2006,87888675
"phl","Philippines",2007,89405482
"phl","Philippines",2008,90901967
"phl","Philippines",2009,92414161
"phl","Philippines",2010,93966784
"phl","Philippines",2011,95570049
"phl","Philippines",2012,97212639
"phl","Philippines",2013,98871558
"phl","Philippines",2014,100513137
"phl","Philippines",2015,102113206
"phl","Philippines",2016,103663812
"phl","Philippines",2017,105172921
"phl","Philippines",2018,106651394
"phl","Philippines",2019,108116622
"phl","Philippines",2020,109581085
"pol","Poland",2000,38556699
"pol","Poland",2001,38529585
"pol","Poland",2002,38488640
"pol","Poland",2003,38441821
"pol","Poland",2004,38399553
"pol","Poland",2005,38368957
"pol","Poland",2006,38354447
"pol","Poland",2007,38353339
"pol","Poland",2008,38356786
"pol","Poland",2009,38351924
"pol","Poland",2010,38329784
"pol","Poland",2011,38286824
"pol","Poland",2012,38227033
"pol","Poland",2013,38158043
"pol","Poland",2014,38091095
"pol","Poland",2015,38034076
"pol","Poland",2016,37989218
"pol","Poland",2017,37953176
"pol","Poland",2018,37921585
"pol","Poland",2019,37887771
"pol","Poland",2020,37846605
"prt","Portugal",2000,10297117
"prt","Portugal",2001,10341456
"prt","Portugal",2002,10385993
"prt","Portugal",2003,10429615
"prt","Portugal",2004,10470926
"prt","Portugal",2005,10508494
"prt","Portugal",2006,10542837
"prt","Portugal",2007,10573150
"prt","Portugal",2008,10595312
"prt","Portugal",2009,10604066
"prt","Portugal",2010,10596055
"prt","Portugal",2011,10569388
"prt","Portugal",2012,10526308
"prt","Portugal",2013,10473025
"prt","Portugal",2014,10418224
"prt","Portugal",2015,10368346
"prt","Portugal",2016,10325540
"prt","Portugal",2017,10288527
"prt","Portugal",2018,10256192
"prt","Portugal",2019,10226178
"prt","Portugal",2020,10196707
"qat","Qatar",2000,592467
"qat","Qatar",2001,615013
"qat","Qatar",2002,640872
"qat","Qatar",2003,681791
"qat","Qatar",2004,753332
"qat","Qatar",2005,865410
"qat","Qatar",2006,1022704
"qat","Qatar",2007,1218441
"qat","Qatar",2008,1436670
"qat","Qatar",2009,1654944
"qat","Qatar",2010,1856329
"qat","Qatar",2011,2035862
"qat","Qatar",2012,2196078
"qat","Qatar",2013,2336579
"qat","Qatar",2014,2459202
"qat","Qatar",2015,2565708
"qat","Qatar",2016,2654379
"qat","Qatar",2017,2724727
"qat","Qatar",2018,2781682
"qat","Qatar",2019,2832071
"qat","Qatar",2020,2881060
"rou","Romania",2000,22137423
"rou","Romania",2001,21989354
"rou","Romania",2002,21853278
"rou","Romania",2003,21720403
"rou","Romania",2004,21577890
"rou","Romania",2005,21417287
"rou","Romania",2006,21234312
"rou","Romania",2007,21034196
"rou","Romania",2008,20829521
"rou","Romania",2009,20637995
"rou","Romania",2010,20471860
"rou","Romania",2011,20336718
"rou","Romania",2012,20227467
"rou","Romania",2013,20132780
"rou","Romania",2014,20035928
"rou","Romania",2015,19925182
"rou","Romania",2016,19796280
"rou","Romania",2017,19653966
"rou","Romania",2018,19506110
"rou","Romania",2019,19364558
"rou","Romania",2020,19237682
"rus","Russia",2000,146404890
"rus","Russia",2001,145830726
"rus","Russia",2002,145215707
"rus","Russia",2003,144610876
"rus","Russia",2004,144080649
"rus","Russia",2005,143672125
"rus","Russia",2006,143403258
"rus","Russia",2007,143266207
"rus","Russia",2008,143248764
"rus","Russia",2009,143326904
"rus","Russia",2010,143479273
"rus","Russia",2011,143703027
"rus","Russia",2012,143993888
"rus","Russia",2013,144325456
"rus","Russia",2014,144664837
"rus","Russia",2015,144985059
"rus","Russia",2016,145275374
"rus","Russia",2017,145530091
"rus","Russia",2018,145734034
"rus","Russia",2019,145872260
"rus","Russia",2020,145934460
"rwa","Rwanda",2000,7933688
"rwa","Rwanda",2001,8231150
"rwa","Rwanda",2002,8427061
"rwa","Rwanda",2003,8557160
"rwa","Rwanda",2004,8680516
"rwa","Rwanda",2005,8840220
"rwa","Rwanda",2006,9043342
"rwa","Rwanda",2007,9273759
"rwa","Rwanda",2008,9524532
"rwa","Rwanda",2009,9782770
"rwa","Rwanda",2010,10039338
"rwa","Rwanda",2011,10293333
"rwa","Rwanda",2012,10549668
"rwa","Rwanda",2013,10811538
"rwa","Rwanda",2014,11083629
"rwa","Rwanda",2015,11369066
"rwa","Rwanda",2016,11668829
"rwa","Rwanda",2017,11980960
"rwa","Rwanda",2018,12301969
"rwa","Rwanda",2019,12626938
"rwa","Rwanda",2020,12952209
"kna","St. Kitts and Nevis",2000,44083
"kna","St. Kitts and Nevis",2001,44602
"kna","St. Kitts and Nevis",2002,45168
"kna","St. Kitts and Nevis",2003,45749
"kna","St. Kitts and Nevis",2004,46323
"kna","St. Kitts and Nevis",2005,46852
"kna","St. Kitts and Nevis",2006,47333
"kna","St. Kitts and Nevis",2007,47769
"kna","St. Kitts and Nevis",2008,48178
"kna","St. Kitts and Nevis",2009,48599
"kna","St. Kitts and Nevis",2010,49011
"kna","St. Kitts and Nevis",2011,49442
"kna","St. Kitts and Nevis",2012,49881
"kna","St. Kitts and Nevis",2013,50328
"kna","St. Kitts and Nevis",2014,50776
"kna","St. Kitts and Nevis",2015,51204
"kna","St. Kitts and Nevis",2016,51629
"kna","St. Kitts and Nevis",2017,52036
"kna","St. Kitts and Nevis",2018,52438
"kna","St. Kitts and Nevis",2019,52834
"kna","St. Kitts and Nevis",2020,53192
"lca","St. Lucia",2000,156737
"lca","St. Lucia",2001,158184
"lca","St. Lucia",2002,159392
"lca","St. Lucia",2003,160530
"lca","St. Lucia",2004,161821
"lca","St. Lucia",2005,163408
"lca","St. Lucia",2006,165378
"lca","St. Lucia",2007,167644
"lca","St. Lucia",2008,170011
"lca","St. Lucia",2009,172223
"lca","St. Lucia",2010,174092
"lca","St. Lucia",2011,175538
"lca","St. Lucia",2012,176654
"lca","St. Lucia",2013,177505
"lca","St. Lucia",2014,178307
"lca","St. Lucia",2015,179131
"lca","St. Lucia",2016,180028
"lca","St. Lucia",2017,180955
"lca","St. Lucia",2018,181890
"lca","St. Lucia",2019,182795
"lca","St. Lucia",2020,183629
"vct","St. Vincent and the Grenadines",2000,107787
"vct","St. Vincent and the Grenadines",2001,107893
"vct","St. Vincent and the Grenadines",2002,108095
"vct","St. Vincent and the Grenadines",2003,108322
"vct","St. Vincent and the Grenadines",2004,108520
"vct","St. Vincent and the Grenadines",2005,108617
"vct","St. Vincent and the Grenadines",2006,108602
"vct","St. Vincent and the Grenadines",2007,108516
"vct","St. Vincent and the Grenadines",2008,108401
"vct","St. Vincent and the Grenadines",2009,108293
"vct","St. Vincent and the Grenadines",2010,108260
"vct","St. Vincent and the Grenadines",2011,108315
"vct","St. Vincent and the Grenadines",2012,108435
"vct","St. Vincent and the Grenadines",2013,108624
"vct","St. Vincent and the Grenadines",2014,108868
"vct","St. Vincent and the Grenadines",2015,109135
"vct","St. Vincent and the Grenadines",2016,109467
"vct","St. Vincent and the Grenadines",2017,109826
"vct","St. Vincent and the Grenadines",2018,110210
"vct","St. Vincent and the Grenadines",2019,110593
"vct","St. Vincent and the Grenadines",2020,110947
"wsm","Samoa",2000,174454
"wsm","Samoa",2001,175394
"wsm","Samoa",2002,176410
"wsm","Samoa",2003,177481
"wsm","Samoa",2004,178597
"wsm","Samoa",2005,179722
"wsm","Samoa",2006,180874
"wsm","Samoa",2007,182045
"wsm","Samoa",2008,183270
"wsm","Samoa",2009,184553
"wsm","Samoa",2010,185944
"wsm","Samoa",2011,187469
"wsm","Samoa",2012,189089
"wsm","Samoa",2013,190712
"wsm","Samoa",2014,192220
"wsm","Samoa",2015,193510
"wsm","Samoa",2016,194540
"wsm","Samoa",2017,195358
"wsm","Samoa",2018,196128
"wsm","Samoa",2019,197093
"wsm","Samoa",2020,198410
"smr","San Marino",2000,27460
"smr","San Marino",2001,27818
"smr","San Marino",2002,28175
"smr","San Marino",2003,28561
"smr","San Marino",2004,28942
"smr","San Marino",2005,29324
"smr","San Marino",2006,29694
"smr","San Marino",2007,30068
"smr","San Marino",2008,30434
"smr","San Marino",2009,30825
"smr","San Marino",2010,31221
"smr","San Marino",2011,31655
"smr","San Marino",2012,32103
"smr","San Marino",2013,32554
"smr","San Marino",2014,32941
"smr","San Marino",2015,33270
"smr","San Marino",2016,33503
"smr","San Marino",2017,33671
"smr","San Marino",2018,33784
"smr","San Marino",2019,33864
"smr","San Marino",2020,33938
"stp","Sao Tome and Principe",2000,142264
"stp","Sao Tome and Principe",2001,144760
"stp","Sao Tome and Principe",2002,147450
"stp","Sao Tome and Principe",2003,150405
"stp","Sao Tome and Principe",2004,153736
"stp","Sao Tome and Principe",2005,157472
"stp","Sao Tome and Principe",2006,161676
"stp","Sao Tome and Principe",2007,166297
"stp","Sao Tome and Principe",2008,171122
"stp","Sao Tome and Principe",2009,175877
"stp","Sao Tome and Principe",2010,180372
"stp","Sao Tome and Principe",2011,184521
"stp","Sao Tome and Principe",2012,188394
"stp","Sao Tome and Principe",2013,192076
"stp","Sao Tome and Principe",2014,195727
"stp","Sao Tome and Principe",2015,199439
"stp","Sao Tome and Principe",2016,203221
"stp","Sao Tome and Principe",2017,207086
"stp","Sao Tome and Principe",2018,211032
"stp","Sao Tome and Principe",2019,215048
"stp","Sao Tome and Principe",2020,219161
"sau","Saudi Arabia",2000,20663840
"sau","Saudi Arabia",2001,21202646
"sau","Saudi Arabia",2002,21805322
"sau","Saudi Arabia",2003,22456645
"sau","Saudi Arabia",2004,23132686
"sau","Saudi Arabia",2005,23816175
"sau","Saudi Arabia",2006,24498313
"sau","Saudi Arabia",2007,25184589
"sau","Saudi Arabia",2008,25888535
"sau","Saudi Arabia",2009,26630303
"sau","Saudi Arabia",2010,27421468
"sau","Saudi Arabia",2011,28267591
"sau","Saudi Arabia",2012,29154906
"sau","Saudi Arabia",2013,30052058
"sau","Saudi Arabia",2014,30916603
"sau","Saudi Arabia",2015,31717676
"sau","Saudi Arabia",2016,32443443
"sau","Saudi Arabia",2017,33101183
"sau","Saudi Arabia",2018,33702757
"sau","Saudi Arabia",2019,34268529
"sau","Saudi Arabia",2020,34813867
"sen","Senegal",2000,9797731
"sen","Senegal",2001,10036102
"sen","Senegal",2002,10283694
"sen","Senegal",2003,10541470
"sen","Senegal",2004,10810086
"sen","Senegal",2005,11090123
"sen","Senegal",2006,11382272
"sen","Senegal",2007,11687078
"sen","Senegal",2008,12004700
"sen","Senegal",2009,12335092
"sen","Senegal",2010,12678143
"sen","Senegal",2011,13033814
"sen","Senegal",2012,13401990
"sen","Senegal",2013,13782429
"sen","Senegal",2014,14174740
"sen","Senegal",2015,14578450
"sen","Senegal",2016,14993514
"sen","Senegal",2017,15419354
"sen","Senegal",2018,15854324
"sen","Senegal",2019,16296362
"sen","Senegal",2020,16743930
"srb","Serbia",2000,9487612
"srb","Serbia",2001,9410769
"srb","Serbia",2002,9346464
"srb","Serbia",2003,9292232
"srb","Serbia",2004,9242643
"srb","Serbia",2005,9193818
"srb","Serbia",2006,9145913
"srb","Serbia",2007,9101189
"srb","Serbia",2008,9060105
"srb","Serbia",2009,9023354
"srb","Serbia",2010,8991258
"srb","Serbia",2011,8963761
"srb","Serbia",2012,8940116
"srb","Serbia",2013,8918892
"srb","Serbia",2014,8898284
"srb","Serbia",2015,8876777
"srb","Serbia",2016,8853963
"srb","Serbia",2017,8829623
"srb","Serbia",2018,8802741
"srb","Serbia",2019,8772228
"srb","Serbia",2020,8737370
"syc","Seychelles",2000,80998
"syc","Seychelles",2001,82413
"syc","Seychelles",2002,84077
"syc","Seychelles",2003,85807
"syc","Seychelles",2004,87388
"syc","Seychelles",2005,88652
"syc","Seychelles",2006,89528
"syc","Seychelles",2007,90082
"syc","Seychelles",2008,90450
"syc","Seychelles",2009,90788
"syc","Seychelles",2010,91273
"syc","Seychelles",2011,91882
"syc","Seychelles",2012,92608
"syc","Seychelles",2013,93397
"syc","Seychelles",2014,94214
"syc","Seychelles",2015,94981
"syc","Seychelles",2016,95711
"syc","Seychelles",2017,96418
"syc","Seychelles",2018,97094
"syc","Seychelles",2019,97741
"syc","Seychelles",2020,98340
"sle","Sierra Leone",2000,4584570
"sle","Sierra Leone",2001,4754069
"sle","Sierra Leone",2002,4965770
"sle","Sierra Leone",2003,5201074
"sle","Sierra Leone",2004,5433995
"sle","Sierra Leone",2005,5645629
"sle","Sierra Leone",2006,5829240
"sle","Sierra Leone",2007,5989641
"sle","Sierra Leone",2008,6133599
"sle","Sierra Leone",2009,6272735
"sle","Sierra Leone",2010,6415636
"sle","Sierra Leone",2011,6563238
"sle","Sierra Leone",2012,6712586
"sle","Sierra Leone",2013,6863975
"sle","Sierra Leone",2014,7017153
"sle","Sierra Leone",2015,7171909
"sle","Sierra Leone",2016,7328846
"sle","Sierra Leone",2017,7488427
"sle","Sierra Leone",2018,7650149
"sle","Sierra Leone",2019,7813207
"sle","Sierra Leone",2020,7976985
"sgp","Singapore",2000,4028872
"sgp","Singapore",2001,4077150
"sgp","Singapore",2002,4104407
"sgp","Singapore",2003,4129227
"sgp","Singapore",2004,4177202
"sgp","Singapore",2005,4265693
"sgp","Singapore",2006,4402324
"sgp","Singapore",2007,4578629
"sgp","Singapore",2008,4775810
"sgp","Singapore",2009,4966614
"sgp","Singapore",2010,5131170
"sgp","Singapore",2011,5263640
"sgp","Singapore",2012,5369469
"sgp","Singapore",2013,5453732
"sgp","Singapore",2014,5525628
"sgp","Singapore",2015,5592143
"sgp","Singapore",2016,5653625
"sgp","Singapore",2017,5708042
"sgp","Singapore",2018,5757503
"sgp","Singapore",2019,5804343
"sgp","Singapore",2020,5850343
"svk","Slovak Republic",2000,5399207
"svk","Slovak Republic",2001,5399995
"svk","Slovak Republic",2002,5400124
"svk","Slovak Republic",2003,5399844
"svk","Slovak Republic",2004,5399374
"svk","Slovak Republic",2005,5398962
"svk","Slovak Republic",2006,5398674
"svk","Slovak Republic",2007,5398693
"svk","Slovak Republic",2008,5399362
"svk","Slovak Republic",2009,5401149
"svk","Slovak Republic",2010,5404293
"svk","Slovak Republic",2011,5408932
"svk","Slovak Republic",2012,5414894
"svk","Slovak Republic",2013,5421721
"svk","Slovak Republic",2014,5428798
"svk","Slovak Republic",2015,5435614
"svk","Slovak Republic",2016,5442001
"svk","Slovak Republic",2017,5447903
"svk","Slovak Republic",2018,5453017
"svk","Slovak Republic",2019,5457012
"svk","Slovak Republic",2020,5459643
"svn","Slovenia",2000,1987710
"svn","Slovenia",2001,1987457
"svn","Slovenia",2002,1987265
"svn","Slovenia",2003,1987855
"svn","Slovenia",2004,1990226
"svn","Slovenia",2005,1994979
"svn","Slovenia",2006,2002427
"svn","Slovenia",2007,2012128
"svn","Slovenia",2008,2023049
"svn","Slovenia",2009,2033807
"svn","Slovenia",2010,2043336
"svn","Slovenia",2011,2051278
"svn","Slovenia",2012,2057826
"svn","Slovenia",2013,2063120
"svn","Slovenia",2014,2067488
"svn","Slovenia",2015,2071199
"svn","Slovenia",2016,2074205
"svn","Slovenia",2017,2076395
"svn","Slovenia",2018,2077836
"svn","Slovenia",2019,2078654
"svn","Slovenia",2020,2078932
"slb","Solomon Islands",2000,412665
"slb","Solomon Islands",2001,423949
"slb","Solomon Islands",2002,435434
"slb","Solomon Islands",2003,447016
"slb","Solomon Islands",2004,458549
"slb","Solomon Islands",2005,469918
"slb","Solomon Islands",2006,481086
"slb","Solomon Islands",2007,492133
"slb","Solomon Islands",2008,503366
"slb","Solomon Islands",2009,515182
"slb","Solomon Islands",2010,527861
"slb","Solomon Islands",2011,541522
"slb","Solomon Islands",2012,556066
"slb","Solomon Islands",2013,571329
"slb","Solomon Islands",2014,587079
"slb","Solomon Islands",2015,603133
"slb","Solomon Islands",2016,619438
"slb","Solomon Islands",2017,636030
"slb","Solomon Islands",2018,652856
"slb","Solomon Islands",2019,669821
"slb","Solomon Islands",2020,686878
"som","Somalia",2000,8872250
"som","Somalia",2001,9186719
"som","Somalia",2002,9501335
"som","Somalia",2003,9815412
"som","Somalia",2004,10130251
"som","Somalia",2005,10446856
"som","Somalia",2006,10763904
"som","Somalia",2007,11080122
"som","Somalia",2008,11397188
"som","Somalia",2009,11717691
"som","Somalia",2010,12043886
"som","Somalia",2011,12376305
"som","Somalia",2012,12715487
"som","Somalia",2013,13063711
"som","Somalia",2014,13423571
"som","Somalia",2015,13797204
"som","Somalia",2016,14185635
"som","Somalia",2017,14589165
"som","Somalia",2018,15008225
"som","Somalia",2019,15442906
"som","Somalia",2020,15893219
"zaf","South Africa",2000,44967713
"zaf","South Africa",2001,45571272
"zaf","South Africa",2002,46150913
"zaf","South Africa",2003,46719203
"zaf","South Africa",2004,47291610
"zaf","South Africa",2005,47880595
"zaf","South Africa",2006,48489464
"zaf","South Africa",2007,49119766
"zaf","South Africa",2008,49779472
"zaf","South Africa",2009,50477013
"zaf","South Africa",2010,51216967
"zaf","South Africa",2011,52003759
"zaf","South Africa",2012,52832659
"zaf","South Africa",2013,53687125
"zaf","South Africa",2014,54544184
"zaf","South Africa",2015,55386369
"zaf","South Africa",2016,56207649
"zaf","South Africa",2017,57009751
"zaf","South Africa",2018,57792520
"zaf","South Africa",2019,58558267
"zaf","South Africa",2020,59308690
"ssd","South Sudan",2000,6199396
"ssd","South Sudan",2001,6447791
"ssd","South Sudan",2002,6688225
"ssd","South Sudan",2003,6935665
"ssd","South Sudan",2004,7213354
"ssd","South Sudan",2005,7535931
"ssd","South Sudan",2006,7907407
"ssd","South Sudan",2007,8315144
"ssd","South Sudan",2008,8736932
"ssd","South Sudan",2009,9142258
"ssd","South Sudan",2010,9508372
"ssd","South Sudan",2011,9830695
"ssd","South Sudan",2012,10113648
"ssd","South Sudan",2013,10355030
"ssd","South Sudan",2014,10554882
"ssd","South Sudan",2015,10715657
"ssd","South Sudan",2016,10832520
"ssd","South Sudan",2017,10910774
"ssd","South Sudan",2018,10975924
"ssd","South Sudan",2019,11062114
"ssd","South Sudan",2020,11193729
"esp","Spain",2000,40824745
"esp","Spain",2001,41319431
"esp","Spain",2002,41919593
"esp","Spain",2003,42596455
"esp","Spain",2004,43308345
"esp","Spain",2005,44019118
"esp","Spain",2006,44728561
"esp","Spain",2007,45429071
"esp","Spain",2008,46068811
"esp","Spain",2009,46583566
"esp","Spain",2010,46931011
"esp","Spain",2011,47084242
"esp","Spain",2012,47063059
"esp","Spain",2013,46930554
"esp","Spain",2014,46777927
"esp","Spain",2015,46671919
"esp","Spain",2016,46634131
"esp","Spain",2017,46647425
"esp","Spain",2018,46692863
"esp","Spain",2019,46736782
"esp","Spain",2020,46754783
"lka","Sri Lanka",2000,18777606
"lka","Sri Lanka",2001,18911727
"lka","Sri Lanka",2002,19062476
"lka","Sri Lanka",2003,19224036
"lka","Sri Lanka",2004,19387153
"lka","Sri Lanka",2005,19544988
"lka","Sri Lanka",2006,19695977
"lka","Sri Lanka",2007,19842044
"lka","Sri Lanka",2008,19983984
"lka","Sri Lanka",2009,20123508
"lka","Sri Lanka",2010,20261738
"lka","Sri Lanka",2011,20398496
"lka","Sri Lanka",2012,20532599
"lka","Sri Lanka",2013,20663053
"lka","Sri Lanka",2014,20788512
"lka","Sri Lanka",2015,20908024
"lka","Sri Lanka",2016,21021177
"lka","Sri Lanka",2017,21128028
"lka","Sri Lanka",2018,21228760
"lka","Sri Lanka",2019,21323734
"lka","Sri Lanka",2020,21413250
"sdn","Sudan",2000,27275019
"sdn","Sudan",2001,27971077
"sdn","Sudan",2002,28704786
"sdn","Sudan",2003,29460517
"sdn","Sudan",2004,30214189
"sdn","Sudan",2005,30949514
"sdn","Sudan",2006,31661824
"sdn","Sudan",2007,32360619
"sdn","Sudan",2008,33060844
"sdn","Sudan",2009,33783779
"sdn","Sudan",2010,34545014
"sdn","Sudan",2011,35349676
"sdn","Sudan",2012,36193781
"sdn","Sudan",2013,37072555
"sdn","Sudan",2014,37977657
"sdn","Sudan",2015,38902948
"sdn","Sudan",2016,39847433
"sdn","Sudan",2017,40813398
"sdn","Sudan",2018,41801532
"sdn","Sudan",2019,42813237
"sdn","Sudan",2020,43849269
"sur","Suriname",2000,470944
"sur","Suriname",2001,476574
"sur","Suriname",2002,482228
"sur","Suriname",2003,487938
"sur","Suriname",2004,493680
"sur","Suriname",2005,499461
"sur","Suriname",2006,505292
"sur","Suriname",2007,511181
"sur","Suriname",2008,517122
"sur","Suriname",2009,523113
"sur","Suriname",2010,529126
"sur","Suriname",2011,535177
"sur","Suriname",2012,541247
"sur","Suriname",2013,547295
"sur","Suriname",2014,553278
"sur","Suriname",2015,559136
"sur","Suriname",2016,564883
"sur","Suriname",2017,570501
"sur","Suriname",2018,575987
"sur","Suriname",2019,581363
"sur","Suriname",2020,586634
"swz","Swaziland",2000,1005432
"swz","Swaziland",2001,1013608
"swz","Swaziland",2002,1019054
"swz","Swaziland",2003,1022796
"swz","Swaziland",2004,1026287
"swz","Swaziland",2005,1030575
"swz","Swaziland",2006,1036095
"swz","Swaziland",2007,1042651
"swz","Swaziland",2008,1049948
"swz","Swaziland",2009,1057462
"swz","Swaziland",2010,1064841
"swz","Swaziland",2011,1072029
"swz","Swaziland",2012,1079285
"swz","Swaziland",2013,1086843
"swz","Swaziland",2014,1095022
"swz","Swaziland",2015,1104038
"swz","Swaziland",2016,1113994
"swz","Swaziland",2017,1124808
"swz","Swaziland",2018,1136274
"swz","Swaziland",2019,1148133
"swz","Swaziland",2020,1160164
"swe","Sweden",2000,8881642
"swe","Sweden",2001,8897802
"swe","Sweden",2002,8920703
"swe","Sweden",2003,8951439
"swe","Sweden",2004,8990653
"swe","Sweden",2005,9038627
"swe","Sweden",2006,9096170
"swe","Sweden",2007,9162941
"swe","Sweden",2008,9236433
"swe","Sweden",2009,9313085
"swe","Sweden",2010,9390157
"swe","Sweden",2011,9466705
"swe","Sweden",2012,9542817
"swe","Sweden",2013,9618016
"swe","Sweden",2014,9692137
"swe","Sweden",2015,9764949
"swe","Sweden",2016,9836003
"swe","Sweden",2017,9904895
"swe","Sweden",2018,9971630
"swe","Sweden",2019,10036391
"swe","Sweden",2020,10099270
"che","Switzerland",2000,7143764
"che","Switzerland",2001,7179174
"che","Switzerland",2002,7220378
"che","Switzerland",2003,7268363
"che","Switzerland",2004,7323728
"che","Switzerland",2005,7386818
"che","Switzerland",2006,7457961
"che","Switzerland",2007,7536986
"che","Switzerland",2008,7622826
"che","Switzerland",2009,7713902
"che","Switzerland",2010,7808674
"che","Switzerland",2011,7906988
"che","Switzerland",2012,8008006
"che","Switzerland",2013,8108876
"che","Switzerland",2014,8206003
"che","Switzerland",2015,8296775
"che","Switzerland",2016,8379915
"che","Switzerland",2017,8455797
"che","Switzerland",2018,8525614
"che","Switzerland",2019,8591361
"che","Switzerland",2020,8654618
"syr","Syria",2000,16410847
"syr","Syria",2001,16766555
"syr","Syria",2002,17084628
"syr","Syria",2003,17415214
"syr","Syria",2004,17827827
"syr","Syria",2005,18361178
"syr","Syria",2006,19059257
"syr","Syria",2007,19878257
"syr","Syria",2008,20664037
"syr","Syria",2009,21205873
"syr","Syria",2010,21362541
"syr","Syria",2011,21081814
"syr","Syria",2012,20438861
"syr","Syria",2013,19578466
"syr","Syria",2014,18710711
"syr","Syria",2015,17997411
"syr","Syria",2016,17465567
"syr","Syria",2017,17095669
"syr","Syria",2018,16945062
"syr","Syria",2019,17070132
"syr","Syria",2020,17500657
"twn","Taiwan",2000,21966528
"twn","Taiwan",2001,22108715
"twn","Taiwan",2002,22262297
"twn","Taiwan",2003,22419785
"twn","Taiwan",2004,22570229
"twn","Taiwan",2005,22705719
"twn","Taiwan",2006,22823846
"twn","Taiwan",2007,22927222
"twn","Taiwan",2008,23019042
"twn","Taiwan",2009,23104542
"twn","Taiwan",2010,23187556
"twn","Taiwan",2011,23268760
"twn","Taiwan",2012,23346898
"twn","Taiwan",2013,23421582
"twn","Taiwan",2014,23491976
"twn","Taiwan",2015,23557473
"twn","Taiwan",2016,23618201
"twn","Taiwan",2017,23674546
"twn","Taiwan",2018,23726460
"twn","Taiwan",2019,23773881
"twn","Taiwan",2020,23816775
"tjk","Tajikistan",2000,6216329
"tjk","Tajikistan",2001,6318510
"tjk","Tajikistan",2002,6426861
"tjk","Tajikistan",2003,6541550
"tjk","Tajikistan",2004,6662391
"tjk","Tajikistan",2005,6789318
"tjk","Tajikistan",2006,6922590
"tjk","Tajikistan",2007,7062667
"tjk","Tajikistan",2008,7209924
"tjk","Tajikistan",2009,7364752
"tjk","Tajikistan",2010,7527397
"tjk","Tajikistan",2011,7697507
"tjk","Tajikistan",2012,7874838
"tjk","Tajikistan",2013,8059782
"tjk","Tajikistan",2014,8252828
"tjk","Tajikistan",2015,8454019
"tjk","Tajikistan",2016,8663575
"tjk","Tajikistan",2017,8880270
"tjk","Tajikistan",2018,9100847
"tjk","Tajikistan",2019,9321023
"tjk","Tajikistan",2020,9537642
"tza","Tanzania",2000,33499177
"tza","Tanzania",2001,34385849
"tza","Tanzania",2002,35334790
"tza","Tanzania",2003,36337778
"tza","Tanzania",2004,37379766
"tza","Tanzania",2005,38450323
"tza","Tanzania",2006,39548666
"tza","Tanzania",2007,40681416
"tza","Tanzania",2008,41853944
"tza","Tanzania",2009,43073830
"tza","Tanzania",2010,44346532
"tza","Tanzania",2011,45673520
"tza","Tanzania",2012,47053033
"tza","Tanzania",2013,48483132
"tza","Tanzania",2014,49960563
"tza","Tanzania",2015,51482638
"tza","Tanzania",2016,53049231
"tza","Tanzania",2017,54660345
"tza","Tanzania",2018,56313444
"tza","Tanzania",2019,58005461
"tza","Tanzania",2020,59734213
"tha","Thailand",2000,62952639
"tha","Thailand",2001,63539190
"tha","Thailand",2002,64069093
"tha","Thailand",2003,64549867
"tha","Thailand",2004,64995303
"tha","Thailand",2005,65416189
"tha","Thailand",2006,65812540
"tha","Thailand",2007,66182064
"tha","Thailand",2008,66530980
"tha","Thailand",2009,66866834
"tha","Thailand",2010,67195032
"tha","Thailand",2011,67518379
"tha","Thailand",2012,67835969
"tha","Thailand",2013,68144519
"tha","Thailand",2014,68438748
"tha","Thailand",2015,68714519
"tha","Thailand",2016,68971313
"tha","Thailand",2017,69209817
"tha","Thailand",2018,69428454
"tha","Thailand",2019,69625581
"tha","Thailand",2020,69799978
"tls","Timor-Leste",2000,884366
"tls","Timor-Leste",2001,901214
"tls","Timor-Leste",2002,922699
"tls","Timor-Leste",2003,947110
"tls","Timor-Leste",2004,971889
"tls","Timor-Leste",2005,995130
"tls","Timor-Leste",2006,1016437
"tls","Timor-Leste",2007,1036388
"tls","Timor-Leste",2008,1055428
"tls","Timor-Leste",2009,1074286
"tls","Timor-Leste",2010,1093517
"tls","Timor-Leste",2011,1113154
"tls","Timor-Leste",2012,1133002
"tls","Timor-Leste",2013,1153288
"tls","Timor-Leste",2014,1174333
"tls","Timor-Leste",2015,1196294
"tls","Timor-Leste",2016,1219289
"tls","Timor-Leste",2017,1243260
"tls","Timor-Leste",2018,1267975
"tls","Timor-Leste",2019,1293120
"tls","Timor-Leste",2020,1318442
"tgo","Togo",2000,4924406
"tgo","Togo",2001,5062571
"tgo","Togo",2002,5197040
"tgo","Togo",2003,5330629
"tgo","Togo",2004,5467770
"tgo","Togo",2005,5611643
"tgo","Togo",2006,5762881
"tgo","Togo",2007,5920360
"tgo","Togo",2008,6083417
"tgo","Togo",2009,6250840
"tgo","Togo",2010,6421674
"tgo","Togo",2011,6595939
"tgo","Togo",2012,6773807
"tgo","Togo",2013,6954721
"tgo","Togo",2014,7137997
"tgo","Togo",2015,7323162
"tgo","Togo",2016,7509952
"tgo","Togo",2017,7698476
"tgo","Togo",2018,7889095
"tgo","Togo",2019,8082359
"tgo","Togo",2020,8278737
"ton","Tonga",2000,97962
"ton","Tonga",2001,98482
"ton","Tonga",2002,99023
"ton","Tonga",2003,99591
"ton","Tonga",2004,100214
"ton","Tonga",2005,100908
"ton","Tonga",2006,101714
"ton","Tonga",2007,102577
"ton","Tonga",2008,103384
"ton","Tonga",2009,103897
"ton","Tonga",2010,103981
"ton","Tonga",2011,103558
"ton","Tonga",2012,102736
"ton","Tonga",2013,101768
"ton","Tonga",2014,101023
"ton","Tonga",2015,100780
"ton","Tonga",2016,101143
"ton","Tonga",2017,102002
"ton","Tonga",2018,103199
"ton","Tonga",2019,104497
"ton","Tonga",2020,105697
"tto","Trinidad and Tobago",2000,1267159
"tto","Trinidad and Tobago",2001,1271627
"tto","Trinidad and Tobago",2002,1277210
"tto","Trinidad and Tobago",2003,1283564
"tto","Trinidad and Tobago",2004,1290115
"tto","Trinidad and Tobago",2005,1296497
"tto","Trinidad and Tobago",2006,1302552
"tto","Trinidad and Tobago",2007,1308450
"tto","Trinidad and Tobago",2008,1314449
"tto","Trinidad and Tobago",2009,1320921
"tto","Trinidad and Tobago",2010,1328144
"tto","Trinidad and Tobago",2011,1336180
"tto","Trinidad and Tobago",2012,1344814
"tto","Trinidad and Tobago",2013,1353708
"tto","Trinidad and Tobago",2014,1362337
"tto","Trinidad and Tobago",2015,1370332
"tto","Trinidad and Tobago",2016,1377563
"tto","Trinidad and Tobago",2017,1384060
"tto","Trinidad and Tobago",2018,1389841
"tto","Trinidad and Tobago",2019,1394969
"tto","Trinidad and Tobago",2020,1399491
"tun","Tunisia",2000,9708347
"tun","Tunisia",2001,9793915
"tun","Tunisia",2002,9871261
"tun","Tunisia",2003,9945282
"tun","Tunisia",2004,10022278
"tun","Tunisia",2005,10106778
"tun","Tunisia",2006,10201211
"tun","Tunisia",2007,10304729
"tun","Tunisia",2008,10414425
"tun","Tunisia",2009,10525691
"tun","Tunisia",2010,10635245
"tun","Tunisia",2011,10741872
"tun","Tunisia",2012,10846993
"tun","Tunisia",2013,10952949
"tun","Tunisia",2014,11063195
"tun","Tunisia",2015,11179951
"tun","Tunisia",2016,11303942
"tun","Tunisia",2017,11433438
"tun","Tunisia",2018,11565203
"tun","Tunisia",2019,11694721
"tun","Tunisia",2020,11818618
"tur","Turkey",2000,63240196
"tur","Turkey",2001,64192243
"tur","Turkey",2002,65145357
"tur","Turkey",2003,66089402
"tur","Turkey",2004,67010930
"tur","Turkey",2005,67903461
"tur","Turkey",2006,68756809
"tur","Turkey",2007,69581854
"tur","Turkey",2008,70418612
"tur","Turkey",2009,71321406
"tur","Turkey",2010,72326992
"tur","Turkey",2011,73443254
"tur","Turkey",2012,74651046
"tur","Turkey",2013,75925454
"tur","Turkey",2014,77229262
"tur","Turkey",2015,78529413
"tur","Turkey",2016,79827868
"tur","Turkey",2017,81116451
"tur","Turkey",2018,82340090
"tur","Turkey",2019,83429607
"tur","Turkey",2020,84339067
"tkm","Turkmenistan",2000,4516128
"tkm","Turkmenistan",2001,4564087
"tkm","Turkmenistan",2002,4610018
"tkm","Turkmenistan",2003,4655752
"tkm","Turkmenistan",2004,4703396
"tkm","Turkmenistan",2005,4754652
"tkm","Turkmenistan",2006,4810114
"tkm","Turkmenistan",2007,4870142
"tkm","Turkmenistan",2008,4935765
"tkm","Turkmenistan",2009,5007953
"tkm","Turkmenistan",2010,5087211
"tkm","Turkmenistan",2011,5174076
"tkm","Turkmenistan",2012,5267906
"tkm","Turkmenistan",2013,5366376
"tkm","Turkmenistan",2014,5466324
"tkm","Turkmenistan",2015,5565283
"tkm","Turkmenistan",2016,5662371
"tkm","Turkmenistan",2017,5757667
"tkm","Turkmenistan",2018,5850902
"tkm","Turkmenistan",2019,5942094
"tkm","Turkmenistan",2020,6031187
"tuv","Tuvalu",2000,9392
"tuv","Tuvalu",2001,9478
"tuv","Tuvalu",2002,9593
"tuv","Tuvalu",2003,9724
"tuv","Tuvalu",2004,9871
"tuv","Tuvalu",2005,9997
"tuv","Tuvalu",2006,10118
"tuv","Tuvalu",2007,10219
"tuv","Tuvalu",2008,10315
"tuv","Tuvalu",2009,10413
"tuv","Tuvalu",2010,10521
"tuv","Tuvalu",2011,10626
"tuv","Tuvalu",2012,10744
"tuv","Tuvalu",2013,10849
"tuv","Tuvalu",2014,10973
"tuv","Tuvalu",2015,11099
"tuv","Tuvalu",2016,11232
"tuv","Tuvalu",2017,11365
"tuv","Tuvalu",2018,11505
"tuv","Tuvalu",2019,11655
"tuv","Tuvalu",2020,11792
"uga","Uganda",2000,23650159
"uga","Uganda",2001,24388974
"uga","Uganda",2002,25167261
"uga","Uganda",2003,25980547
"uga","Uganda",2004,26821300
"uga","Uganda",2005,27684590
"uga","Uganda",2006,28571475
"uga","Uganda",2007,29486335
"uga","Uganda",2008,30431734
"uga","Uganda",2009,31411096
"uga","Uganda",2010,32428164
"uga","Uganda",2011,33476772
"uga","Uganda",2012,34558700
"uga","Uganda",2013,35694519
"uga","Uganda",2014,36911530
"uga","Uganda",2015,38225447
"uga","Uganda",2016,39649173
"uga","Uganda",2017,41166588
"uga","Uganda",2018,42729032
"uga","Uganda",2019,44269587
"uga","Uganda",2020,45741000
"ukr","Ukraine",2000,48838058
"ukr","Ukraine",2001,48401648
"ukr","Ukraine",2002,47980033
"ukr","Ukraine",2003,47582463
"ukr","Ukraine",2004,47217489
"ukr","Ukraine",2005,46890775
"ukr","Ukraine",2006,46607397
"ukr","Ukraine",2007,46366347
"ukr","Ukraine",2008,46158709
"ukr","Ukraine",2009,45970942
"ukr","Ukraine",2010,45792086
"ukr","Ukraine",2011,45619850
"ukr","Ukraine",2012,45453805
"ukr","Ukraine",2013,45286988
"ukr","Ukraine",2014,45111530
"ukr","Ukraine",2015,44921636
"ukr","Ukraine",2016,44713708
"ukr","Ukraine",2017,44487708
"ukr","Ukraine",2018,44246158
"ukr","Ukraine",2019,43993643
"ukr","Ukraine",2020,43733759
"are","United Arab Emirates",2000,3134067
"are","United Arab Emirates",2001,3302722
"are","United Arab Emirates",2002,3478769
"are","United Arab Emirates",2003,3711931
"are","United Arab Emirates",2004,4068577
"are","United Arab Emirates",2005,4588222
"are","United Arab Emirates",2006,5300172
"are","United Arab Emirates",2007,6168846
"are","United Arab Emirates",2008,7089486
"are","United Arab Emirates",2009,7917368
"are","United Arab Emirates",2010,8549998
"are","United Arab Emirates",2011,8946778
"are","United Arab Emirates",2012,9141598
"are","United Arab Emirates",2013,9197908
"are","United Arab Emirates",2014,9214182
"are","United Arab Emirates",2015,9262896
"are","United Arab Emirates",2016,9360975
"are","United Arab Emirates",2017,9487206
"are","United Arab Emirates",2018,9630966
"are","United Arab Emirates",2019,9770526
"are","United Arab Emirates",2020,9890400
"gbr","United Kingdom",2000,58923305
"gbr","United Kingdom",2001,59124277
"gbr","United Kingdom",2002,59326294
"gbr","United Kingdom",2003,59561429
"gbr","United Kingdom",2004,59872760
"gbr","United Kingdom",2005,60287953
"gbr","United Kingdom",2006,60821349
"gbr","United Kingdom",2007,61455154
"gbr","United Kingdom",2008,62145098
"gbr","United Kingdom",2009,62828620
"gbr","United Kingdom",2010,63459801
"gbr","United Kingdom",2011,64021922
"gbr","United Kingdom",2012,64525300
"gbr","United Kingdom",2013,64984015
"gbr","United Kingdom",2014,65423048
"gbr","United Kingdom",2015,65860149
"gbr","United Kingdom",2016,66297944
"gbr","United Kingdom",2017,66727463
"gbr","United Kingdom",2018,67141678
"gbr","United Kingdom",2019,67530161
"gbr","United Kingdom",2020,67886004
"usa","United States",2000,281710914
"usa","United States",2001,284607992
"usa","United States",2002,287279312
"usa","United States",2003,289815567
"usa","United States",2004,292354663
"usa","United States",2005,294993509
"usa","United States",2006,297758977
"usa","United States",2007,300608425
"usa","United States",2008,303486022
"usa","United States",2009,306307565
"usa","United States",2010,309011469
"usa","United States",2011,311584051
"usa","United States",2012,314043885
"usa","United States",2013,316400539
"usa","United States",2014,318673422
"usa","United States",2015,320878312
"usa","United States",2016,323015992
"usa","United States",2017,325084758
"usa","United States",2018,327096263
"usa","United States",2019,329064917
"usa","United States",2020,331002647
"ury","Uruguay",2000,3319734
"ury","Uruguay",2001,3325471
"ury","Uruguay",2002,3326046
"ury","Uruguay",2003,3323661
"ury","Uruguay",2004,3321486
"ury","Uruguay",2005,3321799
"ury","Uruguay",2006,3325403
"ury","Uruguay",2007,3331753
"ury","Uruguay",2008,3340221
"ury","Uruguay",2009,3349676
"ury","Uruguay",2010,3359273
"ury","Uruguay",2011,3368926
"ury","Uruguay",2012,3378975
"ury","Uruguay",2013,3389436
"ury","Uruguay",2014,3400439
"ury","Uruguay",2015,3412013
"ury","Uruguay",2016,3424139
"ury","Uruguay",2017,3436645
"ury","Uruguay",2018,3449290
"ury","Uruguay",2019,3461731
"ury","Uruguay",2020,3473727
"uzb","Uzbekistan",2000,24769955
"uzb","Uzbekistan",2001,25108554
"uzb","Uzbekistan",2002,25431116
"uzb","Uzbekistan",2003,25749109
"uzb","Uzbekistan",2004,26077614
"uzb","Uzbekistan",2005,26427785
"uzb","Uzbekistan",2006,26804067
"uzb","Uzbekistan",2007,27204711
"uzb","Uzbekistan",2008,27626981
"uzb","Uzbekistan",2009,28065469
"uzb","Uzbekistan",2010,28515908
"uzb","Uzbekistan",2011,28977006
"uzb","Uzbekistan",2012,29449415
"uzb","Uzbekistan",2013,29932630
"uzb","Uzbekistan",2014,30426394
"uzb","Uzbekistan",2015,30929556
"uzb","Uzbekistan",2016,31441753
"uzb","Uzbekistan",2017,31959774
"uzb","Uzbekistan",2018,32476232
"uzb","Uzbekistan",2019,32981715
"uzb","Uzbekistan",2020,33469199
"vut","Vanuatu",2000,184964
"vut","Vanuatu",2001,189209
"vut","Vanuatu",2002,193927
"vut","Vanuatu",2003,198960
"vut","Vanuatu",2004,204123
"vut","Vanuatu",2005,209282
"vut","Vanuatu",2006,214379
"vut","Vanuatu",2007,219464
"vut","Vanuatu",2008,224700
"vut","Vanuatu",2009,230244
"vut","Vanuatu",2010,236216
"vut","Vanuatu",2011,242658
"vut","Vanuatu",2012,249505
"vut","Vanuatu",2013,256637
"vut","Vanuatu",2014,263888
"vut","Vanuatu",2015,271128
"vut","Vanuatu",2016,278326
"vut","Vanuatu",2017,285499
"vut","Vanuatu",2018,292675
"vut","Vanuatu",2019,299882
"vut","Vanuatu",2020,307150
"ven","Venezuela",2000,24192449
"ven","Venezuela",2001,24646471
"ven","Venezuela",2002,25100407
"ven","Venezuela",2003,25551624
"ven","Venezuela",2004,25996594
"ven","Venezuela",2005,26432445
"ven","Venezuela",2006,26850190
"ven","Venezuela",2007,27247601
"ven","Venezuela",2008,27635827
"ven","Venezuela",2009,28031010
"ven","Venezuela",2010,28439942
"ven","Venezuela",2011,28887873
"ven","Venezuela",2012,29360827
"ven","Venezuela",2013,29781046
"ven","Venezuela",2014,30042973
"ven","Venezuela",2015,30081827
"ven","Venezuela",2016,29851249
"ven","Venezuela",2017,29402480
"ven","Venezuela",2018,28887117
"ven","Venezuela",2019,28515829
"ven","Venezuela",2020,28435943
"vnm","Vietnam",2000,79910411
"vnm","Vietnam",2001,80742500
"vnm","Vietnam",2002,81534406
"vnm","Vietnam",2003,82301650
"vnm","Vietnam",2004,83062819
"vnm","Vietnam",2005,83832662
"vnm","Vietnam",2006,84617545
"vnm","Vietnam",2007,85419588
"vnm","Vietnam",2008,86243424
"vnm","Vietnam",2009,87092250
"vnm","Vietnam",2010,87967655
"vnm","Vietnam",2011,88871384
"vnm","Vietnam",2012,89801926
"vnm","Vietnam",2013,90752593
"vnm","Vietnam",2014,91713850
"vnm","Vietnam",2015,92677082
"vnm","Vietnam",2016,93640435
"vnm","Vietnam",2017,94600643
"vnm","Vietnam",2018,95545959
"vnm","Vietnam",2019,96462108
"vnm","Vietnam",2020,97338583
"pse","Palestine",2000,3224009
"pse","Palestine",2001,3309908
"pse","Palestine",2002,3380161
"pse","Palestine",2003,3441868
"pse","Palestine",2004,3505320
"pse","Palestine",2005,3577956
"pse","Palestine",2006,3662421
"pse","Palestine",2007,3756459
"pse","Palestine",2008,3856692
"pse","Palestine",2009,3957684
"pse","Palestine",2010,4055632
"pse","Palestine",2011,4149654
"pse","Palestine",2012,4241572
"pse","Palestine",2013,4333521
"pse","Palestine",2014,4428634
"pse","Palestine",2015,4529160
"pse","Palestine",2016,4635644
"pse","Palestine",2017,4747233
"pse","Palestine",2018,4862978
"pse","Palestine",2019,4981422
"pse","Palestine",2020,5101416
"yem","Yemen",2000,17409071
"yem","Yemen",2001,17918369
"yem","Yemen",2002,18443684
"yem","Yemen",2003,18985001
"yem","Yemen",2004,19540096
"yem","Yemen",2005,20107416
"yem","Yemen",2006,20687648
"yem","Yemen",2007,21282514
"yem","Yemen",2008,21892149
"yem","Yemen",2009,22516464
"yem","Yemen",2010,23154854
"yem","Yemen",2011,23807586
"yem","Yemen",2012,24473176
"yem","Yemen",2013,25147112
"yem","Yemen",2014,25823488
"yem","Yemen",2015,26497881
"yem","Yemen",2016,27168210
"yem","Yemen",2017,27834811
"yem","Yemen",2018,28498683
"yem","Yemen",2019,29161922
"yem","Yemen",2020,29825968
"zmb","Zambia",2000,10415942
"zmb","Zambia",2001,10692197
"zmb","Zambia",2002,10971704
"zmb","Zambia",2003,11256740
"zmb","Zambia",2004,11550641
"zmb","Zambia",2005,11856244
"zmb","Zambia",2006,12173518
"zmb","Zambia",2007,12502958
"zmb","Zambia",2008,12848531
"zmb","Zambia",2009,13215142
"zmb","Zambia",2010,13605986
"zmb","Zambia",2011,14023199
"zmb","Zambia",2012,14465148
"zmb","Zambia",2013,14926551
"zmb","Zambia",2014,15399793
"zmb","Zambia",2015,15879370
"zmb","Zambia",2016,16363449
"zmb","Zambia",2017,16853608
"zmb","Zambia",2018,17351714
"zmb","Zambia",2019,17861034
"zmb","Zambia",2020,18383956
"zwe","Zimbabwe",2000,11881482
"zwe","Zimbabwe",2001,11923906
"zwe","Zimbabwe",2002,11954293
"zwe","Zimbabwe",2003,11982219
"zwe","Zimbabwe",2004,12019911
"zwe","Zimbabwe",2005,12076697
"zwe","Zimbabwe",2006,12155496
"zwe","Zimbabwe",2007,12255920
"zwe","Zimbabwe",2008,12379553
"zwe","Zimbabwe",2009,12526964
"zwe","Zimbabwe",2010,12697728
"zwe","Zimbabwe",2011,12894323
"zwe","Zimbabwe",2012,13115149
"zwe","Zimbabwe",2013,13350378
"zwe","Zimbabwe",2014,13586710
"zwe","Zimbabwe",2015,13814642
"zwe","Zimbabwe",2016,14030338
"zwe","Zimbabwe",2017,14236599
"zwe","Zimbabwe",2018,14438812
"zwe","Zimbabwe",2019,14645473
"zwe","Zimbabwe",2020,14862927
